path	git_blob_sha	size_bytes	category	license_state
animations/ban.tgs	1ac1aaa8a493a99160d772a7739224a08435cc68	2283	animations	NO-RESOURCE-LOCAL-LICENSE-EVIDENCE
animations/blocked_peers_empty.tgs	02d5a9de67de927829f9825f7312404d4e2ad13f	53774	animations	NO-RESOURCE-LOCAL-LICENSE-EVIDENCE
animations/cake.tgs	2d49c2066dcb624fc0f8f785594cf59cfcd3b2c1	19679	animations	NO-RESOURCE-LOCAL-LICENSE-EVIDENCE
animations/call_rate.tgs	eeffb8baa0fcfc406bdbe52d6ef2ef45c6528c9f	11535	animations	NO-RESOURCE-LOCAL-LICENSE-EVIDENCE
animations/camera_outline.tgs	f63db249de6cf4c324c841fca57aec23a94b886e	9844	animations	NO-RESOURCE-LOCAL-LICENSE-EVIDENCE
animations/change_number.tgs	fc113e1da591cd95237e68870d6fd10d33e62c72	12761	animations	NO-RESOURCE-LOCAL-LICENSE-EVIDENCE
animations/chat/sparkles_emoji.tgs	9a97d10b76436759791b7024d34b1d90d741f7bf	8368	animations	NO-RESOURCE-LOCAL-LICENSE-EVIDENCE
animations/chat/video_to_voice.tgs	854a6c734ce31b4a325a512c078b1737fbc7bcc7	903	animations	NO-RESOURCE-LOCAL-LICENSE-EVIDENCE
animations/chat/voice_to_video.tgs	de864f07d9cf6f0f4e150bf31b3e31e7ee54a802	914	animations	NO-RESOURCE-LOCAL-LICENSE-EVIDENCE
animations/chat/white_flag_emoji.tgs	4c7837d24e6ee8eeba0c4e2a193a4820a736b0f4	31757	animations	NO-RESOURCE-LOCAL-LICENSE-EVIDENCE
animations/chat_link.tgs	21622df3788cb21a08f7748382aad65caaf72652	28567	animations	NO-RESOURCE-LOCAL-LICENSE-EVIDENCE
animations/cleaning_cache.tgs	a488fd72d2c72ba8fb624c6fb801134c42162a03	9491	animations	NO-RESOURCE-LOCAL-LICENSE-EVIDENCE
animations/cloud_filters.tgs	3e71d25b4086c5c420c09f6373579e7775cdeeda	9372	animations	NO-RESOURCE-LOCAL-LICENSE-EVIDENCE
animations/cloud_password/email.tgs	c8aa2e7b3b5f589de20398f1ab4ea8bfc769c1be	4597	animations	NO-RESOURCE-LOCAL-LICENSE-EVIDENCE
animations/cloud_password/hint.tgs	c85dd321dfba45206a3b6d24bf46c8e0ae34182a	3696	animations	NO-RESOURCE-LOCAL-LICENSE-EVIDENCE
animations/cloud_password/intro.tgs	8538275214026a81fa8b5c21ae38528523394db1	13857	animations	NO-RESOURCE-LOCAL-LICENSE-EVIDENCE
animations/cloud_password/password_input.tgs	f16eca5adadee936af9805df17f283377f1ad055	27931	animations	NO-RESOURCE-LOCAL-LICENSE-EVIDENCE
animations/cloud_password/validate.tgs	fd5161d885486ba3a015d7792a1f06aff63f542a	15226	animations	NO-RESOURCE-LOCAL-LICENSE-EVIDENCE
animations/cocoon.tgs	9eba8213addbee4b4b0205df492ea18da948319e	2164	animations	NO-RESOURCE-LOCAL-LICENSE-EVIDENCE
animations/collectible_phone.tgs	4e7284d5f5ab8c3630c4d68d78b3497e662d2946	3228	animations	NO-RESOURCE-LOCAL-LICENSE-EVIDENCE
animations/collectible_username.tgs	f93fd6d746df32fb00594bfe9e5eef882c6b92b2	4492	animations	NO-RESOURCE-LOCAL-LICENSE-EVIDENCE
animations/craft_failed.tgs	a64ab0a7ffaf9d4e8732ee5df67086563710b4ce	6731	animations	NO-RESOURCE-LOCAL-LICENSE-EVIDENCE
animations/craft_progress.tgs	7bcdbda3b276bcefd4f27873a21295e47b26163a	2739	animations	NO-RESOURCE-LOCAL-LICENSE-EVIDENCE
animations/diamond.tgs	63d1896d9a7f14fde1bad6bf002fae9cd0f0b104	47932	animations	NO-RESOURCE-LOCAL-LICENSE-EVIDENCE
animations/dice/bball_idle.tgs	e82b626397930fa0e5b375eaf8143f9f2fb6dea4	23121	animations	NO-RESOURCE-LOCAL-LICENSE-EVIDENCE
animations/dice/dart_idle.tgs	ee3753cf7e6242e977c68b041a5525ce9003c012	8548	animations	NO-RESOURCE-LOCAL-LICENSE-EVIDENCE
animations/dice/dice_6.tgs	f151a226e7e1b364865d7452dfccac007407303c	65201	animations	NO-RESOURCE-LOCAL-LICENSE-EVIDENCE
animations/dice/dice_idle.tgs	aad33bffe1c91c36b22ec59e80be5d9dafa23ab2	3939	animations	NO-RESOURCE-LOCAL-LICENSE-EVIDENCE
animations/dice/fball_idle.tgs	b1d71e43a5dd15be7ab8b5ac945a270a2b1716ae	42220	animations	NO-RESOURCE-LOCAL-LICENSE-EVIDENCE
animations/dice/slot_0_idle.tgs	1d8a0955f1751a40a3a983f77b5f9757a2a76939	9745	animations	NO-RESOURCE-LOCAL-LICENSE-EVIDENCE
animations/dice/slot_1_idle.tgs	b6549225f778c0bc7f253fc6d49d38fc782d1665	6191	animations	NO-RESOURCE-LOCAL-LICENSE-EVIDENCE
animations/dice/slot_2_idle.tgs	c13193e81aef1e989a3931f7ba45b22c265562b9	9730	animations	NO-RESOURCE-LOCAL-LICENSE-EVIDENCE
animations/dice/slot_back.tgs	5eaa214a3ad0d8c58a4646aa1173ffeaf53745f0	1945	animations	NO-RESOURCE-LOCAL-LICENSE-EVIDENCE
animations/dice/slot_pull.tgs	478b690679a1a0e6d6a339a9cef85749bacb18d2	5484	animations	NO-RESOURCE-LOCAL-LICENSE-EVIDENCE
animations/dice/winners.tgs	d1112ecbe732edca653edd932309de28c6393ea6	14103	animations	NO-RESOURCE-LOCAL-LICENSE-EVIDENCE
animations/discussion.tgs	b513b9457af8516820cd1b3aecbd21eb250ba54e	13254	animations	NO-RESOURCE-LOCAL-LICENSE-EVIDENCE
animations/edit_peers/direct_messages.tgs	3a0806e1ae327429470389ba0ed9e1e464e1d282	7075	animations	NO-RESOURCE-LOCAL-LICENSE-EVIDENCE
animations/edit_peers/topics.tgs	a5552a4acb86a3ec730cbd662b9e8b03ea0338fd	8162	animations	NO-RESOURCE-LOCAL-LICENSE-EVIDENCE
animations/edit_peers/topics_list.tgs	d85bf7ff85b8c8d13dab2064f5bca21fba58501d	2613	animations	NO-RESOURCE-LOCAL-LICENSE-EVIDENCE
animations/edit_peers/topics_tabs.tgs	3a240b4c62e16edd0c96f7964c241498ae32e8b0	3808	animations	NO-RESOURCE-LOCAL-LICENSE-EVIDENCE
animations/filters.tgs	41b820a74dbacf1a165d1852d6608823dc98b3c4	13880	animations	NO-RESOURCE-LOCAL-LICENSE-EVIDENCE
animations/greeting.tgs	dd1ab78d28fda166f300238af72de46bf5dc1636	11908	animations	NO-RESOURCE-LOCAL-LICENSE-EVIDENCE
animations/hello_status.tgs	b48182c2c11a4c2000380d762dc0a1b7312f76ae	2322	animations	NO-RESOURCE-LOCAL-LICENSE-EVIDENCE
animations/hours.tgs	d49a48c326a452b128811d2f6ada933299029489	41195	animations	NO-RESOURCE-LOCAL-LICENSE-EVIDENCE
animations/local_passcode_enter.tgs	e46c05c6e5a5bc9beaa5771bc3e603bc44828c8f	15448	animations	NO-RESOURCE-LOCAL-LICENSE-EVIDENCE
animations/location.tgs	32ba54f16cd28f4f5143ac316b1eb66d1afbbcef	64974	animations	NO-RESOURCE-LOCAL-LICENSE-EVIDENCE
animations/media_forbidden.tgs	34e9808eea86d0f64f976d6160731521509b97a2	8962	animations	NO-RESOURCE-LOCAL-LICENSE-EVIDENCE
animations/my_gifts_empty.tgs	85393b18fe76b3d267b8fc2767a0ebf28abae17d	15856	animations	NO-RESOURCE-LOCAL-LICENSE-EVIDENCE
animations/no_chats.tgs	a30673b48a78214db91093f003aff85859e8767e	9165	animations	NO-RESOURCE-LOCAL-LICENSE-EVIDENCE
animations/noresults.tgs	62a21279fb766aa9aa25ddc077936f2f51f34031	8590	animations	NO-RESOURCE-LOCAL-LICENSE-EVIDENCE
animations/palette.tgs	cc4887f94716074a79894087d1922f6c31fb1629	65177	animations	NO-RESOURCE-LOCAL-LICENSE-EVIDENCE
animations/passkeys.tgs	62e11b25406ed300336133b1f0c5ff79718715bf	44400	animations	NO-RESOURCE-LOCAL-LICENSE-EVIDENCE
animations/phone.tgs	7541526afb0f9120bc9b77f1e4f2a6746104fb57	7835	animations	NO-RESOURCE-LOCAL-LICENSE-EVIDENCE
animations/photo_editor/arrow.tgs	9a9b65a13fef6803f6a52549b55c51d6f2e1431c	711	animations	NO-RESOURCE-LOCAL-LICENSE-EVIDENCE
animations/photo_editor/blur.tgs	3e4ca0aad8bd8693cbce7d90e8da909ff775198c	942	animations	NO-RESOURCE-LOCAL-LICENSE-EVIDENCE
animations/photo_editor/eraser.tgs	f8119d19daa34b20d78e4ee5a316cf7368743a17	987	animations	NO-RESOURCE-LOCAL-LICENSE-EVIDENCE
animations/photo_editor/marker.tgs	47bdec5e1d7a1d5884ccba97259622d229df8c6c	1056	animations	NO-RESOURCE-LOCAL-LICENSE-EVIDENCE
animations/photo_editor/pen.tgs	4c739f679a3ef88e85d249dee51ab5ae6b145cb8	930	animations	NO-RESOURCE-LOCAL-LICENSE-EVIDENCE
animations/photo_editor/text_align.tgs	e7577572eb3b56839b880b4fdef79b63892dd403	726	animations	NO-RESOURCE-LOCAL-LICENSE-EVIDENCE
animations/photo_suggest_icon.tgs	d05f5648e180a83a3ab5a9e6df37230d0a2f9320	7357	animations	NO-RESOURCE-LOCAL-LICENSE-EVIDENCE
animations/profile/profile_muting.tgs	bdae1b5f90aff1d21d50dc6264bda73c946f7e7d	1259	animations	NO-RESOURCE-LOCAL-LICENSE-EVIDENCE
animations/profile/profile_unmuting.tgs	a1dd834d6c7f79ba66100f0adcb34e8cd7f74d0b	1491	animations	NO-RESOURCE-LOCAL-LICENSE-EVIDENCE
animations/robot.tgs	0076344f4c799f30199f553d5402e5f8b8c1daf8	30782	animations	NO-RESOURCE-LOCAL-LICENSE-EVIDENCE
animations/rtmp.tgs	53917fd1a0b775a11ef1d206e6a5618328d3781e	35750	animations	NO-RESOURCE-LOCAL-LICENSE-EVIDENCE
animations/search.tgs	db635fb57e75535b8902407baef878325790f0fd	13483	animations	NO-RESOURCE-LOCAL-LICENSE-EVIDENCE
animations/settings/chat_automation.tgs	703ceb2e61ed848ca65cebb48d7560e937b36e2e	8852	animations	NO-RESOURCE-LOCAL-LICENSE-EVIDENCE
animations/show_or_premium_lastseen.tgs	1048f5806edd28cc7ba6e4990555c7cf4f4192a5	4946	animations	NO-RESOURCE-LOCAL-LICENSE-EVIDENCE
animations/show_or_premium_readtime.tgs	ac3ea3f758ea58240aeb46fd4a386c540b1b186b	9572	animations	NO-RESOURCE-LOCAL-LICENSE-EVIDENCE
animations/sleep.tgs	b766d6e438e6d7158becd5d07b24b47225d47154	38806	animations	NO-RESOURCE-LOCAL-LICENSE-EVIDENCE
animations/star_reaction/appear.tgs	e47d5492eb8b5b27037efe0f3a6fdb4c95997761	6538	animations	NO-RESOURCE-LOCAL-LICENSE-EVIDENCE
animations/star_reaction/center.tgs	61f1538549f2aa06807dbf5c7d89f2b8f15ccef6	5659	animations	NO-RESOURCE-LOCAL-LICENSE-EVIDENCE
animations/star_reaction/effect1.tgs	f31897de51b445d2be1e18d1bbdcfea0df7385a4	22618	animations	NO-RESOURCE-LOCAL-LICENSE-EVIDENCE
animations/star_reaction/effect2.tgs	2bbeb3b7adf1fbdfb47893a3e3bf9ec01bfd014c	45596	animations	NO-RESOURCE-LOCAL-LICENSE-EVIDENCE
animations/star_reaction/effect3.tgs	983b41b7bd12522f5f14fd43c7eb74547bf26b93	28698	animations	NO-RESOURCE-LOCAL-LICENSE-EVIDENCE
animations/star_reaction/select.tgs	cf8fc6758006c33e9a700cc66ffcbe00050ed4e9	4699	animations	NO-RESOURCE-LOCAL-LICENSE-EVIDENCE
animations/star_reaction/toast.tgs	abfb9602c9b4a9cd1f9e99630c117e55d662c1f4	13797	animations	NO-RESOURCE-LOCAL-LICENSE-EVIDENCE
animations/starref_link.tgs	ea63004526014288770fd237d0d4403c57cf49e3	1289	animations	NO-RESOURCE-LOCAL-LICENSE-EVIDENCE
animations/stats.tgs	4966041cefc4591626e00ce5bb219918097bdcf7	12078	animations	NO-RESOURCE-LOCAL-LICENSE-EVIDENCE
animations/stats_boosts.tgs	10ba08cf203eeb0cd71a0385f6653bafd79b550e	33261	animations	NO-RESOURCE-LOCAL-LICENSE-EVIDENCE
animations/stats_earn.tgs	d66fa990a543d0c187cdd61b2a380fc6f2a66a0a	60056	animations	NO-RESOURCE-LOCAL-LICENSE-EVIDENCE
animations/stop.tgs	70ace96393b53c8b80dc3f0cac2a01b985fea6d0	24726	animations	NO-RESOURCE-LOCAL-LICENSE-EVIDENCE
animations/swipe_action/archive.tgs	73e049e69c344c5da84187d48ff2dc1b55cf534c	1088	animations	NO-RESOURCE-LOCAL-LICENSE-EVIDENCE
animations/swipe_action/delete.tgs	daa3a01626fc0d4c084ebb6a878d68c3270a0a05	1248	animations	NO-RESOURCE-LOCAL-LICENSE-EVIDENCE
animations/swipe_action/disabled.tgs	a4fb31cb257a14c35435758851a3d025af9900e4	731	animations	NO-RESOURCE-LOCAL-LICENSE-EVIDENCE
animations/swipe_action/mute.tgs	97d7bbf68c6e7f072da78d9af63c706aea8703c6	2586	animations	NO-RESOURCE-LOCAL-LICENSE-EVIDENCE
animations/swipe_action/pin.tgs	5fbeedbc4fb7a0727d4bc080c5efa94bd42a7119	1387	animations	NO-RESOURCE-LOCAL-LICENSE-EVIDENCE
animations/swipe_action/read.tgs	59b258677c082b49dd013be8624c0000c5c7a25f	1860	animations	NO-RESOURCE-LOCAL-LICENSE-EVIDENCE
animations/swipe_action/unarchive.tgs	f8a4f2108fd675f5d45cde343f1664cc72e38011	1191	animations	NO-RESOURCE-LOCAL-LICENSE-EVIDENCE
animations/swipe_action/ungroup.tgs	0fbe54688cb4aa5b8fda6e89acd3091375425d28	1171	animations	NO-RESOURCE-LOCAL-LICENSE-EVIDENCE
animations/swipe_action/unmute.tgs	563749f53fe9dbe02ea1433e8ff4d51b4693bf11	2186	animations	NO-RESOURCE-LOCAL-LICENSE-EVIDENCE
animations/swipe_action/unpin.tgs	8e96e36ec92ef4846ceab0feefda76bcf1250f72	2607	animations	NO-RESOURCE-LOCAL-LICENSE-EVIDENCE
animations/swipe_action/unread.tgs	97ce96a05f58bca90c77b71064a6148bf00279bc	2084	animations	NO-RESOURCE-LOCAL-LICENSE-EVIDENCE
animations/toast/chats_archived.tgs	7fc3e57802c11cca826cb380b3c202a3a224f8b8	831	animations	NO-RESOURCE-LOCAL-LICENSE-EVIDENCE
animations/toast/chats_filter_in.tgs	aba04090d0b62de97d445cf0b17a9a24bd28ee5a	4674	animations	NO-RESOURCE-LOCAL-LICENSE-EVIDENCE
animations/toast/contact_check.tgs	c8f62a39a37758c5bea4698368c7f8bc0e60103f	1171	animations	NO-RESOURCE-LOCAL-LICENSE-EVIDENCE
animations/toast/copy.tgs	152af85f798597f5fc01decb909865c286b3122f	1258	animations	NO-RESOURCE-LOCAL-LICENSE-EVIDENCE
animations/toast/delete.tgs	7925f503f0d8bccbdda0df881cfab0228b16d220	2694	animations	NO-RESOURCE-LOCAL-LICENSE-EVIDENCE
animations/toast/forward.tgs	6c2e4d5d14c4d740edf8405793e4238d838f687e	4410	animations	NO-RESOURCE-LOCAL-LICENSE-EVIDENCE
animations/toast/mute.tgs	1dd6ccf0fa3a63621d3b3abd7c8da313446dbfac	2379	animations	NO-RESOURCE-LOCAL-LICENSE-EVIDENCE
animations/toast/pin.tgs	9e12da9a10afdc75ddbb3e1b862692f8d0bffe1f	2403	animations	NO-RESOURCE-LOCAL-LICENSE-EVIDENCE
animations/toast/save_to_gallery.tgs	bd9de4b9196d5a04ef89980e3ceb0d93d03e4624	3943	animations	NO-RESOURCE-LOCAL-LICENSE-EVIDENCE
animations/toast/save_to_music.tgs	6c7a66aaa86b7bfc5ff3317ac47dc177df9f3dca	4113	animations	NO-RESOURCE-LOCAL-LICENSE-EVIDENCE
animations/toast/saved_messages.tgs	6d2cac78305883b3d9f4c8dbc04a7bb61bea7d29	3533	animations	NO-RESOURCE-LOCAL-LICENSE-EVIDENCE
animations/toast/star_premium_2.tgs	141a1a68cc97b175280860046fe7de2084643c59	1695	animations	NO-RESOURCE-LOCAL-LICENSE-EVIDENCE
animations/toast/tagged.tgs	7d2d20cfca90cefdc0eb1f0a9cba76bf184466f6	1765	animations	NO-RESOURCE-LOCAL-LICENSE-EVIDENCE
animations/toast/unmute.tgs	7685f107cc7f53d20d6053085e12ddd06468fc71	2443	animations	NO-RESOURCE-LOCAL-LICENSE-EVIDENCE
animations/toast/unpin.tgs	b35563a2b1860949ae8ac27b53ed775797a1750a	2646	animations	NO-RESOURCE-LOCAL-LICENSE-EVIDENCE
animations/toast/voip_invite.tgs	0a552e9ff7537e0a9feeed01710eb980a208fb0a	2517	animations	NO-RESOURCE-LOCAL-LICENSE-EVIDENCE
animations/transcribe_loading.tgs	f63b6e9a0282ce376f89348b9f7477b725c0bfd0	1343	animations	NO-RESOURCE-LOCAL-LICENSE-EVIDENCE
animations/ttl.tgs	14c228a7f3fd7de27e299d6bb90572eb9740e953	11887	animations	NO-RESOURCE-LOCAL-LICENSE-EVIDENCE
animations/voice_ttl_idle.tgs	01661129813aa5be2425883bfb6037a07abaa77b	4985	animations	NO-RESOURCE-LOCAL-LICENSE-EVIDENCE
animations/voice_ttl_start.tgs	835556dd0b363cee5bc2ac2f895f20d8265f90b4	5377	animations	NO-RESOURCE-LOCAL-LICENSE-EVIDENCE
animations/writing.tgs	47caac05a2fc28b951f68bb336c11a332dea94e2	64148	animations	NO-RESOURCE-LOCAL-LICENSE-EVIDENCE
art/affiliate_logo.png	d5f9b5087d556480526a3fab1823e00ccede4469	79980	art	NO-RESOURCE-LOCAL-LICENSE-EVIDENCE
art/background.tgv	a106f042d62c833e8f096d2877c490eb156d1169	183832	art	NO-RESOURCE-LOCAL-LICENSE-EVIDENCE
art/bg_initial.jpg	602b52834120e737490094b20df3be350bfbb9de	139091	art	NO-RESOURCE-LOCAL-LICENSE-EVIDENCE
art/bg_thumbnail.png	529b87c55416800e2e095ac3d0616a489a216cef	68720	art	NO-RESOURCE-LOCAL-LICENSE-EVIDENCE
art/business_logo.png	25c357e50b1bbc32bf61df5498738adeba3a4a12	48042	art	NO-RESOURCE-LOCAL-LICENSE-EVIDENCE
art/cocoon.webp	060239730be9f1075cc42cdbb2e5a1835f2c46ce	69456	art	NO-RESOURCE-LOCAL-LICENSE-EVIDENCE
art/dice/dice1.svg	4ab6abbe6156b818721a2239f4ebe57a3f6d6a44	2872	art	NO-RESOURCE-LOCAL-LICENSE-EVIDENCE
art/dice/dice2.svg	1e9e0c85340392513459f2a8faaf4601e5ca6b47	2421	art	NO-RESOURCE-LOCAL-LICENSE-EVIDENCE
art/dice/dice3.svg	84ff3fcc13488970efdfddb8f33ac98ebea33ed2	2448	art	NO-RESOURCE-LOCAL-LICENSE-EVIDENCE
art/dice/dice4.svg	dc4af3c88f651a6284f132b2e5cd36b4af84f65f	2846	art	NO-RESOURCE-LOCAL-LICENSE-EVIDENCE
art/dice/dice5.svg	cdd1efd1db262f2bec428092fcd35c50de6a44e2	2731	art	NO-RESOURCE-LOCAL-LICENSE-EVIDENCE
art/dice/dice6.svg	f024e88b055fe11939f58413e875f1a95e50b456	3260	art	NO-RESOURCE-LOCAL-LICENSE-EVIDENCE
art/icon128.png	fc96863ef6faf4b9e64da9556025ac1846f3742f	8366	art	NO-RESOURCE-LOCAL-LICENSE-EVIDENCE
art/icon128@2x.png	7943dd19df4fbf92c834f3025f77146d8df0de6b	18695	art	NO-RESOURCE-LOCAL-LICENSE-EVIDENCE
art/icon16.png	561369d2b2688cc3799fc2b7a7a2f918d99cc155	2564	art	NO-RESOURCE-LOCAL-LICENSE-EVIDENCE
art/icon16@2x.png	f220a885bbb2c67690387165887bf2739cb34b1f	3481	art	NO-RESOURCE-LOCAL-LICENSE-EVIDENCE
art/icon256.ico	8c71faaf6d5e98adf4db7fc154edc17c63409754	37882	art	NO-RESOURCE-LOCAL-LICENSE-EVIDENCE
art/icon256.png	8c4abee16dec0836f615df7266b234bc7a0ec033	20473	art	NO-RESOURCE-LOCAL-LICENSE-EVIDENCE
art/icon256@2x.png	d096c2bd0ac1b1eae2d07f534fc6eca4d8bff9ed	43462	art	NO-RESOURCE-LOCAL-LICENSE-EVIDENCE
art/icon32.png	cff636894428e42c4fa5a063e3aa472c4bded8fc	3481	art	NO-RESOURCE-LOCAL-LICENSE-EVIDENCE
art/icon32@2x.png	22b468746a286585529bff4548273f7c358a81ee	5613	art	NO-RESOURCE-LOCAL-LICENSE-EVIDENCE
art/icon48.png	a8299b182123b7b2c11b5956e5f02f50ff6af795	4446	art	NO-RESOURCE-LOCAL-LICENSE-EVIDENCE
art/icon48@2x.png	69b69d86a5e26f95c114dc02e5615e628df647e4	7514	art	NO-RESOURCE-LOCAL-LICENSE-EVIDENCE
art/icon512.png	cdf2fdab5d27694b68cead8a06e435271beb23be	43462	art	NO-RESOURCE-LOCAL-LICENSE-EVIDENCE
art/icon512@2x.png	7c1560fe6312e76a958257e5e894b0912e9ad6f1	75597	art	NO-RESOURCE-LOCAL-LICENSE-EVIDENCE
art/icon64.png	b201e31ee0327d581556e8f73033fb41e44ade8f	5613	art	NO-RESOURCE-LOCAL-LICENSE-EVIDENCE
art/icon64@2x.png	61924d136cbf41fd30a19f329a94036c573c106c	8366	art	NO-RESOURCE-LOCAL-LICENSE-EVIDENCE
art/icon_green.png	f12f8d4a9bb1db1390f132d0d0a24c449857d264	66983	art	NO-RESOURCE-LOCAL-LICENSE-EVIDENCE
art/icon_round512@2x.png	8f7b1098bddd1e7a2b4c11bec121584436c9fb16	83741	art	NO-RESOURCE-LOCAL-LICENSE-EVIDENCE
art/iconbig_green.png	651b357207bea31c6d78233f6678deba87d8baa6	18877	art	NO-RESOURCE-LOCAL-LICENSE-EVIDENCE
art/logo_256.png	8c4abee16dec0836f615df7266b234bc7a0ec033	20473	art	NO-RESOURCE-LOCAL-LICENSE-EVIDENCE
art/logo_256_no_margin.png	00acff3dd5f8cc71caec7c97f031898efd2d502c	21447	art	NO-RESOURCE-LOCAL-LICENSE-EVIDENCE
art/mac_setup.tiff	71d8354694ced401b149d375e5e912065cb60b49	38200	art	NO-RESOURCE-LOCAL-LICENSE-EVIDENCE
art/premium/coin_border.png	03a5254f5689472e31b89db6058830eeb1afc581	4331	art	NO-RESOURCE-LOCAL-LICENSE-EVIDENCE
art/premium/coin_inner.obj	03b7f0fabc0efb8ffba54e8448973fd48f5ded5e	8612	art	NO-RESOURCE-LOCAL-LICENSE-EVIDENCE
art/premium/coin_logo.obj	66b2ba732c28eb84bf657168f15d6aebc27da62b	75450	art	NO-RESOURCE-LOCAL-LICENSE-EVIDENCE
art/premium/coin_outer.obj	de81610f687952d7964da265f9a647f1d587a7b2	84430	art	NO-RESOURCE-LOCAL-LICENSE-EVIDENCE
art/premium/coin_stars.obj	df345a485650cc36f04234d8057d1cfc7aef782e	73744	art	NO-RESOURCE-LOCAL-LICENSE-EVIDENCE
art/premium/diamond.obj	b8bf01fdbfc6abc7cc98306b79bcba772c38a250	2073	art	NO-RESOURCE-LOCAL-LICENSE-EVIDENCE
art/premium/diamond_outer.obj	ddb5fea680fd552b54e155ab69b2ecbcced8f52a	2282	art	NO-RESOURCE-LOCAL-LICENSE-EVIDENCE
art/premium/diamond_outer_2.obj	4b6a514df52961447388ab37f5669d3078d8888d	2083	art	NO-RESOURCE-LOCAL-LICENSE-EVIDENCE
art/premium/flecks.png	b6695a1690d98bdf18f75b9f991b37a0d1660597	7494	art	NO-RESOURCE-LOCAL-LICENSE-EVIDENCE
art/premium/star.obj	a8cc84093cbe64be11710232325d8a5553a3b6e2	694188	art	NO-RESOURCE-LOCAL-LICENSE-EVIDENCE
art/premium/star_texture.svg	6d09446fb56ac7553e9a1d0ffe7d4bf5ce2d8cea	463	art	NO-RESOURCE-LOCAL-LICENSE-EVIDENCE
art/recording/recording_info_audio.svg	c5ab383b9ad5b82d079abeafe0b32ba7e02e3ec3	7110	art	NO-RESOURCE-LOCAL-LICENSE-EVIDENCE
art/recording/recording_info_video_landscape.svg	349edd92177fbd0da64f5c86a2daa3c65a04e241	22163	art	NO-RESOURCE-LOCAL-LICENSE-EVIDENCE
art/recording/recording_info_video_portrait.svg	644b398c58267057d359750b9bcfd3a5e7470f57	21699	art	NO-RESOURCE-LOCAL-LICENSE-EVIDENCE
art/round_placeholder.jpg	cbdc9aee39c6eceacebf68a0459a84a54118502e	787	art	NO-RESOURCE-LOCAL-LICENSE-EVIDENCE
art/themeimage.jpg	d0ffd90d52ec600913864904217004cee1ea6ce9	116571	art	NO-RESOURCE-LOCAL-LICENSE-EVIDENCE
art/topic_icons/blue.svg	eb2a99bfcc37b4fc4d2179b0b1fb070a48dff5f4	2819	art	NO-RESOURCE-LOCAL-LICENSE-EVIDENCE
art/topic_icons/general.svg	140ed8da5d7f4d0517ba6d41679e002fb5ca0acb	2157	art	NO-RESOURCE-LOCAL-LICENSE-EVIDENCE
art/topic_icons/gray.svg	b4db98c3f7201674da9f8ab6f8e733468de87766	2819	art	NO-RESOURCE-LOCAL-LICENSE-EVIDENCE
art/topic_icons/green.svg	9140843edd19565b473ed83ddd2ae1b250ae07c3	2739	art	NO-RESOURCE-LOCAL-LICENSE-EVIDENCE
art/topic_icons/red.svg	8b7293c8c9b96984fd43099e24ed148b49bcfcbe	2728	art	NO-RESOURCE-LOCAL-LICENSE-EVIDENCE
art/topic_icons/rose.svg	a730c0ea770cfaaf4b8a6335bf9943044d48f19f	2753	art	NO-RESOURCE-LOCAL-LICENSE-EVIDENCE
art/topic_icons/violet.svg	a54dfc5d25b6b47d9a61d1e018be4ff51a7d2252	2746	art	NO-RESOURCE-LOCAL-LICENSE-EVIDENCE
art/topic_icons/yellow.svg	c478ddfbece677375857e6289ac03b7e13b58637	2734	art	NO-RESOURCE-LOCAL-LICENSE-EVIDENCE
art/ttl/video_message_icon.svg	aeadc83852231c4322536237fb56b42e9b4877bd	427	art	NO-RESOURCE-LOCAL-LICENSE-EVIDENCE
art/verified_bg.webp	f08059f45501358a219e991bb3b733eb70cca537	1036	art	NO-RESOURCE-LOCAL-LICENSE-EVIDENCE
art/verified_fg.webp	3535123495877e3de02cff29ca7e3d2ef3a70921	500	art	NO-RESOURCE-LOCAL-LICENSE-EVIDENCE
bot_webview_shell_html/body.html	36e0d3eaa3c306bf5a2fcaa8bb3bf256c57b183d	1581	bot_webview_shell_html	NO-RESOURCE-LOCAL-LICENSE-EVIDENCE
bot_webview_shell_html/page.css	44e05e820acfaa75eb318e19cb157812eea74096	13131	bot_webview_shell_html	NO-RESOURCE-LOCAL-LICENSE-EVIDENCE
bot_webview_shell_html/page.js	7dac31231af6113b9e92158c0e14ac7330484593	32739	bot_webview_shell_html	NO-RESOURCE-LOCAL-LICENSE-EVIDENCE
day-blue.tdesktop-theme	ccc3dbdf9dc6d1aed5ae02df7d9430334839900f	3685	theme	NO-RESOURCE-LOCAL-LICENSE-EVIDENCE
day-custom-base.tdesktop-theme	162d90457d8254d3eefcf772c3ca62545a97508a	14515	theme	NO-RESOURCE-LOCAL-LICENSE-EVIDENCE
default_shortcuts-custom.json	054ad70d077680664ec45f95611b1acd9ff4f79a	466	default_shortcuts-custom.json	NO-RESOURCE-LOCAL-LICENSE-EVIDENCE
emoji/emoji_1.webp	362a2181f8607de749c55c0cd490b3163ee78b24	1094868	emoji	NO-RESOURCE-LOCAL-LICENSE-EVIDENCE
emoji/emoji_2.webp	76c88d7ca6dc651bd9290a4c7cd8709b17bf0adc	1374036	emoji	NO-RESOURCE-LOCAL-LICENSE-EVIDENCE
emoji/emoji_3.webp	40eb047651506c152d00ca3ad0ca8f43ed75b3f2	1344256	emoji	NO-RESOURCE-LOCAL-LICENSE-EVIDENCE
emoji/emoji_4.webp	a8eb5bdd406abf3ab860fb81e27802e345bf11d8	1184478	emoji	NO-RESOURCE-LOCAL-LICENSE-EVIDENCE
emoji/emoji_5.webp	d05d5508de9d191fcd11aa80346e6b9d253908e9	1489920	emoji	NO-RESOURCE-LOCAL-LICENSE-EVIDENCE
emoji/emoji_6.webp	e82b78b6b984e6ad946a0410caba8fd96f22896c	1459314	emoji	NO-RESOURCE-LOCAL-LICENSE-EVIDENCE
emoji/emoji_7.webp	61a75eeaaf23dff496189cdd0eec84b6eb7a7e50	1163068	emoji	NO-RESOURCE-LOCAL-LICENSE-EVIDENCE
emoji/emoji_8.webp	72f0e7f3d3430845746485ea569aafdc1590e539	528740	emoji	NO-RESOURCE-LOCAL-LICENSE-EVIDENCE
emoji/set0_preview.webp	122654fa61de2f3e51a139cf73ad26ab9003ab62	13022	emoji	NO-RESOURCE-LOCAL-LICENSE-EVIDENCE
emoji/set1_preview.webp	2a8a03bbcb43bac9a2c25a264eeffd8bec1d2b83	13900	emoji	NO-RESOURCE-LOCAL-LICENSE-EVIDENCE
emoji/set2_preview.webp	2b682dd02ee91951ab4df795650fc52aee9d7a3f	10324	emoji	NO-RESOURCE-LOCAL-LICENSE-EVIDENCE
emoji/set3_preview.webp	0e89f3a38d9983a86639c0e6052516abb6cdecb4	12860	emoji	NO-RESOURCE-LOCAL-LICENSE-EVIDENCE
export_html/css/style.css	7f3434319c4a41ef18a782ed46f7799177800d4c	42385	export_html	NO-RESOURCE-LOCAL-LICENSE-EVIDENCE
export_html/images/back.png	846479f94860d2d0e8a02b239e639d66503d9d1c	312	export_html	NO-RESOURCE-LOCAL-LICENSE-EVIDENCE
export_html/images/back@2x.png	03e3e5851fabcf2f06de70b02634708035043200	518	export_html	NO-RESOURCE-LOCAL-LICENSE-EVIDENCE
export_html/images/media_call.png	9614b9562698f1fd7c3b6e4e1d8c00ea2b0e9199	417	export_html	NO-RESOURCE-LOCAL-LICENSE-EVIDENCE
export_html/images/media_call@2x.png	92cdbe618bea5edcce64ac9761b879bf273f6d81	815	export_html	NO-RESOURCE-LOCAL-LICENSE-EVIDENCE
export_html/images/media_contact.png	be79172d5e08c31e5ab70dbcf1e79570243dfa78	323	export_html	NO-RESOURCE-LOCAL-LICENSE-EVIDENCE
export_html/images/media_contact@2x.png	e4be8b0377646223fb4276b9d399b65e01af7370	600	export_html	NO-RESOURCE-LOCAL-LICENSE-EVIDENCE
export_html/images/media_file.png	3a5bde66c616062585b528f80fe83fa0c9b25714	236	export_html	NO-RESOURCE-LOCAL-LICENSE-EVIDENCE
export_html/images/media_file@2x.png	ad2c6cc2c986e60d8245b5d99a2e87d976a4a30f	408	export_html	NO-RESOURCE-LOCAL-LICENSE-EVIDENCE
export_html/images/media_game.png	cad8ab854c0603572b4e50fc14c5443f0c83c12d	271	export_html	NO-RESOURCE-LOCAL-LICENSE-EVIDENCE
export_html/images/media_game@2x.png	09c2eb395e694807baa3c1650cffc5448123d80e	510	export_html	NO-RESOURCE-LOCAL-LICENSE-EVIDENCE
export_html/images/media_location.png	ab8080b7e91f9a0004a4a776d0ea566ffa653d98	480	export_html	NO-RESOURCE-LOCAL-LICENSE-EVIDENCE
export_html/images/media_location@2x.png	11d88d52934d0167cb13139ee13ff4ec726dbeed	991	export_html	NO-RESOURCE-LOCAL-LICENSE-EVIDENCE
export_html/images/media_music.png	057a694b45485e503ca7a2ce8184724e698ee715	275	export_html	NO-RESOURCE-LOCAL-LICENSE-EVIDENCE
export_html/images/media_music@2x.png	20c805644b56335d37919921573e91f33b4742f7	464	export_html	NO-RESOURCE-LOCAL-LICENSE-EVIDENCE
export_html/images/media_photo.png	d229387677a7f50f652eafd5ce527a078cbaa6d3	243	export_html	NO-RESOURCE-LOCAL-LICENSE-EVIDENCE
export_html/images/media_photo@2x.png	e46794fe2d1eb270455e3095b759017d9e0a4f1d	458	export_html	NO-RESOURCE-LOCAL-LICENSE-EVIDENCE
export_html/images/media_shop.png	4a92ce83ec947aa23dc82d7816dc2cb37a30ab2a	377	export_html	NO-RESOURCE-LOCAL-LICENSE-EVIDENCE
export_html/images/media_shop@2x.png	9cfe5512b53be10f9e1436466e9c31314c61f58f	790	export_html	NO-RESOURCE-LOCAL-LICENSE-EVIDENCE
export_html/images/media_video.png	b0a132a155c2bfc0e25e51afa43642b49079b214	235	export_html	NO-RESOURCE-LOCAL-LICENSE-EVIDENCE
export_html/images/media_video@2x.png	2b554b0280bb5a9e7fd34695b56d33069c544d1a	411	export_html	NO-RESOURCE-LOCAL-LICENSE-EVIDENCE
export_html/images/media_voice.png	af33c2ed8d653aeabd46f81552497c245bc7ffd5	328	export_html	NO-RESOURCE-LOCAL-LICENSE-EVIDENCE
export_html/images/media_voice@2x.png	5356a377cf757ab2f3a45a3d9d5359df4a1c8eb1	660	export_html	NO-RESOURCE-LOCAL-LICENSE-EVIDENCE
export_html/images/section_calls.png	adb42e2f5874c4d4a4a221d9d3b0f50253cc39ee	656	export_html	NO-RESOURCE-LOCAL-LICENSE-EVIDENCE
export_html/images/section_calls@2x.png	eb2de58b03b317439a1a85f40f352895389d8033	1300	export_html	NO-RESOURCE-LOCAL-LICENSE-EVIDENCE
export_html/images/section_chats.png	354ea9e3a7fa2d2280d4e1ae63a784ffb37cacc2	283	export_html	NO-RESOURCE-LOCAL-LICENSE-EVIDENCE
export_html/images/section_chats@2x.png	b7252a82ba51661c449588c090b4dc0f4139b051	454	export_html	NO-RESOURCE-LOCAL-LICENSE-EVIDENCE
export_html/images/section_contacts.png	1b94b8ee3d8217b5ede47b78404ba79a15231001	508	export_html	NO-RESOURCE-LOCAL-LICENSE-EVIDENCE
export_html/images/section_contacts@2x.png	64a213d2f0e2fa593de19f2e50fe47e57978c537	1023	export_html	NO-RESOURCE-LOCAL-LICENSE-EVIDENCE
export_html/images/section_frequent.png	1656019951c0f227c872f335f5fdc83257552750	771	export_html	NO-RESOURCE-LOCAL-LICENSE-EVIDENCE
export_html/images/section_frequent@2x.png	ca9c3c85bc9e94ea1ac7f3871b545d16010f94d3	1696	export_html	NO-RESOURCE-LOCAL-LICENSE-EVIDENCE
export_html/images/section_leftchats.png	350d22cd4756eebe51cb654465a0becdf25260de	402	export_html	NO-RESOURCE-LOCAL-LICENSE-EVIDENCE
export_html/images/section_leftchats@2x.png	b33520d101f0e5126ca44730239383d5184af18e	619	export_html	NO-RESOURCE-LOCAL-LICENSE-EVIDENCE
export_html/images/section_music.png	a76a2449d54fd270397f50f414bc6a0c5f893fe6	446	export_html	NO-RESOURCE-LOCAL-LICENSE-EVIDENCE
export_html/images/section_music@2x.png	53dc7022c658576e45533fa552d7676d044ed029	777	export_html	NO-RESOURCE-LOCAL-LICENSE-EVIDENCE
export_html/images/section_other.png	a60ed7a40120c24560098b53f059515242d95e18	155	export_html	NO-RESOURCE-LOCAL-LICENSE-EVIDENCE
export_html/images/section_other@2x.png	497fb33383cc6caddf758d9a0e0b98175cbd518a	269	export_html	NO-RESOURCE-LOCAL-LICENSE-EVIDENCE
export_html/images/section_photos.png	3b511aee4e8cefcbf322e28a18f6e9ed327cef02	415	export_html	NO-RESOURCE-LOCAL-LICENSE-EVIDENCE
export_html/images/section_photos@2x.png	587b4ff8cdc20b691523b18d08171fe197b8f01e	750	export_html	NO-RESOURCE-LOCAL-LICENSE-EVIDENCE
export_html/images/section_sessions.png	0354af4f534c6123e0016a9dc6e1b5f309396f7d	134	export_html	NO-RESOURCE-LOCAL-LICENSE-EVIDENCE
export_html/images/section_sessions@2x.png	58b213e845bdb996cdbe33cc45db247acbad016e	216	export_html	NO-RESOURCE-LOCAL-LICENSE-EVIDENCE
export_html/images/section_stories.png	650c69c91f7966a5e18dedee4cb00a8354291b3f	605	export_html	NO-RESOURCE-LOCAL-LICENSE-EVIDENCE
export_html/images/section_stories@2x.png	429245138d9d9aa5af1375b66d1c69d418e7b93f	1120	export_html	NO-RESOURCE-LOCAL-LICENSE-EVIDENCE
export_html/images/section_web.png	d82e7fb31ec9ee43583866d9522782430d9211d4	266	export_html	NO-RESOURCE-LOCAL-LICENSE-EVIDENCE
export_html/images/section_web@2x.png	b436884e8dde750e99f5cede0bcb11550cef3a48	447	export_html	NO-RESOURCE-LOCAL-LICENSE-EVIDENCE
export_html/js/script.js	35f77da81d87b5d03e6d184c1c2b87c264fba45f	7243	export_html	NO-RESOURCE-LOCAL-LICENSE-EVIDENCE
export_rich/css/rich_message.css	5af14254a76f6f693c3864d877e0dc68cb684a67	7535	export_rich	NO-RESOURCE-LOCAL-LICENSE-EVIDENCE
export_rich/js/rich_message.js	69df0a0266e6932e528e2b3aed515475a040dc53	1246	export_rich	NO-RESOURCE-LOCAL-LICENSE-EVIDENCE
icons/archive_userpic.png	a00a7a61b4e6777ba8db41b3548d390a3899e31d	517	icon	NO-RESOURCE-LOCAL-LICENSE-EVIDENCE
icons/archive_userpic@2x.png	88767e03935fa4ce629e886cc409ebf680eb2f0a	898	icon	NO-RESOURCE-LOCAL-LICENSE-EVIDENCE
icons/archive_userpic@3x.png	d0076e1fe7441a9603bdf6a24a4990a50043d679	1233	icon	NO-RESOURCE-LOCAL-LICENSE-EVIDENCE
icons/arrows_select.png	6ce5c0f6c4538f4bc5b23380ef8c74ff52b6516d	167	icon	NO-RESOURCE-LOCAL-LICENSE-EVIDENCE
icons/arrows_select@2x.png	6db5b158e953070c4bfffa721f0ad7a2906befa8	328	icon	NO-RESOURCE-LOCAL-LICENSE-EVIDENCE
icons/arrows_select@3x.png	63bf8a6a44d13edc0110f92d7c890fd1dc7d4848	455	icon	NO-RESOURCE-LOCAL-LICENSE-EVIDENCE
icons/boosts/boost_mini2.png	b4884ccc8219eeafd8f74d49f69a2f80234439f3	324	icon	NO-RESOURCE-LOCAL-LICENSE-EVIDENCE
icons/boosts/boost_mini2@2x.png	9fb6e01e999deabdc3a38546147dca9f8ff2bdb0	521	icon	NO-RESOURCE-LOCAL-LICENSE-EVIDENCE
icons/boosts/boost_mini2@3x.png	16aff7dbe80ce241eca2519a90f0cff05ea59631	692	icon	NO-RESOURCE-LOCAL-LICENSE-EVIDENCE
icons/boosts/boost_unclaimed.png	fb093176f775d81894b166cff059cb05aa78bbd8	613	icon	NO-RESOURCE-LOCAL-LICENSE-EVIDENCE
icons/boosts/boost_unclaimed@2x.png	30d5bd6bc708a0b76eb36b917e93c8f492a4fe1e	1050	icon	NO-RESOURCE-LOCAL-LICENSE-EVIDENCE
icons/boosts/boost_unclaimed@3x.png	f63cca1c90887b31db9361f4b92f570dbdc2a87c	1484	icon	NO-RESOURCE-LOCAL-LICENSE-EVIDENCE
icons/boosts/boost_unknown.png	78f64285205068ca11fa77685063b41088352503	621	icon	NO-RESOURCE-LOCAL-LICENSE-EVIDENCE
icons/boosts/boost_unknown@2x.png	ad22dc971e1d3320df4b69ab116419c245f16da5	1187	icon	NO-RESOURCE-LOCAL-LICENSE-EVIDENCE
icons/boosts/boost_unknown@3x.png	bbf4532a27ff43e74bbbd832645f06699b68dd3f	1760	icon	NO-RESOURCE-LOCAL-LICENSE-EVIDENCE
icons/boosts/filled_gift.png	123818f74b8d1b7defc9157ceb5241c71876a4cf	727	icon	NO-RESOURCE-LOCAL-LICENSE-EVIDENCE
icons/boosts/filled_gift@2x.png	13e5102ed47f9c0095ae86fb9103464086cacf96	1374	icon	NO-RESOURCE-LOCAL-LICENSE-EVIDENCE
icons/boosts/filled_gift@3x.png	7e3ad4e24fb933f8ae864c17ce1a99d67eedba18	2147	icon	NO-RESOURCE-LOCAL-LICENSE-EVIDENCE
icons/boosts/mini_gift.png	1008e51240b0885f4d751ca2b8cd8debf1ddebf5	386	icon	NO-RESOURCE-LOCAL-LICENSE-EVIDENCE
icons/boosts/mini_gift@2x.png	462d3876453503215953ecbac8a2d423af4b9df8	630	icon	NO-RESOURCE-LOCAL-LICENSE-EVIDENCE
icons/boosts/mini_gift@3x.png	8858b4fff5eadb41c06732391e2ca5a73845bd23	841	icon	NO-RESOURCE-LOCAL-LICENSE-EVIDENCE
icons/boosts/mini_giveaway.png	79ffc0f1d7c46c2fdb90c4027c4b557d927a0a13	368	icon	NO-RESOURCE-LOCAL-LICENSE-EVIDENCE
icons/boosts/mini_giveaway@2x.png	bb5e94a656716224f92d6e22d505d845b91f70a7	648	icon	NO-RESOURCE-LOCAL-LICENSE-EVIDENCE
icons/boosts/mini_giveaway@3x.png	c9f853452567557a318fcab434e8590e364a81d5	864	icon	NO-RESOURCE-LOCAL-LICENSE-EVIDENCE
icons/bubble_tail.png	b953ce8f62f2eb813ca6336966f929f54533447a	156	icon	NO-RESOURCE-LOCAL-LICENSE-EVIDENCE
icons/bubble_tail@2x.png	f946cce57bc9737021c6a557e3dd5ad25e9235a0	247	icon	NO-RESOURCE-LOCAL-LICENSE-EVIDENCE
icons/bubble_tail@3x.png	87ce9d59df415193464b055840481764c1fd4f31	343	icon	NO-RESOURCE-LOCAL-LICENSE-EVIDENCE
icons/calendar_down.png	f0357feba13acd7ae0f4a2c8f6bbd5d4d41e52b5	248	icon	NO-RESOURCE-LOCAL-LICENSE-EVIDENCE
icons/calendar_down@2x.png	f15877eb291c7700b4720bf3a4a7ed9c68b79c7a	343	icon	NO-RESOURCE-LOCAL-LICENSE-EVIDENCE
icons/calendar_down@3x.png	06c06e6b00127ec1ded9cc62fcc173ce4f65223e	451	icon	NO-RESOURCE-LOCAL-LICENSE-EVIDENCE
icons/calls/call_answer.png	0d79a1750d9451a644e2c6dc0e1c051519fe9396	595	icon	NO-RESOURCE-LOCAL-LICENSE-EVIDENCE
icons/calls/call_answer@2x.png	1c573d1519032a6a4e396c261f567f832ac2e6eb	1101	icon	NO-RESOURCE-LOCAL-LICENSE-EVIDENCE
icons/calls/call_answer@3x.png	b74b73fef73429710b3962b38908ded12d154223	1771	icon	NO-RESOURCE-LOCAL-LICENSE-EVIDENCE
icons/calls/call_arrow_in.png	76e136a67fd95218008e4841befc0e0d95182b13	361	icon	NO-RESOURCE-LOCAL-LICENSE-EVIDENCE
icons/calls/call_arrow_in@2x.png	dd7838ab404bfec53229e97bbb00526b3f3c9580	627	icon	NO-RESOURCE-LOCAL-LICENSE-EVIDENCE
icons/calls/call_arrow_in@3x.png	b8eefab968cbcd1972eba27ca931498f0f2aba41	809	icon	NO-RESOURCE-LOCAL-LICENSE-EVIDENCE
icons/calls/call_arrow_out.png	815b45a914bb961906e48df252a80d96d036801c	366	icon	NO-RESOURCE-LOCAL-LICENSE-EVIDENCE
icons/calls/call_arrow_out@2x.png	5b25ef80a39ad178b9f0ba3806d429fbc06e7441	626	icon	NO-RESOURCE-LOCAL-LICENSE-EVIDENCE
icons/calls/call_arrow_out@3x.png	42d56a70005c884504ccb7f94f4b976fc8d4afc0	839	icon	NO-RESOURCE-LOCAL-LICENSE-EVIDENCE
icons/calls/call_camera_active.png	3e01106db470d75b10e440af848fc5d2d40fc972	377	icon	NO-RESOURCE-LOCAL-LICENSE-EVIDENCE
icons/calls/call_camera_active@2x.png	3692b731e0c0b15d2e3801a060e1acef7abc4995	733	icon	NO-RESOURCE-LOCAL-LICENSE-EVIDENCE
icons/calls/call_camera_active@3x.png	01ce4937df9c5031ecd2efd394bb7b0a5a5edf39	1177	icon	NO-RESOURCE-LOCAL-LICENSE-EVIDENCE
icons/calls/call_camera_muted.png	848cbe12c701ea49085954a5efcfb1e369fb936a	727	icon	NO-RESOURCE-LOCAL-LICENSE-EVIDENCE
icons/calls/call_camera_muted@2x.png	012a66561c750f58600e72b92c8d4989580b5b42	1400	icon	NO-RESOURCE-LOCAL-LICENSE-EVIDENCE
icons/calls/call_camera_muted@3x.png	7dd2aa9dba1cd3335ea84c3e621feb407b1fd2c7	2114	icon	NO-RESOURCE-LOCAL-LICENSE-EVIDENCE
icons/calls/call_cancel.png	db5452f423f81c452db1975843105dda6bf5cf2e	1483	icon	NO-RESOURCE-LOCAL-LICENSE-EVIDENCE
icons/calls/call_cancel@2x.png	468337a51051fef56b1c22a2142aaf6a0b6f4fa6	1596	icon	NO-RESOURCE-LOCAL-LICENSE-EVIDENCE
icons/calls/call_cancel@3x.png	2c9f6fac202d2667f6c78e9ac076c013c4d09b11	1652	icon	NO-RESOURCE-LOCAL-LICENSE-EVIDENCE
icons/calls/call_discard.png	b46c1c695e357b493b71b6bf6c08dd9a43c3c786	460	icon	NO-RESOURCE-LOCAL-LICENSE-EVIDENCE
icons/calls/call_discard@2x.png	0e8d7cf7ec5a2a899d4317a24530ea37e7b323ec	970	icon	NO-RESOURCE-LOCAL-LICENSE-EVIDENCE
icons/calls/call_discard@3x.png	f7b2ecc7d77f3ee515ad57cd960b8fcc01512a83	1482	icon	NO-RESOURCE-LOCAL-LICENSE-EVIDENCE
icons/calls/call_ended.png	e0f5646fc35951e6a029cbcce661e59ab0fb1d48	371	icon	NO-RESOURCE-LOCAL-LICENSE-EVIDENCE
icons/calls/call_ended@2x.png	9caa18a4a491e25e4a933df304d9daaa31cfefe9	720	icon	NO-RESOURCE-LOCAL-LICENSE-EVIDENCE
icons/calls/call_ended@3x.png	d8a0e74b1561b2d9a88749c01777c2c21ad30b78	1059	icon	NO-RESOURCE-LOCAL-LICENSE-EVIDENCE
icons/calls/call_group.png	d60c581b1f0651dd8c433cb419244c0cb202110c	721	icon	NO-RESOURCE-LOCAL-LICENSE-EVIDENCE
icons/calls/call_group@2x.png	ab1dd6a15046936624428697f3a82f8ea6c90101	1399	icon	NO-RESOURCE-LOCAL-LICENSE-EVIDENCE
icons/calls/call_group@3x.png	67f363752b4c3639041f07f246f93d1e86258c31	2055	icon	NO-RESOURCE-LOCAL-LICENSE-EVIDENCE
icons/calls/call_message.png	3fcc4ecda58f03475910b44a3052cc43229d992f	692	icon	NO-RESOURCE-LOCAL-LICENSE-EVIDENCE
icons/calls/call_message@2x.png	e6d5f0f8b11ac3f1e438860f0f67adc5b6a6f8fa	1048	icon	NO-RESOURCE-LOCAL-LICENSE-EVIDENCE
icons/calls/call_message@3x.png	f7e20df4fb52d5cf2071ec62fd277d7fdd456941	1539	icon	NO-RESOURCE-LOCAL-LICENSE-EVIDENCE
icons/calls/call_rating.png	6e0fdd9aa4eb013634f274cea31fdeb402bb24e6	666	icon	NO-RESOURCE-LOCAL-LICENSE-EVIDENCE
icons/calls/call_rating@2x.png	8a93de55d97c01ebb0ad79bf1865dbf72fb1f7a2	1488	icon	NO-RESOURCE-LOCAL-LICENSE-EVIDENCE
icons/calls/call_rating@3x.png	139169e30cafcfed9fb09d004cad26d4805aeb78	1721	icon	NO-RESOURCE-LOCAL-LICENSE-EVIDENCE
icons/calls/call_rating_filled.png	a7be4cf5dcdf23d4d20b395fde1f27a31003676d	560	icon	NO-RESOURCE-LOCAL-LICENSE-EVIDENCE
icons/calls/call_rating_filled@2x.png	78f2869ea0bc65a0fde4d21a3c21e5164ff69e6b	1127	icon	NO-RESOURCE-LOCAL-LICENSE-EVIDENCE
icons/calls/call_rating_filled@3x.png	6a51b2abcb15c62957ed9ee9eafe74753339d376	1800	icon	NO-RESOURCE-LOCAL-LICENSE-EVIDENCE
icons/calls/call_record_active.png	79447233a7ce6a760cec75df6e5d34c7b8e573ba	489	icon	NO-RESOURCE-LOCAL-LICENSE-EVIDENCE
icons/calls/call_record_active@2x.png	f21fba1bc9d1168e5d54d96eb1b9915caa11123a	1002	icon	NO-RESOURCE-LOCAL-LICENSE-EVIDENCE
icons/calls/call_record_active@3x.png	7ab9e8d00178929cea98e2a6b4414978ca83b77d	1545	icon	NO-RESOURCE-LOCAL-LICENSE-EVIDENCE
icons/calls/call_record_muted.png	ac6b48bf88e4d4c527eddc4fb211d5bb1a6e03b6	744	icon	NO-RESOURCE-LOCAL-LICENSE-EVIDENCE
icons/calls/call_record_muted@2x.png	3a8ed3906c93474c6748e30dcba4a272a9dabef8	1543	icon	NO-RESOURCE-LOCAL-LICENSE-EVIDENCE
icons/calls/call_record_muted@3x.png	62f9f8a6a08368675de2d693095749653e33b2ba	2435	icon	NO-RESOURCE-LOCAL-LICENSE-EVIDENCE
icons/calls/calls_add_people.png	4e07a92f475276ac0016cb0fdd9620628c2530b5	529	icon	NO-RESOURCE-LOCAL-LICENSE-EVIDENCE
icons/calls/calls_add_people@2x.png	bf55e663c391e5d259b779cef68cbd23a7959eac	956	icon	NO-RESOURCE-LOCAL-LICENSE-EVIDENCE
icons/calls/calls_add_people@3x.png	c138ad5c24c5370f234f1b3e68cb5c8b366b740c	1368	icon	NO-RESOURCE-LOCAL-LICENSE-EVIDENCE
icons/calls/calls_more.png	1bb29b885f87bc32a08bc445582c2cb9932b067e	277	icon	NO-RESOURCE-LOCAL-LICENSE-EVIDENCE
icons/calls/calls_more@2x.png	d7003fb8299d9d10438aae360a6e6f3ef4ede9d5	444	icon	NO-RESOURCE-LOCAL-LICENSE-EVIDENCE
icons/calls/calls_more@3x.png	e400631f4b6172aff697f09676a5f9ee3f0af22f	653	icon	NO-RESOURCE-LOCAL-LICENSE-EVIDENCE
icons/calls/calls_mute_tooltip.png	9581af158997180c524ac62bf5a89d70d682017a	637	icon	NO-RESOURCE-LOCAL-LICENSE-EVIDENCE
icons/calls/calls_mute_tooltip@2x.png	bcc7d385e5110466180abac587cd2e5d0209fd8f	1218	icon	NO-RESOURCE-LOCAL-LICENSE-EVIDENCE
icons/calls/calls_mute_tooltip@3x.png	1cbef8aedb8037e269ae8fcbfc80feaa2b3da817	1909	icon	NO-RESOURCE-LOCAL-LICENSE-EVIDENCE
icons/calls/calls_mute_userpic.png	286780ac118e84ba1a7a5d25df663cc57d7efd02	545	icon	NO-RESOURCE-LOCAL-LICENSE-EVIDENCE
icons/calls/calls_mute_userpic@2x.png	d99d673c147ddf4067c681ef448d564acc6c5ce7	1110	icon	NO-RESOURCE-LOCAL-LICENSE-EVIDENCE
icons/calls/calls_mute_userpic@3x.png	685c39bf3888c96ecfd067967e9185ba8042746a	1616	icon	NO-RESOURCE-LOCAL-LICENSE-EVIDENCE
icons/calls/calls_present.png	5e0ba09504b4b3ad54acb2133b7cc0c134cabedc	553	icon	NO-RESOURCE-LOCAL-LICENSE-EVIDENCE
icons/calls/calls_present@2x.png	5950f1678992509976b881e511bfc8c3c77d9b28	991	icon	NO-RESOURCE-LOCAL-LICENSE-EVIDENCE
icons/calls/calls_present@3x.png	ae36d18bda8215391a89748b6d850e1d0df9d7e0	1529	icon	NO-RESOURCE-LOCAL-LICENSE-EVIDENCE
icons/calls/calls_settings.png	d965e0a0b6cc29da44d2d92cf5df6714da1a4919	756	icon	NO-RESOURCE-LOCAL-LICENSE-EVIDENCE
icons/calls/calls_settings@2x.png	57fd5eb9713d1ee4855ba044d5743cea2d5b4847	1501	icon	NO-RESOURCE-LOCAL-LICENSE-EVIDENCE
icons/calls/calls_settings@3x.png	c9f788eab991b5209e08af7a4ea012b4422f5ebd	2200	icon	NO-RESOURCE-LOCAL-LICENSE-EVIDENCE
icons/calls/calls_shadow_controls.png	4eb1dcb7081736a2557c0fdc8e35fe6872ff7b72	3972	icon	NO-RESOURCE-LOCAL-LICENSE-EVIDENCE
icons/calls/calls_shadow_controls@2x.png	43be537a4b06f8af1035d0771ebf6792ec61f52d	8061	icon	NO-RESOURCE-LOCAL-LICENSE-EVIDENCE
icons/calls/calls_shadow_controls@3x.png	5de0c7753b034d55a75d7e337cfc98aba97881ba	12549	icon	NO-RESOURCE-LOCAL-LICENSE-EVIDENCE
icons/calls/dialogs_user.png	ddbd7b2d037e97f92bca5f984de8b5e3ddcb7349	239	icon	NO-RESOURCE-LOCAL-LICENSE-EVIDENCE
icons/calls/dialogs_user@2x.png	44ebf40e679920cee4d9b1962bc036ea206f7683	407	icon	NO-RESOURCE-LOCAL-LICENSE-EVIDENCE
icons/calls/dialogs_user@3x.png	2397372594032592da59869b18ee3c657b225d61	542	icon	NO-RESOURCE-LOCAL-LICENSE-EVIDENCE
icons/calls/filled_stream_crown.svg	f1b17ee2be3b0e79f3a8e54da677fd062ce79e0d	1125	icon	NO-RESOURCE-LOCAL-LICENSE-EVIDENCE
icons/calls/group_call_logo.png	b083149297bd7ee81d1e4ef1fb2aaba860574049	1092	icon	NO-RESOURCE-LOCAL-LICENSE-EVIDENCE
icons/calls/group_call_logo@2x.png	ca935f224961d2fa511188babd7336b91be0b1e6	2052	icon	NO-RESOURCE-LOCAL-LICENSE-EVIDENCE
icons/calls/group_call_logo@3x.png	890bab3cb2a8cc76a3e84090ce78b3aefb276e15	3149	icon	NO-RESOURCE-LOCAL-LICENSE-EVIDENCE
icons/calls/group_calls_invited.png	cddca3ac91785b0a2003704ccdd8660c6a8496bd	665	icon	NO-RESOURCE-LOCAL-LICENSE-EVIDENCE
icons/calls/group_calls_invited@2x.png	921e358d077e5786e3dc4339e2ebd645f2465194	1162	icon	NO-RESOURCE-LOCAL-LICENSE-EVIDENCE
icons/calls/group_calls_invited@3x.png	e70c2acad2dbb8f21b05a6c2fb3c7b73508e977d	1798	icon	NO-RESOURCE-LOCAL-LICENSE-EVIDENCE
icons/calls/group_calls_raised_hand.png	ccdaf0ae63eacbbd698202ad4aec91281e6688fb	1008	icon	NO-RESOURCE-LOCAL-LICENSE-EVIDENCE
icons/calls/group_calls_raised_hand@2x.png	74dce355d0abb38849224ff2f49e75cd709ffee9	1712	icon	NO-RESOURCE-LOCAL-LICENSE-EVIDENCE
icons/calls/group_calls_raised_hand@3x.png	879acb7ee9e5db0e333777dfc5409b540e1c316a	2725	icon	NO-RESOURCE-LOCAL-LICENSE-EVIDENCE
icons/calls/group_calls_share.png	cc2dc5b2cb352f0642e26d8ee9798c044deb762e	566	icon	NO-RESOURCE-LOCAL-LICENSE-EVIDENCE
icons/calls/group_calls_share@2x.png	9ce9df041375f34f9dfa919bc6ea0cb90a92a8fc	1027	icon	NO-RESOURCE-LOCAL-LICENSE-EVIDENCE
icons/calls/group_calls_share@3x.png	76abb0e887b18bfa481e92f9c113139d8f04369f	1444	icon	NO-RESOURCE-LOCAL-LICENSE-EVIDENCE
icons/calls/group_calls_unmuted.png	213b54d8a9d48f999a2b1516a6470591dd2d13cf	599	icon	NO-RESOURCE-LOCAL-LICENSE-EVIDENCE
icons/calls/group_calls_unmuted@2x.png	a3f4b226aadd108746a1069d9f3b8f377f448863	1073	icon	NO-RESOURCE-LOCAL-LICENSE-EVIDENCE
icons/calls/group_calls_unmuted@3x.png	e351c3996082646a7ae8fccd2f66d279c32498e9	1563	icon	NO-RESOURCE-LOCAL-LICENSE-EVIDENCE
icons/calls/hands.lottie	04bf1afee8d21dff81070cc7e7c0f0f5e4ad79c8	82433	icon	NO-RESOURCE-LOCAL-LICENSE-EVIDENCE
icons/calls/mini_calls_arrow.png	1ecb968dbd1f23f51d3d90c1a1538e2db8db61f8	240	icon	NO-RESOURCE-LOCAL-LICENSE-EVIDENCE
icons/calls/mini_calls_arrow@2x.png	0effd82481fdb7711d6982f10df9645e47052bb8	324	icon	NO-RESOURCE-LOCAL-LICENSE-EVIDENCE
icons/calls/mini_calls_arrow@3x.png	87dd6a9cb411c0ce82d6b2868eb1434cba414a94	422	icon	NO-RESOURCE-LOCAL-LICENSE-EVIDENCE
icons/calls/navbar_pin.png	a24740603c77fc7a2e5a6db43d7af148c0fbe664	445	icon	NO-RESOURCE-LOCAL-LICENSE-EVIDENCE
icons/calls/navbar_pin@2x.png	862df2676b563a381c5c71ccf0f07b13d5bcd2d4	748	icon	NO-RESOURCE-LOCAL-LICENSE-EVIDENCE
icons/calls/navbar_pin@3x.png	651bf075bfff00d29818ad6df7391aa16d77002b	1057	icon	NO-RESOURCE-LOCAL-LICENSE-EVIDENCE
icons/calls/navbar_pin_filled.png	9059f4c615cd621b63e73d961df67f4ec712254e	389	icon	NO-RESOURCE-LOCAL-LICENSE-EVIDENCE
icons/calls/navbar_pin_filled@2x.png	d75faf36b62604e06efe1f3b86f3cab476e50de9	638	icon	NO-RESOURCE-LOCAL-LICENSE-EVIDENCE
icons/calls/navbar_pin_filled@3x.png	ab1a5b42589dc370395701f671f02060df7f9155	892	icon	NO-RESOURCE-LOCAL-LICENSE-EVIDENCE
icons/calls/video_back.png	77da5ba0370146102f9d9a73d190bb712219f80d	294	icon	NO-RESOURCE-LOCAL-LICENSE-EVIDENCE
icons/calls/video_back@2x.png	be90e5810438fd722248aa4cf4e4265670c068eb	532	icon	NO-RESOURCE-LOCAL-LICENSE-EVIDENCE
icons/calls/video_back@3x.png	9013645fcdc2e9a881d249ffcb4a4e1dcc6c02ab	790	icon	NO-RESOURCE-LOCAL-LICENSE-EVIDENCE
icons/calls/video_large_paused.png	acf2553a815da71e65db46511aad82dc12a8f4e7	1638	icon	NO-RESOURCE-LOCAL-LICENSE-EVIDENCE
icons/calls/video_large_paused@2x.png	c159bbdaac766c52472dffd476cf320923b46bcd	3028	icon	NO-RESOURCE-LOCAL-LICENSE-EVIDENCE
icons/calls/video_large_paused@3x.png	00159c4d7cb1ba85a7307c576f19987b92b8affc	4758	icon	NO-RESOURCE-LOCAL-LICENSE-EVIDENCE
icons/calls/video_mini_invited.png	bd4cc48a8063c6ed837cd6c017e2e4aaf2b52081	359	icon	NO-RESOURCE-LOCAL-LICENSE-EVIDENCE
icons/calls/video_mini_invited@2x.png	cab3af0b1d91448bd16541aef36ef8ac7ee69669	503	icon	NO-RESOURCE-LOCAL-LICENSE-EVIDENCE
icons/calls/video_mini_invited@3x.png	2a3d0be0086e54fa3a7129962fa67b42cccf140c	878	icon	NO-RESOURCE-LOCAL-LICENSE-EVIDENCE
icons/calls/video_mini_mute.png	c96446d3d96eefff3b1013ae62d6062480eda3cf	436	icon	NO-RESOURCE-LOCAL-LICENSE-EVIDENCE
icons/calls/video_mini_mute@2x.png	358fdbfdd415679a500bae666d2afa5145f7f4cc	761	icon	NO-RESOURCE-LOCAL-LICENSE-EVIDENCE
icons/calls/video_mini_mute@3x.png	4be74a8d73e63c84ae9bfb093c54c6e5a50863bb	1138	icon	NO-RESOURCE-LOCAL-LICENSE-EVIDENCE
icons/calls/video_mini_screencast.png	9955d04395583a990d1a718954077a902704b76b	288	icon	NO-RESOURCE-LOCAL-LICENSE-EVIDENCE
icons/calls/video_mini_screencast@2x.png	f77427386d773df496418feeda975fd86289f009	403	icon	NO-RESOURCE-LOCAL-LICENSE-EVIDENCE
icons/calls/video_mini_screencast@3x.png	082e48f0287cc82e9a69b8a34b3c43c27a1ae657	639	icon	NO-RESOURCE-LOCAL-LICENSE-EVIDENCE
icons/calls/video_mini_speak.png	af740e57e2570b7db3843159af0f02ac49ab2589	560	icon	NO-RESOURCE-LOCAL-LICENSE-EVIDENCE
icons/calls/video_mini_speak@2x.png	aa3fe7a0960ec88ab1534b773f32ffaf811ed74e	1058	icon	NO-RESOURCE-LOCAL-LICENSE-EVIDENCE
icons/calls/video_mini_speak@3x.png	ef2f53ed091e33823b6409ead45844ac01aadad5	1533	icon	NO-RESOURCE-LOCAL-LICENSE-EVIDENCE
icons/calls/video_mini_video.png	7fb85a5796dc44a693f478084c7d8e065d2a3b8f	355	icon	NO-RESOURCE-LOCAL-LICENSE-EVIDENCE
icons/calls/video_mini_video@2x.png	6db72fcd63538b95245361ee72c76e5fa54a1104	480	icon	NO-RESOURCE-LOCAL-LICENSE-EVIDENCE
icons/calls/video_mini_video@3x.png	34f1f3f97d9dc9b1acd1b9084842866420496c69	729	icon	NO-RESOURCE-LOCAL-LICENSE-EVIDENCE
icons/calls/video_over_mute.png	349ad3c17720007ece818b6085adde28306ccef9	596	icon	NO-RESOURCE-LOCAL-LICENSE-EVIDENCE
icons/calls/video_over_mute@2x.png	3d65f89b40736c782f150c8b6baf83725b05a956	965	icon	NO-RESOURCE-LOCAL-LICENSE-EVIDENCE
icons/calls/video_over_mute@3x.png	2ba38a81c7426c7998d11def06597a28ab7870d8	1529	icon	NO-RESOURCE-LOCAL-LICENSE-EVIDENCE
icons/calls/video_over_pin.png	4780303572e63825308fb4348e5727f5e96a5ab0	413	icon	NO-RESOURCE-LOCAL-LICENSE-EVIDENCE
icons/calls/video_over_pin@2x.png	801ffdda6c53dfb0c72baf82e8433ef8e9b8f03b	672	icon	NO-RESOURCE-LOCAL-LICENSE-EVIDENCE
icons/calls/video_over_pin@3x.png	cc1bfafa21f12afc47f8a76574a3d520f7b44ca1	876	icon	NO-RESOURCE-LOCAL-LICENSE-EVIDENCE
icons/calls/video_tooltip.png	60ecf2cd7d8d8914d15428dd5fbdcec24d028197	360	icon	NO-RESOURCE-LOCAL-LICENSE-EVIDENCE
icons/calls/video_tooltip@2x.png	37aee8b75ab47fe829a3023c0bbb99deec131de9	622	icon	NO-RESOURCE-LOCAL-LICENSE-EVIDENCE
icons/calls/video_tooltip@3x.png	13a66723a0cd5dd46919060e31be1f91c8daaaad	967	icon	NO-RESOURCE-LOCAL-LICENSE-EVIDENCE
icons/calls/voice.lottie	9f900f8fa5955c67a6e3a56d19e4999dfba5ad38	213132	icon	NO-RESOURCE-LOCAL-LICENSE-EVIDENCE
icons/calls/volume/speaker.png	d7859a773505ed65e74098c8c718e88cbaec9c31	556	icon	NO-RESOURCE-LOCAL-LICENSE-EVIDENCE
icons/calls/volume/speaker@2x.png	76dffc75655d68495247c4809aa2d534d816db53	998	icon	NO-RESOURCE-LOCAL-LICENSE-EVIDENCE
icons/calls/volume/speaker@3x.png	3397ea286b6f29eadb8e2283bf18e3d2135c737a	1464	icon	NO-RESOURCE-LOCAL-LICENSE-EVIDENCE
icons/calls/volume/speaker_small.png	c2ae4490bf6556e9696750876313d363357a7be2	310	icon	NO-RESOURCE-LOCAL-LICENSE-EVIDENCE
icons/calls/volume/speaker_small@2x.png	83ec9546b586cab72657467f8305aac6a3b56390	521	icon	NO-RESOURCE-LOCAL-LICENSE-EVIDENCE
icons/calls/volume/speaker_small@3x.png	6dc605d24ac7b952b0d6b88ad1971deadfe7c95b	734	icon	NO-RESOURCE-LOCAL-LICENSE-EVIDENCE
icons/chat/ai_letters.svg	47c8ce91d6529b2dda8106c3e6a1e199be7708bf	2140	icon	NO-RESOURCE-LOCAL-LICENSE-EVIDENCE
icons/chat/ai_star1.svg	4c62840ce6e7b304657c98fe83b66ec0f89ab073	668	icon	NO-RESOURCE-LOCAL-LICENSE-EVIDENCE
icons/chat/ai_star2.svg	45d06aefd76fb6c9ffac3ee1fb7e57642be456cd	762	icon	NO-RESOURCE-LOCAL-LICENSE-EVIDENCE
icons/chat/ai_style_tone.svg	778574b6790deb105584382556e079a7fbce425a	3844	icon	NO-RESOURCE-LOCAL-LICENSE-EVIDENCE
icons/chat/audio_once.png	4d1f93652302cd716fe27732e3c5dbe8aba3f60c	776	icon	NO-RESOURCE-LOCAL-LICENSE-EVIDENCE
icons/chat/audio_once@2x.png	f66cfbbcb64460699be84a0b5fb13782246fb078	1426	icon	NO-RESOURCE-LOCAL-LICENSE-EVIDENCE
icons/chat/audio_once@3x.png	bce2481c5534a96ce9c1659f2e5b8becf9c2eb20	2115	icon	NO-RESOURCE-LOCAL-LICENSE-EVIDENCE
icons/chat/code_tags.svg	f03e9ce1b3a53b8cafa95ba4bd25b5fd2e331b88	800	icon	NO-RESOURCE-LOCAL-LICENSE-EVIDENCE
icons/chat/ephemeral_badge.png	ecf83ae66bd5c454d2135423f7bd0c102146b551	1056	icon	NO-RESOURCE-LOCAL-LICENSE-EVIDENCE
icons/chat/ephemeral_badge@2x.png	72b8b139e83dc5189176adaaf3e1aa90b19ffed6	1418	icon	NO-RESOURCE-LOCAL-LICENSE-EVIDENCE
icons/chat/ephemeral_badge@3x.png	8a39185e6848d724ddcc79666fe09177f97ccafd	1850	icon	NO-RESOURCE-LOCAL-LICENSE-EVIDENCE
icons/chat/filled_forge.svg	02b46ac4817b3ac25907c7672bbc4420e2e832f9	2861	icon	NO-RESOURCE-LOCAL-LICENSE-EVIDENCE
icons/chat/filled_location.png	12cd2dcc81112e4b61bf1abab39b18c1a0eff905	536	icon	NO-RESOURCE-LOCAL-LICENSE-EVIDENCE
icons/chat/filled_location@2x.png	cdef3f274a76935568c1501b895922906429f340	987	icon	NO-RESOURCE-LOCAL-LICENSE-EVIDENCE
icons/chat/filled_location@3x.png	11caf17cade61efbac78edf521e8528e02b041d8	1525	icon	NO-RESOURCE-LOCAL-LICENSE-EVIDENCE
icons/chat/filled_requests.svg	007a4053281bb7482ebbf4a438c961888284cfa1	2851	icon	NO-RESOURCE-LOCAL-LICENSE-EVIDENCE
icons/chat/input_attach.png	959b6ff3d25877507eca1b854c16f39c55a8112e	808	icon	NO-RESOURCE-LOCAL-LICENSE-EVIDENCE
icons/chat/input_attach@2x.png	d3af81c6f58cdcd5a2a2cc670bbf4486d62730a0	1496	icon	NO-RESOURCE-LOCAL-LICENSE-EVIDENCE
icons/chat/input_attach@3x.png	96ff13d0dc00f77bebe6f873415703bd2e126b88	2122	icon	NO-RESOURCE-LOCAL-LICENSE-EVIDENCE
icons/chat/input_autodelete.png	68f8f7b74e5e5c1ecc243602c95556953bfb6ec5	667	icon	NO-RESOURCE-LOCAL-LICENSE-EVIDENCE
icons/chat/input_autodelete@2x.png	37c858111a613f9bfe8092e5e64a4a8a5ab4ec09	1314	icon	NO-RESOURCE-LOCAL-LICENSE-EVIDENCE
icons/chat/input_autodelete@3x.png	2ad4551d10a08c41e3a11baf846c9101f6b44d05	1987	icon	NO-RESOURCE-LOCAL-LICENSE-EVIDENCE
icons/chat/input_bot_command.png	de47f606a45c2529995649ec219b21c287c3b053	545	icon	NO-RESOURCE-LOCAL-LICENSE-EVIDENCE
icons/chat/input_bot_command@2x.png	fc879a4053afd3b1a734d23ca10861b65033a2ae	936	icon	NO-RESOURCE-LOCAL-LICENSE-EVIDENCE
icons/chat/input_bot_command@3x.png	09308bfe50f16ebb623a299b71a1af534fbaaae2	1397	icon	NO-RESOURCE-LOCAL-LICENSE-EVIDENCE
icons/chat/input_bot_keyboard.png	56366259ce5780d935ea96cad206c4babbe2d4fd	485	icon	NO-RESOURCE-LOCAL-LICENSE-EVIDENCE
icons/chat/input_bot_keyboard@2x.png	fa9c349e3ce1cf1d58532cc37eb6fa702627c22a	839	icon	NO-RESOURCE-LOCAL-LICENSE-EVIDENCE
icons/chat/input_bot_keyboard@3x.png	2ddaa5d2f751139f051eeb9e7a9f45b4bc2df39b	1333	icon	NO-RESOURCE-LOCAL-LICENSE-EVIDENCE
icons/chat/input_bot_keyboard_hide.png	ce48577920e47b3b43d1b7c272c7132604d4e71b	590	icon	NO-RESOURCE-LOCAL-LICENSE-EVIDENCE
icons/chat/input_bot_keyboard_hide@2x.png	b16a2f6347bafb7feca3db01777e01c30d25cc97	1024	icon	NO-RESOURCE-LOCAL-LICENSE-EVIDENCE
icons/chat/input_bot_keyboard_hide@3x.png	80fc2b800c2b506d6234d5ed804f11d6ab94b66a	1530	icon	NO-RESOURCE-LOCAL-LICENSE-EVIDENCE
icons/chat/input_comments_expand.png	2a67d963186765d47d24226ed215c413be2d30bd	833	icon	NO-RESOURCE-LOCAL-LICENSE-EVIDENCE
icons/chat/input_comments_expand@2x.png	5fe041c4ad8ab21e226263a6b66126adb2b9a3d2	1647	icon	NO-RESOURCE-LOCAL-LICENSE-EVIDENCE
icons/chat/input_comments_expand@3x.png	4e675a43f0dc2bebc4c68816f9b42ed85b51fd23	2364	icon	NO-RESOURCE-LOCAL-LICENSE-EVIDENCE
icons/chat/input_comments_hide.png	606fb2c4979c49c017346059045d8805e4ae8646	839	icon	NO-RESOURCE-LOCAL-LICENSE-EVIDENCE
icons/chat/input_comments_hide@2x.png	233fd06490ecc214df5a3e9c2c30f8975654e257	1674	icon	NO-RESOURCE-LOCAL-LICENSE-EVIDENCE
icons/chat/input_comments_hide@3x.png	e6f6d925c0e5b1b23ac05631cb9e2f3f44e73b38	2397	icon	NO-RESOURCE-LOCAL-LICENSE-EVIDENCE
icons/chat/input_discard.svg	e3d394f3c8f21c0b5fcfa35b6c009588172f135b	769	icon	NO-RESOURCE-LOCAL-LICENSE-EVIDENCE
icons/chat/input_draw.png	37f5c854c2d3b9223f900399c58cc710f7f0caf3	953	icon	NO-RESOURCE-LOCAL-LICENSE-EVIDENCE
icons/chat/input_draw@2x.png	0087392e5ef83c0b721627fbf98f66dc3cabfb56	1865	icon	NO-RESOURCE-LOCAL-LICENSE-EVIDENCE
icons/chat/input_draw@3x.png	e2fd682f6a02649003d7c0b142c3b3a595df9f31	2767	icon	NO-RESOURCE-LOCAL-LICENSE-EVIDENCE
icons/chat/input_edit.png	43282531346bdf7d9fa32c1e866f995ef3dbfae0	1493	icon	NO-RESOURCE-LOCAL-LICENSE-EVIDENCE
icons/chat/input_edit@2x.png	70c031a4a54f422dd2a9bfc0feac74811546d3b3	1596	icon	NO-RESOURCE-LOCAL-LICENSE-EVIDENCE
icons/chat/input_edit@3x.png	fa6be01a577223cddfd0bb0c33074346990af3b3	1713	icon	NO-RESOURCE-LOCAL-LICENSE-EVIDENCE
icons/chat/input_forward.png	2d9c78335437873d77d777240c7cec1597533844	759	icon	NO-RESOURCE-LOCAL-LICENSE-EVIDENCE
icons/chat/input_forward@2x.png	26e435458b38ec40a6ec13bf079158b6090c20b7	1393	icon	NO-RESOURCE-LOCAL-LICENSE-EVIDENCE
icons/chat/input_forward@3x.png	488f8e1e109bc5b097eaab02c711b5829e44103e	1881	icon	NO-RESOURCE-LOCAL-LICENSE-EVIDENCE
icons/chat/input_gift.png	eac02d4b2a04b1d8bab45a4eb8dddc826294fd73	679	icon	NO-RESOURCE-LOCAL-LICENSE-EVIDENCE
icons/chat/input_gift@2x.png	51c3472a6e27cee1c9cacfa8b3dfb43dcdb9c883	1144	icon	NO-RESOURCE-LOCAL-LICENSE-EVIDENCE
icons/chat/input_gift@3x.png	d88028bb459bbf56675734723b12b06214b664a6	1588	icon	NO-RESOURCE-LOCAL-LICENSE-EVIDENCE
icons/chat/input_like.png	c7ccead7e2d8a4b30fce9a3dcb2d7f254b984943	699	icon	NO-RESOURCE-LOCAL-LICENSE-EVIDENCE
icons/chat/input_like@2x.png	965ae814b2c68d5018bda421299c1152271acb6a	1356	icon	NO-RESOURCE-LOCAL-LICENSE-EVIDENCE
icons/chat/input_like@3x.png	cb2285df9fa379bd6d931fcd7f198ab171da328d	2003	icon	NO-RESOURCE-LOCAL-LICENSE-EVIDENCE
icons/chat/input_liked.png	5a267ca1dcc25a971c766b452bb6fcd064def113	559	icon	NO-RESOURCE-LOCAL-LICENSE-EVIDENCE
icons/chat/input_liked@2x.png	600b472be6ef34c0a8ec2099cc66bf04ab7eb948	942	icon	NO-RESOURCE-LOCAL-LICENSE-EVIDENCE
icons/chat/input_liked@3x.png	5d6c546e61902de675c4cd4131b4e8f09e0ed329	1362	icon	NO-RESOURCE-LOCAL-LICENSE-EVIDENCE
icons/chat/input_link_settings.png	bd01d4ad19da88b990687ec4193a9279b1258add	829	icon	NO-RESOURCE-LOCAL-LICENSE-EVIDENCE
icons/chat/input_link_settings@2x.png	0eb12d2033a21267742df7b62a3ba3d14892153f	1507	icon	NO-RESOURCE-LOCAL-LICENSE-EVIDENCE
icons/chat/input_link_settings@3x.png	851858fafd273a93da6f4f3c777f7b7542e36b7d	2213	icon	NO-RESOURCE-LOCAL-LICENSE-EVIDENCE
icons/chat/input_paid.svg	1179751c9a6d9e27ea947d27184f1cba42a086df	3380	icon	NO-RESOURCE-LOCAL-LICENSE-EVIDENCE
icons/chat/input_record.png	af2c2eed4b91b90bce5624e98088d8722af71844	597	icon	NO-RESOURCE-LOCAL-LICENSE-EVIDENCE
icons/chat/input_record@2x.png	0d08699510d0f0d0452c781146434a74a87620aa	1086	icon	NO-RESOURCE-LOCAL-LICENSE-EVIDENCE
icons/chat/input_record@3x.png	df31cf9e80fb60190c247f301205c4d738efac4a	1790	icon	NO-RESOURCE-LOCAL-LICENSE-EVIDENCE
icons/chat/input_record_filled.png	d1c14a2c2f7d09275ef5a66ffb071342b652d9eb	507	icon	NO-RESOURCE-LOCAL-LICENSE-EVIDENCE
icons/chat/input_record_filled@2x.png	e02119463ba6eeb6d14d90ab347c2c7b347ba7c6	979	icon	NO-RESOURCE-LOCAL-LICENSE-EVIDENCE
icons/chat/input_record_filled@3x.png	1a2211196a56001650108f4d15c194671dfc991c	1543	icon	NO-RESOURCE-LOCAL-LICENSE-EVIDENCE
icons/chat/input_replace.png	e0bc68cb34897c575afb220447364d0b2815b9f4	749	icon	NO-RESOURCE-LOCAL-LICENSE-EVIDENCE
icons/chat/input_replace@2x.png	3a634692ab1e58b9f231174d097b95cb6323e1f9	1390	icon	NO-RESOURCE-LOCAL-LICENSE-EVIDENCE
icons/chat/input_replace@3x.png	edcd082afde8c4bd6f52ba7911aa53c33b223fcb	1931	icon	NO-RESOURCE-LOCAL-LICENSE-EVIDENCE
icons/chat/input_reply_quote.png	0f0ade5dcd2af8b575bf84de0795d9c906bba6e2	676	icon	NO-RESOURCE-LOCAL-LICENSE-EVIDENCE
icons/chat/input_reply_quote@2x.png	c7bcb7d8eb746bf32d3e0fa1962bad88c36ac1d8	1156	icon	NO-RESOURCE-LOCAL-LICENSE-EVIDENCE
icons/chat/input_reply_quote@3x.png	f1bc500a1f7cc37a577581b8f482f7447311a9c4	1770	icon	NO-RESOURCE-LOCAL-LICENSE-EVIDENCE
icons/chat/input_reply_settings.png	9b67e535c29a7170c36363063d2f05c8d23126fb	711	icon	NO-RESOURCE-LOCAL-LICENSE-EVIDENCE
icons/chat/input_reply_settings@2x.png	2a4aef116e3608f9e1029df99888c99af59a5e10	1358	icon	NO-RESOURCE-LOCAL-LICENSE-EVIDENCE
icons/chat/input_reply_settings@3x.png	e2f131d6aa4356e090975a845a10d10747d31a39	1887	icon	NO-RESOURCE-LOCAL-LICENSE-EVIDENCE
icons/chat/input_save.png	762ae8f4b00fa86196211c4e9f82370a898aa7d7	493	icon	NO-RESOURCE-LOCAL-LICENSE-EVIDENCE
icons/chat/input_save@2x.png	68d1cdfdf438447304a74e193497ddf2e0611c68	874	icon	NO-RESOURCE-LOCAL-LICENSE-EVIDENCE
icons/chat/input_save@3x.png	d0995b86c1bafeb589ecc70bbadcf78803cba2b2	1309	icon	NO-RESOURCE-LOCAL-LICENSE-EVIDENCE
icons/chat/input_schedule.png	f1d0b922d204846c4b46ae13358ffc1838529fbe	743	icon	NO-RESOURCE-LOCAL-LICENSE-EVIDENCE
icons/chat/input_schedule@2x.png	b4debc667af670e80720fd1ad6a7bf4f7ce7b1f8	1586	icon	NO-RESOURCE-LOCAL-LICENSE-EVIDENCE
icons/chat/input_schedule@3x.png	e94d8ef29083c5c281dd70f3c1110199dbfb2957	2360	icon	NO-RESOURCE-LOCAL-LICENSE-EVIDENCE
icons/chat/input_scheduled.png	2f057ff2950196385212b18f28a0595071015128	531	icon	NO-RESOURCE-LOCAL-LICENSE-EVIDENCE
icons/chat/input_scheduled@2x.png	213da8d67380a12a928f5489c947cd5d24127e0c	889	icon	NO-RESOURCE-LOCAL-LICENSE-EVIDENCE
icons/chat/input_scheduled@3x.png	a7e3367638a5693a90a7c177c4a4e1135655ae08	1190	icon	NO-RESOURCE-LOCAL-LICENSE-EVIDENCE
icons/chat/input_scheduled_dot.png	b68359d941bf719ec94ec572640aa10e61bfc0d5	255	icon	NO-RESOURCE-LOCAL-LICENSE-EVIDENCE
icons/chat/input_scheduled_dot@2x.png	e8bd9ed7410b56f938851bf40918d46635058a61	376	icon	NO-RESOURCE-LOCAL-LICENSE-EVIDENCE
icons/chat/input_scheduled_dot@3x.png	d1199622ebb79ba260056f090357612e3259fba8	563	icon	NO-RESOURCE-LOCAL-LICENSE-EVIDENCE
icons/chat/input_send.png	6414c8bfaa3d896cf5b3636b05df309a7d185b4d	598	icon	NO-RESOURCE-LOCAL-LICENSE-EVIDENCE
icons/chat/input_send@2x.png	559248cea3ea5b74cccb64682d23c3417d6472f1	1249	icon	NO-RESOURCE-LOCAL-LICENSE-EVIDENCE
icons/chat/input_send@3x.png	c8d3c00d68d35b132ac457882ce24b8396fc3b9e	1918	icon	NO-RESOURCE-LOCAL-LICENSE-EVIDENCE
icons/chat/input_send_round.png	7052e9116defd866f32548a56783af3cc405d2d0	514	icon	NO-RESOURCE-LOCAL-LICENSE-EVIDENCE
icons/chat/input_send_round@2x.png	92b3b02c7f00e57fdafc21f827933fa39c3e32ba	1012	icon	NO-RESOURCE-LOCAL-LICENSE-EVIDENCE
icons/chat/input_send_round@3x.png	f33a744a6214d0e40a0da32e644e63a8fcb9a4d2	1384	icon	NO-RESOURCE-LOCAL-LICENSE-EVIDENCE
icons/chat/input_silent.png	e109ec8780758d2ff862eb031dde5fca7852a1f3	560	icon	NO-RESOURCE-LOCAL-LICENSE-EVIDENCE
icons/chat/input_silent@2x.png	5e9059e252ac84a19b2606b8174710ef87af5a5a	1063	icon	NO-RESOURCE-LOCAL-LICENSE-EVIDENCE
icons/chat/input_silent@3x.png	e213f6e56048d00c40e86d7c4c3af91ade54736f	1605	icon	NO-RESOURCE-LOCAL-LICENSE-EVIDENCE
icons/chat/input_silent_on.png	1d80850c98f548dd8dc7c80935fcbe9e541e22f5	658	icon	NO-RESOURCE-LOCAL-LICENSE-EVIDENCE
icons/chat/input_silent_on@2x.png	f10fafecaab4a23af760beeac1b35f2facb21b3c	1112	icon	NO-RESOURCE-LOCAL-LICENSE-EVIDENCE
icons/chat/input_silent_on@3x.png	49fc440e1fe45f3b092c0870533d25a88fc0272d	1666	icon	NO-RESOURCE-LOCAL-LICENSE-EVIDENCE
icons/chat/input_smile_face.png	8d836cef461d7a001a40b0e5a565cf7c90102d65	365	icon	NO-RESOURCE-LOCAL-LICENSE-EVIDENCE
icons/chat/input_smile_face@2x.png	88c4320b7d13d5163bdf0fb1985250787c8378f5	592	icon	NO-RESOURCE-LOCAL-LICENSE-EVIDENCE
icons/chat/input_smile_face@3x.png	6e26d44aba9e1092c01e684d980df6832a4c1f12	881	icon	NO-RESOURCE-LOCAL-LICENSE-EVIDENCE
icons/chat/input_video.png	34a71853d435f3852e253d9303512b893ecc5832	621	icon	NO-RESOURCE-LOCAL-LICENSE-EVIDENCE
icons/chat/input_video@2x.png	0657613a8aae906239676e8bc939d41e5e352daf	1289	icon	NO-RESOURCE-LOCAL-LICENSE-EVIDENCE
icons/chat/input_video@3x.png	9fb24d542a5c35453165c17288d4256d54f3212b	2000	icon	NO-RESOURCE-LOCAL-LICENSE-EVIDENCE
icons/chat/large_away.png	b0a943e0c0746f4ed2c041fcea764492cc1ab4c0	1996	icon	NO-RESOURCE-LOCAL-LICENSE-EVIDENCE
icons/chat/large_away@2x.png	ca2b6adb6104e97f20a7b84aec2690c6aa6ee4b3	4375	icon	NO-RESOURCE-LOCAL-LICENSE-EVIDENCE
icons/chat/large_away@3x.png	064090f7689ca16dc908bfdd8758dcab39c3bbce	5879	icon	NO-RESOURCE-LOCAL-LICENSE-EVIDENCE
icons/chat/large_lockedchat.png	812b705b30dc0255fee607734f1b50cc8ed2879f	1219	icon	NO-RESOURCE-LOCAL-LICENSE-EVIDENCE
icons/chat/large_lockedchat@2x.png	30bf73e9b7ead216c6a5c51c227542a7b9751a50	2328	icon	NO-RESOURCE-LOCAL-LICENSE-EVIDENCE
icons/chat/large_lockedchat@3x.png	a0174e129552aefd361e0141a49de51af8114b86	3552	icon	NO-RESOURCE-LOCAL-LICENSE-EVIDENCE
icons/chat/large_messages.png	f2b2fda9d0633da89dbe047b3a0859565433221e	1184	icon	NO-RESOURCE-LOCAL-LICENSE-EVIDENCE
icons/chat/large_messages@2x.png	c4a0821ec60db83f67492399a57aef34bbfcc267	2303	icon	NO-RESOURCE-LOCAL-LICENSE-EVIDENCE
icons/chat/large_messages@3x.png	1d5b682e32d250f20f3f00869a54f3bcd7e1a3da	3524	icon	NO-RESOURCE-LOCAL-LICENSE-EVIDENCE
icons/chat/large_quickreply.png	084b399ea386d5025874dc41c57bef637f0d4a7b	1940	icon	NO-RESOURCE-LOCAL-LICENSE-EVIDENCE
icons/chat/large_quickreply@2x.png	5ec1ffe4fe582289267356dc0ab165ae510d86f8	4363	icon	NO-RESOURCE-LOCAL-LICENSE-EVIDENCE
icons/chat/large_quickreply@3x.png	8bc18f9ade734a10abf715683c6948dbe8e39f70	5764	icon	NO-RESOURCE-LOCAL-LICENSE-EVIDENCE
icons/chat/large_user_tag.svg	ed97783eba20fa7b63b8a40a13a0756c9d33fd26	2605	icon	NO-RESOURCE-LOCAL-LICENSE-EVIDENCE
icons/chat/large_welcome.svg	30b849ae8e3093186b572fa5ae6693148725875f	3904	icon	NO-RESOURCE-LOCAL-LICENSE-EVIDENCE
icons/chat/link_photo_enlarge.png	c4ba35289e0e7b521d0448a6abe84d9dda19f0df	661	icon	NO-RESOURCE-LOCAL-LICENSE-EVIDENCE
icons/chat/link_photo_enlarge@2x.png	02e1328ed30d4ff39d51016a7003a0784e824235	1171	icon	NO-RESOURCE-LOCAL-LICENSE-EVIDENCE
icons/chat/link_photo_enlarge@3x.png	3dbc8aad427ac0930a1920afa2e698ebf5a16ad7	1813	icon	NO-RESOURCE-LOCAL-LICENSE-EVIDENCE
icons/chat/live_location_long.png	847930f549c6a70c90798213cbfdc6becb5414f6	416	icon	NO-RESOURCE-LOCAL-LICENSE-EVIDENCE
icons/chat/live_location_long@2x.png	d4c0182008a996804ac48b4c201e86fc628f551f	913	icon	NO-RESOURCE-LOCAL-LICENSE-EVIDENCE
icons/chat/live_location_long@3x.png	3a8cd36b53d105ad14199abfbe61d56ff057b0c8	1588	icon	NO-RESOURCE-LOCAL-LICENSE-EVIDENCE
icons/chat/markup_webview.png	801937d7c6bc79c7820f888051ef0e00731bbe50	663	icon	NO-RESOURCE-LOCAL-LICENSE-EVIDENCE
icons/chat/markup_webview@2x.png	068f4f00b5ecb3580c9215ad60508f6dd739e5d3	761	icon	NO-RESOURCE-LOCAL-LICENSE-EVIDENCE
icons/chat/markup_webview@3x.png	d52aa42c98d39d4a9a0c4b63869649601ee8cd1e	1119	icon	NO-RESOURCE-LOCAL-LICENSE-EVIDENCE
icons/chat/menu_sidebar1.svg	ae5d1b0c451e50b07514752415f8df577a37b6a8	1524	icon	NO-RESOURCE-LOCAL-LICENSE-EVIDENCE
icons/chat/menu_sidebar2.svg	177ce3e81d012dfdf6db4787d2c772ecddc7673d	1565	icon	NO-RESOURCE-LOCAL-LICENSE-EVIDENCE
icons/chat/menu_sidebar3.svg	7d47fa76829d828c638c964c52c74e6266c6e255	1565	icon	NO-RESOURCE-LOCAL-LICENSE-EVIDENCE
icons/chat/mini_copy.png	05af01e49ab50834e564d8796b47da01317c1dd8	324	icon	NO-RESOURCE-LOCAL-LICENSE-EVIDENCE
icons/chat/mini_copy@2x.png	69693d749154beb9ffbafd44a73a4bc73ffca436	484	icon	NO-RESOURCE-LOCAL-LICENSE-EVIDENCE
icons/chat/mini_copy@3x.png	809361d53bdeeed090269cd20237f234127d743c	623	icon	NO-RESOURCE-LOCAL-LICENSE-EVIDENCE
icons/chat/mini_external_link.svg	aa335ce4763521cd1fd7d79cc9180c78c3f11a90	396	icon	NO-RESOURCE-LOCAL-LICENSE-EVIDENCE
icons/chat/mini_gift_hidden.png	3c7afb68fbdb440ca74d086341448f22af47aca9	544	icon	NO-RESOURCE-LOCAL-LICENSE-EVIDENCE
icons/chat/mini_gift_hidden@2x.png	c212d24dfdfa0a27577f8792147d5fd731b5fa28	938	icon	NO-RESOURCE-LOCAL-LICENSE-EVIDENCE
icons/chat/mini_gift_hidden@3x.png	cb21e63b36433c15dc9c150d19245d1dfe25b284	1360	icon	NO-RESOURCE-LOCAL-LICENSE-EVIDENCE
icons/chat/mini_hidden.svg	1019c07bc6856e99cd763bceca25bc7141b72628	1015	icon	NO-RESOURCE-LOCAL-LICENSE-EVIDENCE
icons/chat/mini_info_alert.png	8c79b97d3ba509237c79ae3dd40945b59b151186	311	icon	NO-RESOURCE-LOCAL-LICENSE-EVIDENCE
icons/chat/mini_info_alert@2x.png	e36a5ed4105a53a9b7ded128ef00b9d0b3999b56	578	icon	NO-RESOURCE-LOCAL-LICENSE-EVIDENCE
icons/chat/mini_info_alert@3x.png	1c8cfe8edec237d33b52a394abf5e35d74fc1ce1	829	icon	NO-RESOURCE-LOCAL-LICENSE-EVIDENCE
icons/chat/mini_lock.png	a81e9beb5ec25e5408f953e407048574badf0332	266	icon	NO-RESOURCE-LOCAL-LICENSE-EVIDENCE
icons/chat/mini_lock@2x.png	e4936715f99a53bb82be6361c1fe0d118cbcce1a	358	icon	NO-RESOURCE-LOCAL-LICENSE-EVIDENCE
icons/chat/mini_lock@3x.png	2fd8ee86a64f4af86d4e9f3a97266a5e38dfccec	489	icon	NO-RESOURCE-LOCAL-LICENSE-EVIDENCE
icons/chat/mini_media_once.png	8984491b7ae14c859e3ee0d51a336e8a75197115	561	icon	NO-RESOURCE-LOCAL-LICENSE-EVIDENCE
icons/chat/mini_media_once@2x.png	f8514d3af5b634e8db539d644ce7ac5860077641	1011	icon	NO-RESOURCE-LOCAL-LICENSE-EVIDENCE
icons/chat/mini_media_once@3x.png	3900061be980c1112d770648672640ff6bd25f14	1465	icon	NO-RESOURCE-LOCAL-LICENSE-EVIDENCE
icons/chat/mini_quote.png	7c021f6ef96e5b0666950b1998eff6c7ca88bcbc	1544	icon	NO-RESOURCE-LOCAL-LICENSE-EVIDENCE
icons/chat/mini_quote@2x.png	f4a9b43f59f699a0dd17be5af1372b8d397d92df	1710	icon	NO-RESOURCE-LOCAL-LICENSE-EVIDENCE
icons/chat/mini_quote@3x.png	2c572bd02c85bec4ee2d72543a704b64a225b33f	1912	icon	NO-RESOURCE-LOCAL-LICENSE-EVIDENCE
icons/chat/mini_roll.svg	158f3d10b88476b34ed8bc18c0e8ec762c9c5ce0	3187	icon	NO-RESOURCE-LOCAL-LICENSE-EVIDENCE
icons/chat/mini_shield_lock.svg	cd3713bc3e7bf413732cb36980870db0ec8b9346	3350	icon	NO-RESOURCE-LOCAL-LICENSE-EVIDENCE
icons/chat/mini_stars.png	f34408394a22821299033f01002dda3e19490d9d	349	icon	NO-RESOURCE-LOCAL-LICENSE-EVIDENCE
icons/chat/mini_stars@2x.png	d7d61cf6a7889d7869899f1c9d14575f4cd2bc33	565	icon	NO-RESOURCE-LOCAL-LICENSE-EVIDENCE
icons/chat/mini_stars@3x.png	4a754e21a4312b535add199ffcadb81a63737fb3	740	icon	NO-RESOURCE-LOCAL-LICENSE-EVIDENCE
icons/chat/mini_subscribers.png	d9cac3f6324409282abc7e00215aa947ef6d9322	261	icon	NO-RESOURCE-LOCAL-LICENSE-EVIDENCE
icons/chat/mini_subscribers@2x.png	1e6a9f0540a5c7766a36b41b4efbc1434c2d431b	399	icon	NO-RESOURCE-LOCAL-LICENSE-EVIDENCE
icons/chat/mini_subscribers@3x.png	1e4a68bc70291cd64b1d339ca83305f5fe611b7a	557	icon	NO-RESOURCE-LOCAL-LICENSE-EVIDENCE
icons/chat/mini_ton_bold.svg	a81c8e7491856af7834083763b9dfa1a0c1ef59e	2016	icon	NO-RESOURCE-LOCAL-LICENSE-EVIDENCE
icons/chat/new_thread.svg	bcf13e4ce5cdd2078e03962140e6cec612f223ad	1194	icon	NO-RESOURCE-LOCAL-LICENSE-EVIDENCE
icons/chat/new_topic.svg	51edcba31bd8e8cd5926576eb16245ec655a9e6a	2528	icon	NO-RESOURCE-LOCAL-LICENSE-EVIDENCE
icons/chat/paid_approve.svg	c122dca22d2f74331fff08c04f66597766d3b1bd	999	icon	NO-RESOURCE-LOCAL-LICENSE-EVIDENCE
icons/chat/paid_decline.svg	66f52af7ea30e8056128c8eceb87ee0b9457dc44	1377	icon	NO-RESOURCE-LOCAL-LICENSE-EVIDENCE
icons/chat/paid_edit.svg	5b4ec4a48902663b492e11c7293cea5760994cee	1180	icon	NO-RESOURCE-LOCAL-LICENSE-EVIDENCE
icons/chat/reactions_bubble.png	b7c42875716ebbdd65f5595c65214da0245fc30c	331	icon	NO-RESOURCE-LOCAL-LICENSE-EVIDENCE
icons/chat/reactions_bubble@2x.png	d98f191943516e273f02277e31555312553d2b29	531	icon	NO-RESOURCE-LOCAL-LICENSE-EVIDENCE
icons/chat/reactions_bubble@3x.png	53bbc4cf995a3bdab62188da96081053e8b944a6	772	icon	NO-RESOURCE-LOCAL-LICENSE-EVIDENCE
icons/chat/reactions_bubble_shadow.png	27cecc54bfe27bba70bac01d27150deae59a7602	496	icon	NO-RESOURCE-LOCAL-LICENSE-EVIDENCE
icons/chat/reactions_bubble_shadow@2x.png	d6875ca3220304d396f3570e3443b14f53bf871f	967	icon	NO-RESOURCE-LOCAL-LICENSE-EVIDENCE
icons/chat/reactions_bubble_shadow@3x.png	2e8f80f731632b156fdbff72e03820023b318ddf	1671	icon	NO-RESOURCE-LOCAL-LICENSE-EVIDENCE
icons/chat/reactions_expand_panel.png	35ceca70c5b47c0c4fa5da7559c3591acda7cb3a	244	icon	NO-RESOURCE-LOCAL-LICENSE-EVIDENCE
icons/chat/reactions_expand_panel@2x.png	b76326d453fb38194cb76c4541adf674d55cdb19	337	icon	NO-RESOURCE-LOCAL-LICENSE-EVIDENCE
icons/chat/reactions_expand_panel@3x.png	3c5a48b5f334d6db32148d0cccc4621f840fc208	465	icon	NO-RESOURCE-LOCAL-LICENSE-EVIDENCE
icons/chat/reactions_premium_bg.png	fbac75ad6d809a72b8dbf515b8bff7591651cbe6	418	icon	NO-RESOURCE-LOCAL-LICENSE-EVIDENCE
icons/chat/reactions_premium_bg@2x.png	20cc69e9c562154989a8c0db283df32d4cdef5dc	803	icon	NO-RESOURCE-LOCAL-LICENSE-EVIDENCE
icons/chat/reactions_premium_bg@3x.png	791ae612c618f35cbd37ff0554b850d137110f85	1157	icon	NO-RESOURCE-LOCAL-LICENSE-EVIDENCE
icons/chat/reactions_premium_star.png	6e14fb0084c8ae8c1efb3a00f1e772687934b8b3	545	icon	NO-RESOURCE-LOCAL-LICENSE-EVIDENCE
icons/chat/reactions_premium_star@2x.png	c2d4aea54dbe08d262494609395b1b8c06a6c8b8	956	icon	NO-RESOURCE-LOCAL-LICENSE-EVIDENCE
icons/chat/reactions_premium_star@3x.png	e46f5c98ea693d863b4c56438ad2334023196f8a	1332	icon	NO-RESOURCE-LOCAL-LICENSE-EVIDENCE
icons/chat/reactions_round_big.png	773b9f1c9fabec0706e9559b4d344a2f56bfd85f	398	icon	NO-RESOURCE-LOCAL-LICENSE-EVIDENCE
icons/chat/reactions_round_big@2x.png	e74f7fc488f6832dd9d91bfe8da239e599b37d8b	691	icon	NO-RESOURCE-LOCAL-LICENSE-EVIDENCE
icons/chat/reactions_round_big@3x.png	d0007a00bc0fd333b5d37a65ee72a46cbc4d9830	1072	icon	NO-RESOURCE-LOCAL-LICENSE-EVIDENCE
icons/chat/reactions_round_small.png	32df70aae7faa9632b61d8627fdd46e995027c80	359	icon	NO-RESOURCE-LOCAL-LICENSE-EVIDENCE
icons/chat/reactions_round_small@2x.png	548d984c8cbb5246da52023ee4cdd012b019ce85	670	icon	NO-RESOURCE-LOCAL-LICENSE-EVIDENCE
icons/chat/reactions_round_small@3x.png	e5f648353caabec06e19cb537ce5aa6cc5aa9534	947	icon	NO-RESOURCE-LOCAL-LICENSE-EVIDENCE
icons/chat/refresh.svg	10e1e400ace30d642c6d26f97af7134bbcefe4ac	4231	icon	NO-RESOURCE-LOCAL-LICENSE-EVIDENCE
icons/chat/reply_type_channel.png	8aa9e90f8a9f511de6e5823d112727aae6d6b9f6	277	icon	NO-RESOURCE-LOCAL-LICENSE-EVIDENCE
icons/chat/reply_type_channel@2x.png	cb8bb8c2bfca050e092ade54bf5e45490a6a1fa8	474	icon	NO-RESOURCE-LOCAL-LICENSE-EVIDENCE
icons/chat/reply_type_channel@3x.png	e659c35ac1de298c938ba37dc8261fec5cedd32a	619	icon	NO-RESOURCE-LOCAL-LICENSE-EVIDENCE
icons/chat/reply_type_group.png	b40ba4b8140488abcc9a57be4ee43489d69ce6d3	324	icon	NO-RESOURCE-LOCAL-LICENSE-EVIDENCE
icons/chat/reply_type_group@2x.png	8ad079fb38eaa26ae1fc2f5c6300eff55af6fece	610	icon	NO-RESOURCE-LOCAL-LICENSE-EVIDENCE
icons/chat/reply_type_group@3x.png	11dd58c192309892ab77312c0e7a00e1f2f0db9f	890	icon	NO-RESOURCE-LOCAL-LICENSE-EVIDENCE
icons/chat/reply_type_user.png	f2d6cf6fcd20a6a85ce39a3fdf30398f57f832c2	239	icon	NO-RESOURCE-LOCAL-LICENSE-EVIDENCE
icons/chat/reply_type_user@2x.png	8ef54da954090e36d0c4c93727f71a01ffd9b261	416	icon	NO-RESOURCE-LOCAL-LICENSE-EVIDENCE
icons/chat/reply_type_user@3x.png	67a947f36d87a651e119f5bd42f9f0dd0d3ececa	554	icon	NO-RESOURCE-LOCAL-LICENSE-EVIDENCE
icons/chat/summary_arrows.svg	97d5de2d02de6969f74309c824a8c957a310cc7b	549	icon	NO-RESOURCE-LOCAL-LICENSE-EVIDENCE
icons/chat/summary_stars.svg	f6ac6f60398621c0dd725badb32db09809161a44	1662	icon	NO-RESOURCE-LOCAL-LICENSE-EVIDENCE
icons/chat/text_to_file.svg	d3d7ce7039599c8fbb92c3b883dc9b665f86d5c2	3751	icon	NO-RESOURCE-LOCAL-LICENSE-EVIDENCE
icons/chat/unsupported_plane.svg	9eea4176e8280aecec72c2bdba6d2d2d3fb40974	1487	icon	NO-RESOURCE-LOCAL-LICENSE-EVIDENCE
icons/chat/voice_to_text.png	b677a7c5e54976605ac37a4ec441684d4c67d242	494	icon	NO-RESOURCE-LOCAL-LICENSE-EVIDENCE
icons/chat/voice_to_text@2x.png	224b40bb369d3356ae4e386bab3ee5cdcd95e7a9	816	icon	NO-RESOURCE-LOCAL-LICENSE-EVIDENCE
icons/chat/voice_to_text@3x.png	731ba5aad67076825e1b7088ab7666f5c683b14f	1141	icon	NO-RESOURCE-LOCAL-LICENSE-EVIDENCE
icons/chat/voice_to_text_collapse.png	752f8be2fe586084ec7603eb6b350fde6bdaaf80	259	icon	NO-RESOURCE-LOCAL-LICENSE-EVIDENCE
icons/chat/voice_to_text_collapse@2x.png	da161b7338abc86fd51d5136f9067dbf53c37205	360	icon	NO-RESOURCE-LOCAL-LICENSE-EVIDENCE
icons/chat/voice_to_text_collapse@3x.png	204ffcbac71506127d6a373b1c055f0438a66038	471	icon	NO-RESOURCE-LOCAL-LICENSE-EVIDENCE
icons/color_slider_arrow.png	f874974a3b871b86f1ca83b6b7a44f329f6de3c7	152	icon	NO-RESOURCE-LOCAL-LICENSE-EVIDENCE
icons/color_slider_arrow@2x.png	cf8a23dc7b7b2a90c653963b1fcf3746ba0a8ba5	193	icon	NO-RESOURCE-LOCAL-LICENSE-EVIDENCE
icons/color_slider_arrow@3x.png	a138e9575eb892b6f1871efefa06c3938aede643	310	icon	NO-RESOURCE-LOCAL-LICENSE-EVIDENCE
icons/color_slider_arrow_vertical.png	1de79ef0887fe74c6b2f75487f861a05198616f3	175	icon	NO-RESOURCE-LOCAL-LICENSE-EVIDENCE
icons/color_slider_arrow_vertical@2x.png	001b70d184c0f336d6be7176e864588c7a4be122	236	icon	NO-RESOURCE-LOCAL-LICENSE-EVIDENCE
icons/color_slider_arrow_vertical@3x.png	709206ef51c33ed8d10d6a0c78987b6357013ea1	357	icon	NO-RESOURCE-LOCAL-LICENSE-EVIDENCE
icons/community/requests_hidden.svg	3ff470ba87159161169fe43b82932110c82f72f5	1815	icon	NO-RESOURCE-LOCAL-LICENSE-EVIDENCE
icons/community/requests_members.svg	3bda14e0599a5157413460c9ceded2a4fa6bf68f	1848	icon	NO-RESOURCE-LOCAL-LICENSE-EVIDENCE
icons/connecting_body.png	293c1e8d20599c74ba2517cb07c11546c90870d6	95	icon	NO-RESOURCE-LOCAL-LICENSE-EVIDENCE
icons/connecting_body@2x.png	d5a9ac629bb74ee7b41027b6ea467909d1271c1e	112	icon	NO-RESOURCE-LOCAL-LICENSE-EVIDENCE
icons/connecting_body@3x.png	7131bf7411704c1fbae4f6de1b21f58493fa9964	144	icon	NO-RESOURCE-LOCAL-LICENSE-EVIDENCE
icons/connecting_body_shadow.png	713f78630eace05b448b57d3aab823e461e37cbb	117	icon	NO-RESOURCE-LOCAL-LICENSE-EVIDENCE
icons/connecting_body_shadow@2x.png	7cc19ea5c131714d3cc3e3f51c7d3bceb74032c1	151	icon	NO-RESOURCE-LOCAL-LICENSE-EVIDENCE
icons/connecting_body_shadow@3x.png	b5e7dbee0e92f117b7c385ef71217a0086199dcf	207	icon	NO-RESOURCE-LOCAL-LICENSE-EVIDENCE
icons/connecting_left.png	a292c9bace2450dbd606cfa3baae3e5a74c375d2	357	icon	NO-RESOURCE-LOCAL-LICENSE-EVIDENCE
icons/connecting_left@2x.png	d1d8e5e508d14978764a1c3e307e1fbfe5a1ccaf	717	icon	NO-RESOURCE-LOCAL-LICENSE-EVIDENCE
icons/connecting_left@3x.png	a2e7964d68f9cc1b79e96bbf5459e4f9eb5ea97e	940	icon	NO-RESOURCE-LOCAL-LICENSE-EVIDENCE
icons/connecting_left_shadow.png	521df42c7b181022f7c2ca4cc82ede3118531389	550	icon	NO-RESOURCE-LOCAL-LICENSE-EVIDENCE
icons/connecting_left_shadow@2x.png	d6fa4c87e6bd131313a4d7d98f0a2fd0b9557f47	1089	icon	NO-RESOURCE-LOCAL-LICENSE-EVIDENCE
icons/connecting_left_shadow@3x.png	19151f98f71409c3add044f7267945408b314129	1542	icon	NO-RESOURCE-LOCAL-LICENSE-EVIDENCE
icons/connecting_right.png	a57b9a55940c24cd816839ea80ff1a0676827b0c	347	icon	NO-RESOURCE-LOCAL-LICENSE-EVIDENCE
icons/connecting_right@2x.png	f38785766913b9057c9651d2d213192890697b0f	679	icon	NO-RESOURCE-LOCAL-LICENSE-EVIDENCE
icons/connecting_right@3x.png	cb40c007c10b04070fd1959cbff48d539207f729	926	icon	NO-RESOURCE-LOCAL-LICENSE-EVIDENCE
icons/connecting_right_shadow.png	e5738cbb40fec842819fcaf9ddb55a5742390608	573	icon	NO-RESOURCE-LOCAL-LICENSE-EVIDENCE
icons/connecting_right_shadow@2x.png	efc009fec3d69e9573ef76cb00d9c87a2d0c5412	1143	icon	NO-RESOURCE-LOCAL-LICENSE-EVIDENCE
icons/connecting_right_shadow@3x.png	e4a43e6793e131d3a52d757f0f432b84a2f49ad1	1641	icon	NO-RESOURCE-LOCAL-LICENSE-EVIDENCE
icons/contacts_alphabet.png	0e7e3c44ab7fc617f1e10f63baf823c387617c56	480	icon	NO-RESOURCE-LOCAL-LICENSE-EVIDENCE
icons/contacts_alphabet@2x.png	8b81881f38a710d01d5167ad265b9e35af7ded12	793	icon	NO-RESOURCE-LOCAL-LICENSE-EVIDENCE
icons/contacts_alphabet@3x.png	930728caadbadd3927bf7c0edd417e378a90a3be	1147	icon	NO-RESOURCE-LOCAL-LICENSE-EVIDENCE
icons/contacts_online.png	86079b2b7f1982e214a7266cffd549ec11729de9	449	icon	NO-RESOURCE-LOCAL-LICENSE-EVIDENCE
icons/contacts_online@2x.png	e059f3e9dc772d05b1688bee9e5dfcc2b311872b	697	icon	NO-RESOURCE-LOCAL-LICENSE-EVIDENCE
icons/contacts_online@3x.png	ed58ef9f00ffeb94263233590ef22e07aed3b844	1089	icon	NO-RESOURCE-LOCAL-LICENSE-EVIDENCE
icons/dialogs/avatar_hidden.png	e032148c8ad27daa74cf34e8a36426fde980e569	919	icon	NO-RESOURCE-LOCAL-LICENSE-EVIDENCE
icons/dialogs/avatar_hidden@2x.png	ef143054e1659b1b3f36a5573a3eda115f1b8ee3	1764	icon	NO-RESOURCE-LOCAL-LICENSE-EVIDENCE
icons/dialogs/avatar_hidden@3x.png	f6ef6b733b92c3d03febd6e582f0ed83919f97f4	2618	icon	NO-RESOURCE-LOCAL-LICENSE-EVIDENCE
icons/dialogs/avatar_notes.png	740d389103c94030286c9b255737ee4a125ae381	753	icon	NO-RESOURCE-LOCAL-LICENSE-EVIDENCE
icons/dialogs/avatar_notes@2x.png	98dc7c89cfd385ca6b5f66116761e014afe93e10	1315	icon	NO-RESOURCE-LOCAL-LICENSE-EVIDENCE
icons/dialogs/avatar_notes@3x.png	735961bd9030bb3f1358d1c19008fa60f37489e3	1842	icon	NO-RESOURCE-LOCAL-LICENSE-EVIDENCE
icons/dialogs/dialogs_bot.png	1cc7b96f58cbcd19b51172c0920cd5c26f86f697	277	icon	NO-RESOURCE-LOCAL-LICENSE-EVIDENCE
icons/dialogs/dialogs_bot@2x.png	72c543fe5417eb17ef96b5678bac48726593623e	482	icon	NO-RESOURCE-LOCAL-LICENSE-EVIDENCE
icons/dialogs/dialogs_bot@3x.png	df065a3d3fe72501557de380b2228b5eb1705f62	715	icon	NO-RESOURCE-LOCAL-LICENSE-EVIDENCE
icons/dialogs/dialogs_calendar.png	5114466a1d5714bc3f1f903978db75ad8d543f56	387	icon	NO-RESOURCE-LOCAL-LICENSE-EVIDENCE
icons/dialogs/dialogs_calendar@2x.png	4e9c9468193a652a0ecdae6a8fd4a1e73c8d6909	519	icon	NO-RESOURCE-LOCAL-LICENSE-EVIDENCE
icons/dialogs/dialogs_calendar@3x.png	de54df8012a1d5146ac72ea4d512e3daaf7f5235	762	icon	NO-RESOURCE-LOCAL-LICENSE-EVIDENCE
icons/dialogs/dialogs_cancel_search.png	c52c80cd75383dec8dd05fa7335f0c3a5110babb	284	icon	NO-RESOURCE-LOCAL-LICENSE-EVIDENCE
icons/dialogs/dialogs_cancel_search@2x.png	7557a51cae2d7be7cb1b6ee9227ce899112dafc1	397	icon	NO-RESOURCE-LOCAL-LICENSE-EVIDENCE
icons/dialogs/dialogs_cancel_search@3x.png	4a2a700ccf4ce01389c7526ede697e57eb457a68	498	icon	NO-RESOURCE-LOCAL-LICENSE-EVIDENCE
icons/dialogs/dialogs_channel.png	4bebdc3590c51790e0a00d5eab8b06a04a244dbc	353	icon	NO-RESOURCE-LOCAL-LICENSE-EVIDENCE
icons/dialogs/dialogs_channel@2x.png	32476163cd7ba209149c9ccf47abe42d988dab47	564	icon	NO-RESOURCE-LOCAL-LICENSE-EVIDENCE
icons/dialogs/dialogs_channel@3x.png	995afdc0cc9ae09e6a3a4212b4ac86ba1d0a5321	754	icon	NO-RESOURCE-LOCAL-LICENSE-EVIDENCE
icons/dialogs/dialogs_chat.png	733b510a1cfe4b587cd99962783359d81e298886	400	icon	NO-RESOURCE-LOCAL-LICENSE-EVIDENCE
icons/dialogs/dialogs_chat@2x.png	9541c39632c35f06d87e79f135aaf977dfebd723	688	icon	NO-RESOURCE-LOCAL-LICENSE-EVIDENCE
icons/dialogs/dialogs_chat@3x.png	7ab5802ed592b34c1f55d4e917c3bfd1235df719	987	icon	NO-RESOURCE-LOCAL-LICENSE-EVIDENCE
icons/dialogs/dialogs_chatlist_call_incoming.svg	9ad2396ee1b9cb6b636ea7cefa04f88a29f6bf91	848	icon	NO-RESOURCE-LOCAL-LICENSE-EVIDENCE
icons/dialogs/dialogs_chatlist_call_outgoing.svg	f14e02d9a9e394e32a662a8617ad9a0c74e64cdc	833	icon	NO-RESOURCE-LOCAL-LICENSE-EVIDENCE
icons/dialogs/dialogs_chatlist_mention.svg	7eaf976ae69e7b17d236162c182db73f5a5291d5	1777	icon	NO-RESOURCE-LOCAL-LICENSE-EVIDENCE
icons/dialogs/dialogs_chatlist_poll.svg	95226d86f3a72635d9b8d05b990e901a449a863e	949	icon	NO-RESOURCE-LOCAL-LICENSE-EVIDENCE
icons/dialogs/dialogs_chatlist_reaction.svg	901a7a9825dd5920c8d969529caeb4fd378b9a1d	1000	icon	NO-RESOURCE-LOCAL-LICENSE-EVIDENCE
icons/dialogs/dialogs_chatlist_video_call_incoming.svg	8054846c3bf1cd315a7d65d90fa3ea0375bd2546	1302	icon	NO-RESOURCE-LOCAL-LICENSE-EVIDENCE
icons/dialogs/dialogs_chatlist_video_call_outgoing.svg	ed65b228caf49114a3f88b165d36aaec5f3951d1	1312	icon	NO-RESOURCE-LOCAL-LICENSE-EVIDENCE
icons/dialogs/dialogs_downloads.png	fd23ff3c81582f44dfbaddef5e4ad4b39cccfc55	390	icon	NO-RESOURCE-LOCAL-LICENSE-EVIDENCE
icons/dialogs/dialogs_downloads@2x.png	e52d981fcf165bc037e6b783f5949e00d959664e	696	icon	NO-RESOURCE-LOCAL-LICENSE-EVIDENCE
icons/dialogs/dialogs_downloads@3x.png	24b4d8af1da42a25e155698bdfe5afb543d24e63	1020	icon	NO-RESOURCE-LOCAL-LICENSE-EVIDENCE
icons/dialogs/dialogs_forum.png	3b589bf06f0657eb19325c7ffbbc651dcf98af38	469	icon	NO-RESOURCE-LOCAL-LICENSE-EVIDENCE
icons/dialogs/dialogs_forum@2x.png	e0b170f748ca0b12caee2e338b642a0d0da84313	902	icon	NO-RESOURCE-LOCAL-LICENSE-EVIDENCE
icons/dialogs/dialogs_forum@3x.png	43cf0b718af4c3862bd4c61326680bc574851f71	1285	icon	NO-RESOURCE-LOCAL-LICENSE-EVIDENCE
icons/dialogs/dialogs_lock_off.png	2459e11373947bac31650a2acdc80cd38c85aebf	327	icon	NO-RESOURCE-LOCAL-LICENSE-EVIDENCE
icons/dialogs/dialogs_lock_off@2x.png	33b77eb3fa06701d9ae8fef05941249fb820001f	541	icon	NO-RESOURCE-LOCAL-LICENSE-EVIDENCE
icons/dialogs/dialogs_lock_off@3x.png	7653aa43105e854c1ab445eac2b0d15039750021	703	icon	NO-RESOURCE-LOCAL-LICENSE-EVIDENCE
icons/dialogs/dialogs_lock_on.png	8209991f3dacb1838126588c14e08b1bd481d120	307	icon	NO-RESOURCE-LOCAL-LICENSE-EVIDENCE
icons/dialogs/dialogs_lock_on@2x.png	c4e3d6b2532b70644477c6aa11ae93e3c4f872e1	502	icon	NO-RESOURCE-LOCAL-LICENSE-EVIDENCE
icons/dialogs/dialogs_lock_on@3x.png	67c7d7c71763a280ed477ec333ff05b99937072a	662	icon	NO-RESOURCE-LOCAL-LICENSE-EVIDENCE
icons/dialogs/dialogs_mention.png	3b2937241f9b93618b39d8ada3d7ffc0118c5a86	569	icon	NO-RESOURCE-LOCAL-LICENSE-EVIDENCE
icons/dialogs/dialogs_mention@2x.png	6f11148a89cbd74531fa52f1b45e3703f1e17114	1042	icon	NO-RESOURCE-LOCAL-LICENSE-EVIDENCE
icons/dialogs/dialogs_mention@3x.png	dc1ea2e710e47496f19ddd1ad1d9631137b8c5d1	1494	icon	NO-RESOURCE-LOCAL-LICENSE-EVIDENCE
icons/dialogs/dialogs_menu.png	869a9026cc0f8b577360ec52ccfbfd032b082373	243	icon	NO-RESOURCE-LOCAL-LICENSE-EVIDENCE
icons/dialogs/dialogs_menu@2x.png	c6146dbc33e2a1b6624cd16b29128e5a53cc23b7	366	icon	NO-RESOURCE-LOCAL-LICENSE-EVIDENCE
icons/dialogs/dialogs_menu@3x.png	ab4ee2319c8b8886607448a0885991e852facc3a	481	icon	NO-RESOURCE-LOCAL-LICENSE-EVIDENCE
icons/dialogs/dialogs_menu_unread.png	159d06953eea26608b3dd81fb0e9620d4cee346c	260	icon	NO-RESOURCE-LOCAL-LICENSE-EVIDENCE
icons/dialogs/dialogs_menu_unread@2x.png	f483f3caacf32e4960b69457665331e9ac189760	390	icon	NO-RESOURCE-LOCAL-LICENSE-EVIDENCE
icons/dialogs/dialogs_menu_unread@3x.png	d6879e8c946acf2ea5c12f3b2b1cf7d6a8f66338	529	icon	NO-RESOURCE-LOCAL-LICENSE-EVIDENCE
icons/dialogs/dialogs_menu_unread_dot.png	171bc48022aabed3a32ca161961bc30c69147bf7	170	icon	NO-RESOURCE-LOCAL-LICENSE-EVIDENCE
icons/dialogs/dialogs_menu_unread_dot@2x.png	c1182f2cee3bb28d62cc40c92c954977721912a4	362	icon	NO-RESOURCE-LOCAL-LICENSE-EVIDENCE
icons/dialogs/dialogs_menu_unread_dot@3x.png	9a33ddf96e3ed275cb694abc868971b3b606b4c4	488	icon	NO-RESOURCE-LOCAL-LICENSE-EVIDENCE
icons/dialogs/dialogs_mini_play.png	55aa117fb786e60de6355034e5f1e7a423c3542d	165	icon	NO-RESOURCE-LOCAL-LICENSE-EVIDENCE
icons/dialogs/dialogs_mini_play@2x.png	06bda3c64bfc708e831551e5e7b099bb404fbb5e	200	icon	NO-RESOURCE-LOCAL-LICENSE-EVIDENCE
icons/dialogs/dialogs_mini_play@3x.png	eea0894ceb4583794670705fcff9345956c12db1	475	icon	NO-RESOURCE-LOCAL-LICENSE-EVIDENCE
icons/dialogs/dialogs_mute.png	3b37e1172dbf7af5b1d5c4c77a7c572911d04e72	395	icon	NO-RESOURCE-LOCAL-LICENSE-EVIDENCE
icons/dialogs/dialogs_mute@2x.png	96681eb66f571f9946a535d1ed2fc112955cf334	541	icon	NO-RESOURCE-LOCAL-LICENSE-EVIDENCE
icons/dialogs/dialogs_mute@3x.png	a246b7e6a5c0234034e0d4bb903bdbec36fa3ea8	653	icon	NO-RESOURCE-LOCAL-LICENSE-EVIDENCE
icons/dialogs/dialogs_pinned.png	c4a328921cdec9f1e2cd4cf49e5ab3769639dbcf	387	icon	NO-RESOURCE-LOCAL-LICENSE-EVIDENCE
icons/dialogs/dialogs_pinned@2x.png	9a71788846630cda45296d1f9a91d67b57c3da69	638	icon	NO-RESOURCE-LOCAL-LICENSE-EVIDENCE
icons/dialogs/dialogs_pinned@3x.png	f37f4d6970a85d64ad6f9b455ec2f202e4ced78c	907	icon	NO-RESOURCE-LOCAL-LICENSE-EVIDENCE
icons/dialogs/dialogs_pinned_shadow.png	19f8e0b158d6312eae7f165313329d23b4648e2a	754	icon	NO-RESOURCE-LOCAL-LICENSE-EVIDENCE
icons/dialogs/dialogs_pinned_shadow@2x.png	ac695b71d3dc4ce95e688e0854fcd44d68b8a600	1608	icon	NO-RESOURCE-LOCAL-LICENSE-EVIDENCE
icons/dialogs/dialogs_pinned_shadow@3x.png	b05f0f35f9ef59e9ae309f7f7a17e9bb53b14b63	2270	icon	NO-RESOURCE-LOCAL-LICENSE-EVIDENCE
icons/dialogs/dialogs_premium.png	199597443f6d782a06b85a6e5ab661c87d98a085	405	icon	NO-RESOURCE-LOCAL-LICENSE-EVIDENCE
icons/dialogs/dialogs_premium@2x.png	7caa2f465ec06db2245f12f6a649ba8db7d8570f	651	icon	NO-RESOURCE-LOCAL-LICENSE-EVIDENCE
icons/dialogs/dialogs_premium@3x.png	7996adc28a28a346e1fc8562f1a2bba8a86d2376	936	icon	NO-RESOURCE-LOCAL-LICENSE-EVIDENCE
icons/dialogs/dialogs_reaction.png	25ac8ccd1ed2e9a4e46fc8052944ede609236c0b	341	icon	NO-RESOURCE-LOCAL-LICENSE-EVIDENCE
icons/dialogs/dialogs_reaction@2x.png	cc22d2386e3e1b041ca8b70aea74ed1116d2ab6d	533	icon	NO-RESOURCE-LOCAL-LICENSE-EVIDENCE
icons/dialogs/dialogs_reaction@3x.png	a93e9a58c81f77877fdb7082bc313f5c1a8874c0	787	icon	NO-RESOURCE-LOCAL-LICENSE-EVIDENCE
icons/dialogs/dialogs_received.png	c018233dadebf4bfc2ca5fae6cba298172be1a3b	351	icon	NO-RESOURCE-LOCAL-LICENSE-EVIDENCE
icons/dialogs/dialogs_received@2x.png	bf0411ec81ff8ad4d32b991bc223b42fd343d1b2	615	icon	NO-RESOURCE-LOCAL-LICENSE-EVIDENCE
icons/dialogs/dialogs_received@3x.png	78d2fa0efb79a9d199283fa99cd4f13fea0c57b6	919	icon	NO-RESOURCE-LOCAL-LICENSE-EVIDENCE
icons/dialogs/dialogs_search_from.png	16e7443c52b86fb09adf54c1ca2674d71c1877ce	410	icon	NO-RESOURCE-LOCAL-LICENSE-EVIDENCE
icons/dialogs/dialogs_search_from@2x.png	123a2fd702fb05533fc7092e04479083ed15a5cf	690	icon	NO-RESOURCE-LOCAL-LICENSE-EVIDENCE
icons/dialogs/dialogs_search_from@3x.png	6d74aa7baa72fa968c2870429cc0e8143db64458	1087	icon	NO-RESOURCE-LOCAL-LICENSE-EVIDENCE
icons/dialogs/dialogs_sending.png	f18e1ad3fb747ceeb86643eaaa7652be3ffa9c1e	348	icon	NO-RESOURCE-LOCAL-LICENSE-EVIDENCE
icons/dialogs/dialogs_sending@2x.png	3d566ca04ddd3876880b16d31540d1b92bc0b82d	560	icon	NO-RESOURCE-LOCAL-LICENSE-EVIDENCE
icons/dialogs/dialogs_sending@3x.png	f453e457e2078af80d5a6e2a937a9d03f621a022	861	icon	NO-RESOURCE-LOCAL-LICENSE-EVIDENCE
icons/dialogs/dialogs_sent.png	c56f23ad6289463d59c11c3cf0036a25e7e59121	311	icon	NO-RESOURCE-LOCAL-LICENSE-EVIDENCE
icons/dialogs/dialogs_sent@2x.png	32536874ef0220c5cbc60ffbae7166bdd147a772	534	icon	NO-RESOURCE-LOCAL-LICENSE-EVIDENCE
icons/dialogs/dialogs_sent@3x.png	6a798bbf8a0a7295b275eeff2d3c65e079132b49	770	icon	NO-RESOURCE-LOCAL-LICENSE-EVIDENCE
icons/dialogs/dialogs_topic_arrow.png	a998c1ad136804e824e02d9bf76c8e718dc7ae8f	250	icon	NO-RESOURCE-LOCAL-LICENSE-EVIDENCE
icons/dialogs/dialogs_topic_arrow@2x.png	16b43d5ff09e7c05aec54bcf9b391e46034436dd	293	icon	NO-RESOURCE-LOCAL-LICENSE-EVIDENCE
icons/dialogs/dialogs_topic_arrow@3x.png	f8e31f59eb2570e5e105efccc267ab0fa5c639ce	416	icon	NO-RESOURCE-LOCAL-LICENSE-EVIDENCE
icons/dialogs/dialogs_unread_media_dot.svg	d0da6ff5fc4420333438dc6f1bedf665cc473b0f	179	icon	NO-RESOURCE-LOCAL-LICENSE-EVIDENCE
icons/dialogs/dialogs_verified_check.png	dc9c4b0da56a227546edea33f29e58c9bbb50340	248	icon	NO-RESOURCE-LOCAL-LICENSE-EVIDENCE
icons/dialogs/dialogs_verified_check@2x.png	677770111ab2e3e0cb55a932ecf0063b050ad9f5	329	icon	NO-RESOURCE-LOCAL-LICENSE-EVIDENCE
icons/dialogs/dialogs_verified_check@3x.png	ceffe4197bddda9f2262c02946ebcddc6205932f	433	icon	NO-RESOURCE-LOCAL-LICENSE-EVIDENCE
icons/dialogs/dialogs_verified_star.png	24adac8ca8bfc2db62959259fcda762279565dea	398	icon	NO-RESOURCE-LOCAL-LICENSE-EVIDENCE
icons/dialogs/dialogs_verified_star@2x.png	98d33bd2282aa5db5868d70288f9efeacea799d1	672	icon	NO-RESOURCE-LOCAL-LICENSE-EVIDENCE
icons/dialogs/dialogs_verified_star@3x.png	55734f48e6a56bdf98c73f485653e8741fd34dc4	1001	icon	NO-RESOURCE-LOCAL-LICENSE-EVIDENCE
icons/dialogs/inaccessible_userpic.png	0ea974ff22412b4f6f10e55644ec1767421717d5	2078	icon	NO-RESOURCE-LOCAL-LICENSE-EVIDENCE
icons/dialogs/inaccessible_userpic@2x.png	38fa1308ac4acfbfa9f13254dd1534314c9adc1c	2631	icon	NO-RESOURCE-LOCAL-LICENSE-EVIDENCE
icons/dialogs/inaccessible_userpic@3x.png	454ad39511c50aa6dffc2c10da78be839f315df1	3092	icon	NO-RESOURCE-LOCAL-LICENSE-EVIDENCE
icons/dialogs/mini_arrow.png	81b5076f827ef74585664faf1b2e176364678659	212	icon	NO-RESOURCE-LOCAL-LICENSE-EVIDENCE
icons/dialogs/mini_arrow@2x.png	6e1e87682fb5735fbb0b6f2af22859c6eb292d89	267	icon	NO-RESOURCE-LOCAL-LICENSE-EVIDENCE
icons/dialogs/mini_arrow@3x.png	36fd0e0c35be42c3103e5c91bfd32d2c3ca7f0a6	368	icon	NO-RESOURCE-LOCAL-LICENSE-EVIDENCE
icons/dialogs/mini_tag_lock.png	cb1e4d76a2e8381f0093385b79bac0f6fefea32d	283	icon	NO-RESOURCE-LOCAL-LICENSE-EVIDENCE
icons/dialogs/mini_tag_lock@2x.png	cc875b7fa7ff9fe58b51c02edbe5f6bfc45f5819	378	icon	NO-RESOURCE-LOCAL-LICENSE-EVIDENCE
icons/dialogs/mini_tag_lock@3x.png	68254340d43a20b6444ff3f20e8a31f2cd7907d6	550	icon	NO-RESOURCE-LOCAL-LICENSE-EVIDENCE
icons/emoji/emoji_activities.png	c4ac15d3d3e268de5e2cdeb798cd7f1f441c72d0	777	icon	NO-RESOURCE-LOCAL-LICENSE-EVIDENCE
icons/emoji/emoji_activities@2x.png	21f705376224d3e0ee962ab5a8d9cd24864ce122	1558	icon	NO-RESOURCE-LOCAL-LICENSE-EVIDENCE
icons/emoji/emoji_activities@3x.png	530cabe633ab4a1ff55efe89f4e1e5094a0f051d	2370	icon	NO-RESOURCE-LOCAL-LICENSE-EVIDENCE
icons/emoji/emoji_back.png	31c82fc34d148bafa9a3bf1aedabf32b65ce015d	340	icon	NO-RESOURCE-LOCAL-LICENSE-EVIDENCE
icons/emoji/emoji_back@2x.png	ff0e0f5562dc82ab97d8c39ad6cce65a04718cf7	520	icon	NO-RESOURCE-LOCAL-LICENSE-EVIDENCE
icons/emoji/emoji_back@3x.png	b45d24e3b43ebc1c4200496069ad76a2cae3a4c8	787	icon	NO-RESOURCE-LOCAL-LICENSE-EVIDENCE
icons/emoji/emoji_delete.png	864252d7fc535cbcd8f7a9c814f9d1fb5ca3f73f	211	icon	NO-RESOURCE-LOCAL-LICENSE-EVIDENCE
icons/emoji/emoji_delete@2x.png	6283a9eba0b6a2f2d50458a5b489cf8a67a97f4e	272	icon	NO-RESOURCE-LOCAL-LICENSE-EVIDENCE
icons/emoji/emoji_delete@3x.png	06ea8e8d3a1691a971c779f4ec0aa843e9391212	408	icon	NO-RESOURCE-LOCAL-LICENSE-EVIDENCE
icons/emoji/emoji_delete_bg.png	251e7cd2e9a5364c3ca00392097af36df3d408d6	141	icon	NO-RESOURCE-LOCAL-LICENSE-EVIDENCE
icons/emoji/emoji_delete_bg@2x.png	2c4f0a08aae01433f80b7ce828bccaa093ea00be	245	icon	NO-RESOURCE-LOCAL-LICENSE-EVIDENCE
icons/emoji/emoji_delete_bg@3x.png	f4242b19eea15e047c932b64ad45f54e4bef9485	337	icon	NO-RESOURCE-LOCAL-LICENSE-EVIDENCE
icons/emoji/emoji_food.png	245bd448d5f04ccf6a9ce9e00a8adc29562c20d8	738	icon	NO-RESOURCE-LOCAL-LICENSE-EVIDENCE
icons/emoji/emoji_food@2x.png	d65918c909748a9bb88add7172425194749255a4	1415	icon	NO-RESOURCE-LOCAL-LICENSE-EVIDENCE
icons/emoji/emoji_food@3x.png	6072c340eb68e5ca574d65522c33bfd84c61c2f3	2099	icon	NO-RESOURCE-LOCAL-LICENSE-EVIDENCE
icons/emoji/emoji_love.png	0119168655dba456c5d7de7d7866fe7f45ecf132	575	icon	NO-RESOURCE-LOCAL-LICENSE-EVIDENCE
icons/emoji/emoji_love@2x.png	1bf0d31ca3e4448493d31ae8c8e2a76ca722c033	1108	icon	NO-RESOURCE-LOCAL-LICENSE-EVIDENCE
icons/emoji/emoji_love@3x.png	098a421560f83d636617ad41de71ea973a3db23f	1669	icon	NO-RESOURCE-LOCAL-LICENSE-EVIDENCE
icons/emoji/emoji_nature.png	4848d3d4c6bdf49b8c611fe62b240f990916fb27	836	icon	NO-RESOURCE-LOCAL-LICENSE-EVIDENCE
icons/emoji/emoji_nature@2x.png	e2927607bf18467324d3865993b3cf81f5b5961a	1626	icon	NO-RESOURCE-LOCAL-LICENSE-EVIDENCE
icons/emoji/emoji_nature@3x.png	f72fbe8fec91f44da136a59741d7126ed5f08b95	2356	icon	NO-RESOURCE-LOCAL-LICENSE-EVIDENCE
icons/emoji/emoji_objects.png	733db2699b8060e9d62b6504deec155d76963380	652	icon	NO-RESOURCE-LOCAL-LICENSE-EVIDENCE
icons/emoji/emoji_objects@2x.png	5a16634914a1066b5c6bfbcdda3c0c854e3a5316	1286	icon	NO-RESOURCE-LOCAL-LICENSE-EVIDENCE
icons/emoji/emoji_objects@3x.png	12525379e02d360692872119e6286a690d3252e3	1924	icon	NO-RESOURCE-LOCAL-LICENSE-EVIDENCE
icons/emoji/emoji_recent.png	f260f7cb6554137dfb2751421547eb93c53f24e1	484	icon	NO-RESOURCE-LOCAL-LICENSE-EVIDENCE
icons/emoji/emoji_recent@2x.png	a61bef009e4899ff4751788733241af7e2a1bf11	906	icon	NO-RESOURCE-LOCAL-LICENSE-EVIDENCE
icons/emoji/emoji_recent@3x.png	2b10fc362a2177397e11884df733d2956e125755	1420	icon	NO-RESOURCE-LOCAL-LICENSE-EVIDENCE
icons/emoji/emoji_search_input.png	8ee7bdce94690bc648ded0b4340c4af1f430ac62	471	icon	NO-RESOURCE-LOCAL-LICENSE-EVIDENCE
icons/emoji/emoji_search_input@2x.png	9b7798f00898ff845406e208ce55e5f651d78b6a	844	icon	NO-RESOURCE-LOCAL-LICENSE-EVIDENCE
icons/emoji/emoji_search_input@3x.png	af792f172bcf0a82008f790a536d4544454870b1	1185	icon	NO-RESOURCE-LOCAL-LICENSE-EVIDENCE
icons/emoji/emoji_settings.png	5ae663fd4c68485b4dc1e29e92e68f09d2b18c3a	632	icon	NO-RESOURCE-LOCAL-LICENSE-EVIDENCE
icons/emoji/emoji_settings@2x.png	eb081d4c661fa3e63c932ec8ac04350dc0037682	1287	icon	NO-RESOURCE-LOCAL-LICENSE-EVIDENCE
icons/emoji/emoji_settings@3x.png	2fcaf619bdda62e1dd0c07a57770c5d4b257da63	1822	icon	NO-RESOURCE-LOCAL-LICENSE-EVIDENCE
icons/emoji/emoji_skin.png	776617ebe0876ca903e94dc039be94f5c414645b	412	icon	NO-RESOURCE-LOCAL-LICENSE-EVIDENCE
icons/emoji/emoji_skin@2x.png	a53f5c18e7f74a7db59f0177ed66ff71e630c4a9	698	icon	NO-RESOURCE-LOCAL-LICENSE-EVIDENCE
icons/emoji/emoji_skin@3x.png	fd756d0a9f83770326f55c12aa1963d5f69244e0	952	icon	NO-RESOURCE-LOCAL-LICENSE-EVIDENCE
icons/emoji/emoji_smile.png	3b868e80bcd9e8a24fa92cf541149b224a8575f3	541	icon	NO-RESOURCE-LOCAL-LICENSE-EVIDENCE
icons/emoji/emoji_smile@2x.png	d6edb73478ec3dad98be6e76607110cd0517633d	1104	icon	NO-RESOURCE-LOCAL-LICENSE-EVIDENCE
icons/emoji/emoji_smile@3x.png	3d198a5e3684769949fc6710919f0050c9bde273	1684	icon	NO-RESOURCE-LOCAL-LICENSE-EVIDENCE
icons/emoji/emoji_travel.png	824d92d0f303b2b98f0e3a8fcbd382c58d8e4585	663	icon	NO-RESOURCE-LOCAL-LICENSE-EVIDENCE
icons/emoji/emoji_travel@2x.png	2cbf8fbaec6e1477151d4fdbce4bbbfed3b68505	1241	icon	NO-RESOURCE-LOCAL-LICENSE-EVIDENCE
icons/emoji/emoji_travel@3x.png	b2b8f9007a46513f2c9d1081b1b05c5366dceef1	1789	icon	NO-RESOURCE-LOCAL-LICENSE-EVIDENCE
icons/emoji/premium_lock.png	0498a400ee86ee36f1d55f23ba10793fb139301a	1504	icon	NO-RESOURCE-LOCAL-LICENSE-EVIDENCE
icons/emoji/premium_lock@2x.png	78390b73412af99160de7e8a7d0f0b02ebaa1208	1592	icon	NO-RESOURCE-LOCAL-LICENSE-EVIDENCE
icons/emoji/premium_lock@3x.png	81b8e06001552db2ce124c540eb70a75d26d0ea0	1755	icon	NO-RESOURCE-LOCAL-LICENSE-EVIDENCE
icons/emoji/stickers_premium.png	f2fc24545c7312ba25336924c6c943f4d0f82604	599	icon	NO-RESOURCE-LOCAL-LICENSE-EVIDENCE
icons/emoji/stickers_premium@2x.png	71b77efe222c832bcd91451973ac7b95211a5809	1079	icon	NO-RESOURCE-LOCAL-LICENSE-EVIDENCE
icons/emoji/stickers_premium@3x.png	9676bc9c55304955ae1a7e4f7a1fcd32f212a75b	1594	icon	NO-RESOURCE-LOCAL-LICENSE-EVIDENCE
icons/emoji_empty.png	585818d88bb65ab980d97e7fdffaf84191b7af54	1659	icon	NO-RESOURCE-LOCAL-LICENSE-EVIDENCE
icons/emoji_empty@2x.png	69bebad76eb7c834660ab85b7b27730606dfa9de	4299	icon	NO-RESOURCE-LOCAL-LICENSE-EVIDENCE
icons/emoji_empty@3x.png	f52bf552bc0924a123d250397b85049bf938dc5d	7502	icon	NO-RESOURCE-LOCAL-LICENSE-EVIDENCE
icons/fast_comments.png	9d6b299d869100582cbed9a23eefb841c4827d1c	422	icon	NO-RESOURCE-LOCAL-LICENSE-EVIDENCE
icons/fast_comments@2x.png	5d7be460c62e3a09f47bcdf6f98c986718fe0c84	767	icon	NO-RESOURCE-LOCAL-LICENSE-EVIDENCE
icons/fast_comments@3x.png	e31abfcab0e9aa2037637369de98af6fe9815930	1161	icon	NO-RESOURCE-LOCAL-LICENSE-EVIDENCE
icons/fast_share.png	59c7ce6231f488a67d90051225b7db710781722d	414	icon	NO-RESOURCE-LOCAL-LICENSE-EVIDENCE
icons/fast_share@2x.png	3e59bb28372328e8d8479cb22f235d5f335daee8	764	icon	NO-RESOURCE-LOCAL-LICENSE-EVIDENCE
icons/fast_share@3x.png	d82e28594936ff6453d3876f9a9181c9707b6381	1161	icon	NO-RESOURCE-LOCAL-LICENSE-EVIDENCE
icons/fast_to_original.png	450dbd4a9e2304356374db52fe7988bca4e4635b	327	icon	NO-RESOURCE-LOCAL-LICENSE-EVIDENCE
icons/fast_to_original@2x.png	101beffc5d0b954ff1a21b8566a2768d61912916	504	icon	NO-RESOURCE-LOCAL-LICENSE-EVIDENCE
icons/fast_to_original@3x.png	bc6bceea9c6e8abde4cb5709154cf37d79bdd250	728	icon	NO-RESOURCE-LOCAL-LICENSE-EVIDENCE
icons/filled_go_to_message.png	19ad56f87621e2af205a71d539f7fa94ca293e46	596	icon	NO-RESOURCE-LOCAL-LICENSE-EVIDENCE
icons/filled_go_to_message@2x.png	fdc4724522bb53f9526e4bc8ad2c9b4d4435dea1	1097	icon	NO-RESOURCE-LOCAL-LICENSE-EVIDENCE
icons/filled_go_to_message@3x.png	0a6bde9b8641498007ff4a03546ef6671ceb6c3b	1607	icon	NO-RESOURCE-LOCAL-LICENSE-EVIDENCE
icons/folders/folder_existing_chats.png	e54a10425911300ae4738dcd3daa509860f1edb6	592	icon	NO-RESOURCE-LOCAL-LICENSE-EVIDENCE
icons/folders/folder_existing_chats@2x.png	e3a73f7e1fbf9da405d8efc9527eb5ad98e1875c	1101	icon	NO-RESOURCE-LOCAL-LICENSE-EVIDENCE
icons/folders/folder_existing_chats@3x.png	2b37db754e2f5615b839f1518f866d437ee63da5	1628	icon	NO-RESOURCE-LOCAL-LICENSE-EVIDENCE
icons/folders/folder_new_chats.png	03c8380d448c5b9f8afa1458deb63944aa84d48f	598	icon	NO-RESOURCE-LOCAL-LICENSE-EVIDENCE
icons/folders/folder_new_chats@2x.png	f91df76357aeb853e9f883ef2970c5594c19a916	1111	icon	NO-RESOURCE-LOCAL-LICENSE-EVIDENCE
icons/folders/folder_new_chats@3x.png	d379a9e4b0dace8fd4f1a55e6c8d122867f2360a	1598	icon	NO-RESOURCE-LOCAL-LICENSE-EVIDENCE
icons/folders/folders_airplane.png	39e49b399ec915147b8a0f75807aca93353b013f	635	icon	NO-RESOURCE-LOCAL-LICENSE-EVIDENCE
icons/folders/folders_airplane@2x.png	d2faec1e251cc102632c1559e203e56b2f2b361d	1224	icon	NO-RESOURCE-LOCAL-LICENSE-EVIDENCE
icons/folders/folders_airplane@3x.png	c1a3be559d93f2895193d64aabd05336d5a0f392	1816	icon	NO-RESOURCE-LOCAL-LICENSE-EVIDENCE
icons/folders/folders_all.png	d56a23b18700e8ff513e821cb8b846c1847d002a	821	icon	NO-RESOURCE-LOCAL-LICENSE-EVIDENCE
icons/folders/folders_all@2x.png	f1271c31ba2d55462471f11dc518870d60f09729	1526	icon	NO-RESOURCE-LOCAL-LICENSE-EVIDENCE
icons/folders/folders_all@3x.png	dca5931935e164f2562be7e6d9f9f2e310013913	2287	icon	NO-RESOURCE-LOCAL-LICENSE-EVIDENCE
icons/folders/folders_book.png	006d2c916934a6fae52192d6d2dd97ee6017a256	456	icon	NO-RESOURCE-LOCAL-LICENSE-EVIDENCE
icons/folders/folders_book@2x.png	99b789c42ecf497e3fa2d39f9ab68408e5bb4bb2	837	icon	NO-RESOURCE-LOCAL-LICENSE-EVIDENCE
icons/folders/folders_book@3x.png	552ba9e6b43b14f172b2fea3e6a54518205fa897	1240	icon	NO-RESOURCE-LOCAL-LICENSE-EVIDENCE
icons/folders/folders_bots.png	b1e7622728a44d9ba8e07f8da79976c0e3cb63fc	623	icon	NO-RESOURCE-LOCAL-LICENSE-EVIDENCE
icons/folders/folders_bots@2x.png	78822c1ee1149192a801279b4b75d1e28b4cc939	1187	icon	NO-RESOURCE-LOCAL-LICENSE-EVIDENCE
icons/folders/folders_bots@3x.png	59be79bf2cb19111fc1d8093edfe9f9330d297ef	1883	icon	NO-RESOURCE-LOCAL-LICENSE-EVIDENCE
icons/folders/folders_cat.png	5956d88869c5749edfbc8fee8e67d37b98a71f92	769	icon	NO-RESOURCE-LOCAL-LICENSE-EVIDENCE
icons/folders/folders_cat@2x.png	43e4722b891d6df8ce289b425a0c278c381d0b27	1482	icon	NO-RESOURCE-LOCAL-LICENSE-EVIDENCE
icons/folders/folders_cat@3x.png	c76dde442713e242b98f039c43f02187c09dc2fb	2317	icon	NO-RESOURCE-LOCAL-LICENSE-EVIDENCE
icons/folders/folders_channels.png	7299caa89c0c8682d94d74789befb94e1602cef0	621	icon	NO-RESOURCE-LOCAL-LICENSE-EVIDENCE
icons/folders/folders_channels@2x.png	bc2aa02afbbf0afb0c7f5526bf86d5459ea62e10	1133	icon	NO-RESOURCE-LOCAL-LICENSE-EVIDENCE
icons/folders/folders_channels@3x.png	304990052be4882e02470323b4f09ab4bebfd01d	1608	icon	NO-RESOURCE-LOCAL-LICENSE-EVIDENCE
icons/folders/folders_crown.png	b4262b229aa9b7f6a50e7f9b00cdc291a9bfd20f	656	icon	NO-RESOURCE-LOCAL-LICENSE-EVIDENCE
icons/folders/folders_crown@2x.png	720eddf46cd6fcc6f87b62e21399f3c0520f7433	1257	icon	NO-RESOURCE-LOCAL-LICENSE-EVIDENCE
icons/folders/folders_crown@3x.png	dac1982c97a453030dd4b1641a0a81faa93ab883	1920	icon	NO-RESOURCE-LOCAL-LICENSE-EVIDENCE
icons/folders/folders_custom.png	a2f87768eaa8a7644581c57b0ac9292213c78ad2	331	icon	NO-RESOURCE-LOCAL-LICENSE-EVIDENCE
icons/folders/folders_custom@2x.png	fe97fc1d19e29f88d020efa216c81af755a8a68d	587	icon	NO-RESOURCE-LOCAL-LICENSE-EVIDENCE
icons/folders/folders_custom@3x.png	656c7a498bf43df981f1998a005d018743f48e44	820	icon	NO-RESOURCE-LOCAL-LICENSE-EVIDENCE
icons/folders/folders_edit.png	18716efd51392a2c815110a745d8202b5e2a0ab6	362	icon	NO-RESOURCE-LOCAL-LICENSE-EVIDENCE
icons/folders/folders_edit@2x.png	632c150702bc65259c3a105cd9697226ecd9d9bd	567	icon	NO-RESOURCE-LOCAL-LICENSE-EVIDENCE
icons/folders/folders_edit@3x.png	96344e532c2d375f1eac1e865853fb61c2b8f9e5	905	icon	NO-RESOURCE-LOCAL-LICENSE-EVIDENCE
icons/folders/folders_favorite.png	bcca10f25d6a299b15bd65278be1ed038bcf655e	630	icon	NO-RESOURCE-LOCAL-LICENSE-EVIDENCE
icons/folders/folders_favorite@2x.png	fc4c455307b06741dab955390c6b48644d9ba0a4	1199	icon	NO-RESOURCE-LOCAL-LICENSE-EVIDENCE
icons/folders/folders_favorite@3x.png	7e76b2e59347b2913996b33de981b19f6446d7ba	1746	icon	NO-RESOURCE-LOCAL-LICENSE-EVIDENCE
icons/folders/folders_flower.png	20b66148d48ad8ea2315d4feb7a07538998bd4a8	923	icon	NO-RESOURCE-LOCAL-LICENSE-EVIDENCE
icons/folders/folders_flower@2x.png	63441079c109bc91fce391236011faf5bc7c2f73	1749	icon	NO-RESOURCE-LOCAL-LICENSE-EVIDENCE
icons/folders/folders_flower@3x.png	30dcf9e5dff6bfbbe145ddb38da6988f0b892baa	2446	icon	NO-RESOURCE-LOCAL-LICENSE-EVIDENCE
icons/folders/folders_game.png	ce070bd6eb7c49e3e2672d8a129a7ba1f4096a14	612	icon	NO-RESOURCE-LOCAL-LICENSE-EVIDENCE
icons/folders/folders_game@2x.png	732b7587bf2101528a80ec3492a2701e16ab1215	1155	icon	NO-RESOURCE-LOCAL-LICENSE-EVIDENCE
icons/folders/folders_game@3x.png	ed21601028e597a8e91ffa31b1e349c7cd1d9905	1756	icon	NO-RESOURCE-LOCAL-LICENSE-EVIDENCE
icons/folders/folders_group.png	79f49b3cf42df46daab0ca25dbcde6a244a42738	732	icon	NO-RESOURCE-LOCAL-LICENSE-EVIDENCE
icons/folders/folders_group@2x.png	c052721df292ecc34d2dcaaf103386cb7b60f556	1347	icon	NO-RESOURCE-LOCAL-LICENSE-EVIDENCE
icons/folders/folders_group@3x.png	a153a8335d036bc90b600472bfa795fa99cda2a0	2027	icon	NO-RESOURCE-LOCAL-LICENSE-EVIDENCE
icons/folders/folders_home.png	2f96f5b9b8a26cdea46d6dd7adfed56bd6b7e461	770	icon	NO-RESOURCE-LOCAL-LICENSE-EVIDENCE
icons/folders/folders_home@2x.png	4084925c5c0b43c2216046e8ff0c71d46681ad0c	1460	icon	NO-RESOURCE-LOCAL-LICENSE-EVIDENCE
icons/folders/folders_home@3x.png	2d2581df2cc1ba71f0b5ad72355699c3174ad134	2083	icon	NO-RESOURCE-LOCAL-LICENSE-EVIDENCE
icons/folders/folders_light.png	427e54e4ac7c510826ce2f96ff46482b0c261abc	691	icon	NO-RESOURCE-LOCAL-LICENSE-EVIDENCE
icons/folders/folders_light@2x.png	cc3a02d96ee35a015360902cbeca81c3f9a4958f	1349	icon	NO-RESOURCE-LOCAL-LICENSE-EVIDENCE
icons/folders/folders_light@3x.png	46664bd7c509b2459297061c2e30218ba4ccc35e	1864	icon	NO-RESOURCE-LOCAL-LICENSE-EVIDENCE
icons/folders/folders_like.png	5e4011e50ee27e047002610ff1eb295ac864f3d4	797	icon	NO-RESOURCE-LOCAL-LICENSE-EVIDENCE
icons/folders/folders_like@2x.png	670e020e8ce5c64ee987b03c8b506a4e71dff006	1671	icon	NO-RESOURCE-LOCAL-LICENSE-EVIDENCE
icons/folders/folders_like@3x.png	7007ab20a9a141aefeff564c804da5c7c3fec33c	2457	icon	NO-RESOURCE-LOCAL-LICENSE-EVIDENCE
icons/folders/folders_love.png	b14d9384936f8e4b2d6d7ee0fda5ac72316b6c15	545	icon	NO-RESOURCE-LOCAL-LICENSE-EVIDENCE
icons/folders/folders_love@2x.png	b297c63b4fd7d9e2229dbec631f85784e0135051	1027	icon	NO-RESOURCE-LOCAL-LICENSE-EVIDENCE
icons/folders/folders_love@3x.png	489925989d4b6a097a1e38176068e999cf94d660	1519	icon	NO-RESOURCE-LOCAL-LICENSE-EVIDENCE
icons/folders/folders_mask.png	2ffa33582fd925178b8c9b6461dff6fc79ad62e5	732	icon	NO-RESOURCE-LOCAL-LICENSE-EVIDENCE
icons/folders/folders_mask@2x.png	02d1d2e832d0dd0d9b47b4735700864150af201f	1454	icon	NO-RESOURCE-LOCAL-LICENSE-EVIDENCE
icons/folders/folders_mask@3x.png	3cd81fbe27021fae42144b5d4ccc9b38652a7603	2187	icon	NO-RESOURCE-LOCAL-LICENSE-EVIDENCE
icons/folders/folders_money.png	44607557b7835edfebcf4686f59f36c84579be27	774	icon	NO-RESOURCE-LOCAL-LICENSE-EVIDENCE
icons/folders/folders_money@2x.png	f9c0b7954137b64768545dbb2d0e8c384da93497	1476	icon	NO-RESOURCE-LOCAL-LICENSE-EVIDENCE
icons/folders/folders_money@3x.png	ad5dd2a53d7d2437a41eeab0464774bbb16a5ecf	2231	icon	NO-RESOURCE-LOCAL-LICENSE-EVIDENCE
icons/folders/folders_note.png	c53505431838a26cec475c492c47099f0794e7c1	495	icon	NO-RESOURCE-LOCAL-LICENSE-EVIDENCE
icons/folders/folders_note@2x.png	71948a212e4a77952e7fc8ef885bc8e1104d9b92	823	icon	NO-RESOURCE-LOCAL-LICENSE-EVIDENCE
icons/folders/folders_note@3x.png	8aa935bacce6a8a47a9bbbd6f8cd42d1259be740	1216	icon	NO-RESOURCE-LOCAL-LICENSE-EVIDENCE
icons/folders/folders_palette.png	4dca73fe85bb8da52b742895947188d4cb573409	689	icon	NO-RESOURCE-LOCAL-LICENSE-EVIDENCE
icons/folders/folders_palette@2x.png	4544f0994c777e8425ff2e5da25139d0ffbd273e	1498	icon	NO-RESOURCE-LOCAL-LICENSE-EVIDENCE
icons/folders/folders_palette@3x.png	431af6466587577d388929dab7399eaa67a24c74	2461	icon	NO-RESOURCE-LOCAL-LICENSE-EVIDENCE
icons/folders/folders_party.png	97bcb283477f2db73fcf3d3f58559705dda6fcd4	512	icon	NO-RESOURCE-LOCAL-LICENSE-EVIDENCE
icons/folders/folders_party@2x.png	ed962e68eb325f3e17d790f00421de04653e0ff7	854	icon	NO-RESOURCE-LOCAL-LICENSE-EVIDENCE
icons/folders/folders_party@3x.png	5ce1c36c308c1bd43217b2fa068038a37c4af672	1165	icon	NO-RESOURCE-LOCAL-LICENSE-EVIDENCE
icons/folders/folders_poo.png	e6900b87051c805ea625241155511134e44d4409	828	icon	NO-RESOURCE-LOCAL-LICENSE-EVIDENCE
icons/folders/folders_poo@2x.png	102530c0febb8394f55aa8fa00c1a72516118fc6	1601	icon	NO-RESOURCE-LOCAL-LICENSE-EVIDENCE
icons/folders/folders_poo@3x.png	45fcd791579b5994bcbed0ca75463dffde3f8bfb	2341	icon	NO-RESOURCE-LOCAL-LICENSE-EVIDENCE
icons/folders/folders_private.png	33bfc60bd60790d0fa99fd3c5194b6878b6eb0f6	778	icon	NO-RESOURCE-LOCAL-LICENSE-EVIDENCE
icons/folders/folders_private@2x.png	d8ad983f35e35c44b1d967421943d7edde62d802	1592	icon	NO-RESOURCE-LOCAL-LICENSE-EVIDENCE
icons/folders/folders_private@3x.png	a69c13159af1a54abfa211204d01cfde7d85e234	2438	icon	NO-RESOURCE-LOCAL-LICENSE-EVIDENCE
icons/folders/folders_setup.png	db548b52324640a3870e9a9197c7d216515a38b6	463	icon	NO-RESOURCE-LOCAL-LICENSE-EVIDENCE
icons/folders/folders_setup@2x.png	2747415d2aeaa6fe6121b052aa2e15dbdb76552f	749	icon	NO-RESOURCE-LOCAL-LICENSE-EVIDENCE
icons/folders/folders_setup@3x.png	fdf16f8c23a9ad1edb19f0f758bc62bead64855e	1211	icon	NO-RESOURCE-LOCAL-LICENSE-EVIDENCE
icons/folders/folders_sport.png	a73c37bd4e49ddbefd1ca9c3a6cf741d1942ad42	1001	icon	NO-RESOURCE-LOCAL-LICENSE-EVIDENCE
icons/folders/folders_sport@2x.png	538100c6aba3745b76639f8f825cda59ad017bc4	1921	icon	NO-RESOURCE-LOCAL-LICENSE-EVIDENCE
icons/folders/folders_sport@3x.png	691e16cf1383f9c59c9881f98d5c157c466f4941	2774	icon	NO-RESOURCE-LOCAL-LICENSE-EVIDENCE
icons/folders/folders_study.png	b6233dc266cdcce770e805f196c3d808aba7fa2a	824	icon	NO-RESOURCE-LOCAL-LICENSE-EVIDENCE
icons/folders/folders_study@2x.png	93a00fc4f23d8c3b07462771092fb16851a17c92	1611	icon	NO-RESOURCE-LOCAL-LICENSE-EVIDENCE
icons/folders/folders_study@3x.png	2ebdebeec44e24fe403877e25dd43ccedd5b603a	2333	icon	NO-RESOURCE-LOCAL-LICENSE-EVIDENCE
icons/folders/folders_trade.png	837af196d2aad937a5a773ffa07249cf9bd03735	815	icon	NO-RESOURCE-LOCAL-LICENSE-EVIDENCE
icons/folders/folders_trade@2x.png	95bf995eb695ba3952a1d5316912d43603bf32e7	1488	icon	NO-RESOURCE-LOCAL-LICENSE-EVIDENCE
icons/folders/folders_trade@3x.png	8bd8e5a2f1d6e1563d0a4590215f07ec51c48e21	2293	icon	NO-RESOURCE-LOCAL-LICENSE-EVIDENCE
icons/folders/folders_travel.png	128933d8d05f7fb5b55148c73523e4f71fdce1c6	683	icon	NO-RESOURCE-LOCAL-LICENSE-EVIDENCE
icons/folders/folders_travel@2x.png	04289934385bb4222670f85894f3608689e433f6	1226	icon	NO-RESOURCE-LOCAL-LICENSE-EVIDENCE
icons/folders/folders_travel@3x.png	caaf29d46a8586814d8b9e14b5c063788aa937bd	1924	icon	NO-RESOURCE-LOCAL-LICENSE-EVIDENCE
icons/folders/folders_type_archived.png	790d50335ecfb394b84a8e2c2aa962bbd4c80447	528	icon	NO-RESOURCE-LOCAL-LICENSE-EVIDENCE
icons/folders/folders_type_archived@2x.png	342c6cb553241caba7d775902402b2f9a936081b	1052	icon	NO-RESOURCE-LOCAL-LICENSE-EVIDENCE
icons/folders/folders_type_archived@3x.png	f20b8b610b9c50d40e977325df4933a2b6188a65	1576	icon	NO-RESOURCE-LOCAL-LICENSE-EVIDENCE
icons/folders/folders_type_bots.png	34d2ed00a682157eb7fc616c1e2b70883a965067	503	icon	NO-RESOURCE-LOCAL-LICENSE-EVIDENCE
icons/folders/folders_type_bots@2x.png	1f37ff794076b3dba76f95df6c7732d0fae022cc	1077	icon	NO-RESOURCE-LOCAL-LICENSE-EVIDENCE
icons/folders/folders_type_bots@3x.png	afc773a3c86e54081e136405509a34b1adcc8371	1712	icon	NO-RESOURCE-LOCAL-LICENSE-EVIDENCE
icons/folders/folders_type_channels.png	e43f400120f77a879dd012d9e4eb922bef651225	454	icon	NO-RESOURCE-LOCAL-LICENSE-EVIDENCE
icons/folders/folders_type_channels@2x.png	cf380475086ec00dbae5abf2464ca481b4aa172c	913	icon	NO-RESOURCE-LOCAL-LICENSE-EVIDENCE
icons/folders/folders_type_channels@3x.png	3e8d01368cce006e7934a98718479bc44ef20d98	1402	icon	NO-RESOURCE-LOCAL-LICENSE-EVIDENCE
icons/folders/folders_type_contacts.png	1cfb2a57518a49122229b5b16b35ddef4f0299e6	372	icon	NO-RESOURCE-LOCAL-LICENSE-EVIDENCE
icons/folders/folders_type_contacts@2x.png	6c81c14ea88ba5cb172f80797e8bb5c9057401d6	699	icon	NO-RESOURCE-LOCAL-LICENSE-EVIDENCE
icons/folders/folders_type_contacts@3x.png	f3ac2f12a2609356cf61050b4109bbc14bf19008	1223	icon	NO-RESOURCE-LOCAL-LICENSE-EVIDENCE
icons/folders/folders_type_groups.png	c66addebf32d10ee2586aeaa1c674a9d941cd68c	508	icon	NO-RESOURCE-LOCAL-LICENSE-EVIDENCE
icons/folders/folders_type_groups@2x.png	114156e547ff75bb975e716bbc744f601c7ba27b	984	icon	NO-RESOURCE-LOCAL-LICENSE-EVIDENCE
icons/folders/folders_type_groups@3x.png	fcaffe853fceb48b581b6904ce80f7bf5d66baf3	1712	icon	NO-RESOURCE-LOCAL-LICENSE-EVIDENCE
icons/folders/folders_type_muted.png	92e3b1adc70b7559fb98d11171307b0e7050f54e	576	icon	NO-RESOURCE-LOCAL-LICENSE-EVIDENCE
icons/folders/folders_type_muted@2x.png	1dd51e26ca14bbec1a864b48acdee59f205f6ccc	1318	icon	NO-RESOURCE-LOCAL-LICENSE-EVIDENCE
icons/folders/folders_type_muted@3x.png	0f0f81dbb4e36ed1580fcb9f10f1134d49996e96	2101	icon	NO-RESOURCE-LOCAL-LICENSE-EVIDENCE
icons/folders/folders_type_noncontacts.png	213633ac0ba338618801089897a2c0a455aa2701	573	icon	NO-RESOURCE-LOCAL-LICENSE-EVIDENCE
icons/folders/folders_type_noncontacts@2x.png	f1f7695b67c5230298febe9ab8fccec2f3e29622	1252	icon	NO-RESOURCE-LOCAL-LICENSE-EVIDENCE
icons/folders/folders_type_noncontacts@3x.png	f5a58c2693a711478fc616b384a1dd93ba44c12f	1951	icon	NO-RESOURCE-LOCAL-LICENSE-EVIDENCE
icons/folders/folders_type_read.png	56dee358a15890aea03716106df798cdb9375b8d	768	icon	NO-RESOURCE-LOCAL-LICENSE-EVIDENCE
icons/folders/folders_type_read@2x.png	d88d4e919e80bdb867e36275d61c4c753636f388	1434	icon	NO-RESOURCE-LOCAL-LICENSE-EVIDENCE
icons/folders/folders_type_read@3x.png	3cddeb6a6a0f5aa53db76645f13067d92bb0a6f3	2093	icon	NO-RESOURCE-LOCAL-LICENSE-EVIDENCE
icons/folders/folders_unmuted.png	427493375ca1c6286c3ea1c3a74cdd66030b4f48	458	icon	NO-RESOURCE-LOCAL-LICENSE-EVIDENCE
icons/folders/folders_unmuted@2x.png	0fad53fd664b367500f441ed597485b079868563	884	icon	NO-RESOURCE-LOCAL-LICENSE-EVIDENCE
icons/folders/folders_unmuted@3x.png	63fe905df16fb4313acb283668be5537018b212c	1304	icon	NO-RESOURCE-LOCAL-LICENSE-EVIDENCE
icons/folders/folders_unread.png	c15fc1633f27051333548fc8092c8a7e23425aba	626	icon	NO-RESOURCE-LOCAL-LICENSE-EVIDENCE
icons/folders/folders_unread@2x.png	26a79c9a411dd92b1a429b74aadb36abd81f2b28	1211	icon	NO-RESOURCE-LOCAL-LICENSE-EVIDENCE
icons/folders/folders_unread@3x.png	0afa74f39cd350c8035e631bc97b466da082907c	1800	icon	NO-RESOURCE-LOCAL-LICENSE-EVIDENCE
icons/folders/folders_work.png	308772a621d82a6e8050145e71a39b574f749051	493	icon	NO-RESOURCE-LOCAL-LICENSE-EVIDENCE
icons/folders/folders_work@2x.png	50368dc3f818c953a15accaa4edf70d83e3e74f7	948	icon	NO-RESOURCE-LOCAL-LICENSE-EVIDENCE
icons/folders/folders_work@3x.png	798bab02dca5be762ace995e93f122c4ff145bc1	1352	icon	NO-RESOURCE-LOCAL-LICENSE-EVIDENCE
icons/folders/svg/folders_airplane.svg	2e477f2f3a2a387e1d9e36e6bf05fb2ddd23cd00	542	icon	NO-RESOURCE-LOCAL-LICENSE-EVIDENCE
icons/folders/svg/folders_all.svg	0f1ca475fe202340253976d6ee8e0649371977c4	872	icon	NO-RESOURCE-LOCAL-LICENSE-EVIDENCE
icons/folders/svg/folders_book.svg	350ea6729e6d5f97bebddf73153bd3ef97625ac1	740	icon	NO-RESOURCE-LOCAL-LICENSE-EVIDENCE
icons/folders/svg/folders_bots.svg	7195ac75d8ea9a3061ed7a9b353bd5cc5a22c4d1	1345	icon	NO-RESOURCE-LOCAL-LICENSE-EVIDENCE
icons/folders/svg/folders_cat.svg	94572ba138d2d6afaca7e8aa3dfaffd3fef62f56	1288	icon	NO-RESOURCE-LOCAL-LICENSE-EVIDENCE
icons/folders/svg/folders_channels.svg	e7fd89e7128d2e52932d4ec594d50fba45b0be16	817	icon	NO-RESOURCE-LOCAL-LICENSE-EVIDENCE
icons/folders/svg/folders_crown.svg	83d1a92304e74381c9f693f0e0b3629b88f8a69d	1080	icon	NO-RESOURCE-LOCAL-LICENSE-EVIDENCE
icons/folders/svg/folders_custom.svg	4250e1c8ec7bc2c5694632f9b5e27f4b7a9f2496	510	icon	NO-RESOURCE-LOCAL-LICENSE-EVIDENCE
icons/folders/svg/folders_edit.svg	3b39b753c782518f9a22a4c7d5160ee6c0c72954	637	icon	NO-RESOURCE-LOCAL-LICENSE-EVIDENCE
icons/folders/svg/folders_favorite.svg	ecf6bebb6fa1b4a96e703e27fa8fe5437be50743	789	icon	NO-RESOURCE-LOCAL-LICENSE-EVIDENCE
icons/folders/svg/folders_flower.svg	ae708a1c67b707d5c8ff63b8cf57e88eaa9b1a8f	1145	icon	NO-RESOURCE-LOCAL-LICENSE-EVIDENCE
icons/folders/svg/folders_game.svg	e2aece296fd22333c709f32d633ff2a8957492d5	1117	icon	NO-RESOURCE-LOCAL-LICENSE-EVIDENCE
icons/folders/svg/folders_group.svg	138b4150257631675af1bde029243b7350a40348	995	icon	NO-RESOURCE-LOCAL-LICENSE-EVIDENCE
icons/folders/svg/folders_home.svg	ff2f1de53d335b4c47fa3600e927a74694b2f61a	920	icon	NO-RESOURCE-LOCAL-LICENSE-EVIDENCE
icons/folders/svg/folders_light.svg	421c7a405121353d5ede8c612ffe4b6e9c889fdd	807	icon	NO-RESOURCE-LOCAL-LICENSE-EVIDENCE
icons/folders/svg/folders_like.svg	bf978e9ba06f3d97004c89b6fd79f9c84a9322d5	898	icon	NO-RESOURCE-LOCAL-LICENSE-EVIDENCE
icons/folders/svg/folders_love.svg	b2bf0b1d383eec9a310f52e52d6c027562ffeb43	507	icon	NO-RESOURCE-LOCAL-LICENSE-EVIDENCE
icons/folders/svg/folders_mask.svg	9a62aaa23009c8dbf4d0e43fe1f67c68611de896	935	icon	NO-RESOURCE-LOCAL-LICENSE-EVIDENCE
icons/folders/svg/folders_money.svg	917e9d74e5adbcbda44060a4607442cd388b36dc	1438	icon	NO-RESOURCE-LOCAL-LICENSE-EVIDENCE
icons/folders/svg/folders_note.svg	dc9f1cb80069ddb202b997f8c3fc5c897599917c	649	icon	NO-RESOURCE-LOCAL-LICENSE-EVIDENCE
icons/folders/svg/folders_palette.svg	9a2105e2c9e208230ce55e814c879a62912c80a3	987	icon	NO-RESOURCE-LOCAL-LICENSE-EVIDENCE
icons/folders/svg/folders_party.svg	e6b29bcbfca553fcb78c774e106711c4a83d0457	694	icon	NO-RESOURCE-LOCAL-LICENSE-EVIDENCE
icons/folders/svg/folders_private.svg	46014681e26281c504a91535ead6d2c36238a318	848	icon	NO-RESOURCE-LOCAL-LICENSE-EVIDENCE
icons/folders/svg/folders_setup.svg	881314310abecaedf0450c173bed5d6727aaad35	961	icon	NO-RESOURCE-LOCAL-LICENSE-EVIDENCE
icons/folders/svg/folders_sport.svg	17c835e4e5d5a6463ce577f8eb29d0b32925d3b2	1396	icon	NO-RESOURCE-LOCAL-LICENSE-EVIDENCE
icons/folders/svg/folders_study.svg	e936c5538d62b9cfc8911d2c74790c727c0939fd	821	icon	NO-RESOURCE-LOCAL-LICENSE-EVIDENCE
icons/folders/svg/folders_trade.svg	2c9c3bd46602dab2591fdea34a5bfab72a247086	1336	icon	NO-RESOURCE-LOCAL-LICENSE-EVIDENCE
icons/folders/svg/folders_travel.svg	cf843b27d7bdabc1890c72f2b32ef6cdcbb5c4a3	818	icon	NO-RESOURCE-LOCAL-LICENSE-EVIDENCE
icons/folders/svg/folders_unmuted.svg	dc674fc91697fab6ba2e1d9c47a1f27574899c56	782	icon	NO-RESOURCE-LOCAL-LICENSE-EVIDENCE
icons/folders/svg/folders_unread.svg	7bd49d9f0cfffe240ceec3a23d605bc06344296c	729	icon	NO-RESOURCE-LOCAL-LICENSE-EVIDENCE
icons/folders/svg/folders_work.svg	532f77aca9cef85bf20193ae00edae4555677f93	1043	icon	NO-RESOURCE-LOCAL-LICENSE-EVIDENCE
icons/folders/svg/section_chat.svg	694f98342d47eb154e0932c47bf4dc575e28c6a1	307	icon	NO-RESOURCE-LOCAL-LICENSE-EVIDENCE
icons/folders/svg/section_folders.svg	2c04aebc3b861d697edc5c55bb3bf67f9b305b2b	276	icon	NO-RESOURCE-LOCAL-LICENSE-EVIDENCE
icons/folders/svg/section_info.svg	773e0294b1b176cfb324e5790dd5ec4b15d1f8ff	261	icon	NO-RESOURCE-LOCAL-LICENSE-EVIDENCE
icons/folders/svg/section_language.svg	ab30e58250fd5f49229d98ce5c8f3128918ae424	326	icon	NO-RESOURCE-LOCAL-LICENSE-EVIDENCE
icons/folders/svg/section_notifications.svg	77425b82e0cdd96a1c20a7f38a2122ec3b7ce574	300	icon	NO-RESOURCE-LOCAL-LICENSE-EVIDENCE
icons/folders/svg/section_privacy.svg	368701b8b8056b74efdc0e17f18a898bc7016b5c	292	icon	NO-RESOURCE-LOCAL-LICENSE-EVIDENCE
icons/folders/svg/section_settings.svg	f9663ad912504b77276578f138348c2844c990a8	604	icon	NO-RESOURCE-LOCAL-LICENSE-EVIDENCE
icons/folders/svg/section_stickers.svg	72d63b1750044a237bb5f881be39350aea627889	384	icon	NO-RESOURCE-LOCAL-LICENSE-EVIDENCE
icons/fragment.png	d56b3eaaca74eeeb4c6c2f688ee2731d5a59a6c9	525	icon	NO-RESOURCE-LOCAL-LICENSE-EVIDENCE
icons/fragment@2x.png	453b4b2b8f4b5401e3c22b97e9381ca48af86801	1029	icon	NO-RESOURCE-LOCAL-LICENSE-EVIDENCE
icons/fragment@3x.png	154c121c54649b9103ef4d75bc1569df2d69f81f	1575	icon	NO-RESOURCE-LOCAL-LICENSE-EVIDENCE
icons/history_audio_cancel.png	07a45584ad266eb6762959b59c492f4d3628bc95	153	icon	NO-RESOURCE-LOCAL-LICENSE-EVIDENCE
icons/history_audio_cancel@2x.png	d0e29cc060501324c9a50e2f7097e171d5381f7c	251	icon	NO-RESOURCE-LOCAL-LICENSE-EVIDENCE
icons/history_audio_cancel@3x.png	5df38740e397753860e829dd2c07718a9056f7fe	487	icon	NO-RESOURCE-LOCAL-LICENSE-EVIDENCE
icons/history_audio_download.png	43fdd0df6c54e9b215696c28f689e429608e9e50	160	icon	NO-RESOURCE-LOCAL-LICENSE-EVIDENCE
icons/history_audio_download@2x.png	6eec8fbe66080b0fa45becbc1cfa6083871b2baf	221	icon	NO-RESOURCE-LOCAL-LICENSE-EVIDENCE
icons/history_audio_download@3x.png	673bf2eeace9f9567b9a3461d8f4db2681eb945c	453	icon	NO-RESOURCE-LOCAL-LICENSE-EVIDENCE
icons/history_comments.png	3e0938fbbaff891e18a55eb4ed224728af8bfdfb	653	icon	NO-RESOURCE-LOCAL-LICENSE-EVIDENCE
icons/history_comments@2x.png	c22d1ac7184446f606287e44e690db6c21a3cdfe	1240	icon	NO-RESOURCE-LOCAL-LICENSE-EVIDENCE
icons/history_comments@3x.png	d6b250249981f8614701850146708f19d512483d	1820	icon	NO-RESOURCE-LOCAL-LICENSE-EVIDENCE
icons/history_comments_open.png	6cb7ec3be6e47b094afc1caa36253696a0ec9c61	250	icon	NO-RESOURCE-LOCAL-LICENSE-EVIDENCE
icons/history_comments_open@2x.png	ad5a55f676ec983ce6fec25b14228abfcc82fc5b	343	icon	NO-RESOURCE-LOCAL-LICENSE-EVIDENCE
icons/history_comments_open@3x.png	f062d3ee28ef002adee626c45021d050718b2314	451	icon	NO-RESOURCE-LOCAL-LICENSE-EVIDENCE
icons/history_down_arrow.png	7cd14b104b0a9957c00a930262f9c2ba1c967a6e	334	icon	NO-RESOURCE-LOCAL-LICENSE-EVIDENCE
icons/history_down_arrow@2x.png	41838711590a7f965f92d0e18ec3ca4428d48812	535	icon	NO-RESOURCE-LOCAL-LICENSE-EVIDENCE
icons/history_down_arrow@3x.png	c5e8ebb1bdaf9ab2d54392f90da3695e42bd8841	855	icon	NO-RESOURCE-LOCAL-LICENSE-EVIDENCE
icons/history_down_circle.png	fd059d913522aada9c9fe01f39f508b90543de57	710	icon	NO-RESOURCE-LOCAL-LICENSE-EVIDENCE
icons/history_down_circle@2x.png	7df8afdc3ab5505c59b88d97ed8e0bf21a31b17e	1804	icon	NO-RESOURCE-LOCAL-LICENSE-EVIDENCE
icons/history_down_circle@3x.png	85f3e5673fb25c1a69f1e0f83c231ef89410e75c	2499	icon	NO-RESOURCE-LOCAL-LICENSE-EVIDENCE
icons/history_down_shadow.png	17e6289c237f027ecf3f1c7195671dfbcedc0ccd	1508	icon	NO-RESOURCE-LOCAL-LICENSE-EVIDENCE
icons/history_down_shadow@2x.png	c7a2d5f2d2d77c4c3db293c8922d1ca59bfa0e31	3794	icon	NO-RESOURCE-LOCAL-LICENSE-EVIDENCE
icons/history_down_shadow@3x.png	a8058033fc3643d930ecd4255661665e876f0037	4542	icon	NO-RESOURCE-LOCAL-LICENSE-EVIDENCE
icons/history_file_cancel.png	900e673d980cbedb55cddbdcb9ace667557182b7	395	icon	NO-RESOURCE-LOCAL-LICENSE-EVIDENCE
icons/history_file_cancel@2x.png	744748ca90f465d4a5ed3317d7661866561a0117	647	icon	NO-RESOURCE-LOCAL-LICENSE-EVIDENCE
icons/history_file_cancel@3x.png	3673645476f445b206d73c541d0945f27b97452f	901	icon	NO-RESOURCE-LOCAL-LICENSE-EVIDENCE
icons/history_file_document.png	4253ca826d60443fdf9d4204c6b501f5ab9eee70	398	icon	NO-RESOURCE-LOCAL-LICENSE-EVIDENCE
icons/history_file_document@2x.png	8ae488a0ef2f02edaf4faeb7a7a4fbd5530034d0	664	icon	NO-RESOURCE-LOCAL-LICENSE-EVIDENCE
icons/history_file_document@3x.png	13704645acb4a8d4ff71aedce1e8e2c21f281384	974	icon	NO-RESOURCE-LOCAL-LICENSE-EVIDENCE
icons/history_file_download.png	c6124021d5bc85cdb940058f8175d3c759ee1162	374	icon	NO-RESOURCE-LOCAL-LICENSE-EVIDENCE
icons/history_file_download@2x.png	66a14d7e6a7aa7da5c0832959992ab99936e8ded	677	icon	NO-RESOURCE-LOCAL-LICENSE-EVIDENCE
icons/history_file_download@3x.png	6f142fa05fc682871a8e3abcd00b43b0449161b6	794	icon	NO-RESOURCE-LOCAL-LICENSE-EVIDENCE
icons/history_file_image.png	85f395f02a62bce468b0d8d3256459fa2bab32e5	427	icon	NO-RESOURCE-LOCAL-LICENSE-EVIDENCE
icons/history_file_image@2x.png	3d9e384eb6b5d26ffb5b7d7455b42f963cc39cdd	777	icon	NO-RESOURCE-LOCAL-LICENSE-EVIDENCE
icons/history_file_image@3x.png	d993e1466580e1ebfd05545f24ae70a376bf690a	1198	icon	NO-RESOURCE-LOCAL-LICENSE-EVIDENCE
icons/history_file_pause.png	f70f7a9128d11f5b871d1e06917ae03eadf772e9	278	icon	NO-RESOURCE-LOCAL-LICENSE-EVIDENCE
icons/history_file_pause@2x.png	524a87cf32153a67f124f93dd43238a288f7c88a	381	icon	NO-RESOURCE-LOCAL-LICENSE-EVIDENCE
icons/history_file_pause@3x.png	f99cac040ece827ac2f009c18be7cc7dda9c1b93	606	icon	NO-RESOURCE-LOCAL-LICENSE-EVIDENCE
icons/history_file_play.png	1dbcb0a191fbf706a250880b1553691b102b179e	340	icon	NO-RESOURCE-LOCAL-LICENSE-EVIDENCE
icons/history_file_play@2x.png	b008b429e3d13f890e29cc8ca6aa5bfe2ee7e2bd	552	icon	NO-RESOURCE-LOCAL-LICENSE-EVIDENCE
icons/history_file_play@3x.png	b5be7c7d3f3c526e3057f0538625d05b3c04fe40	793	icon	NO-RESOURCE-LOCAL-LICENSE-EVIDENCE
icons/history_pin.png	55066f98ba051cdb81a8c5257acd1baf6f0e06d1	438	icon	NO-RESOURCE-LOCAL-LICENSE-EVIDENCE
icons/history_pin@2x.png	285b91659c834d2060c77c0903b48d35c0588ea9	720	icon	NO-RESOURCE-LOCAL-LICENSE-EVIDENCE
icons/history_pin@3x.png	7ef2fce37e1615347b4b6dcf2c3c3af8fed2917d	1034	icon	NO-RESOURCE-LOCAL-LICENSE-EVIDENCE
icons/history_received.png	f236362ac962bf6c87f16b8dcf805048b6605527	333	icon	NO-RESOURCE-LOCAL-LICENSE-EVIDENCE
icons/history_received@2x.png	e981586cb8d4fd68880fad2071f38ad44c570f49	541	icon	NO-RESOURCE-LOCAL-LICENSE-EVIDENCE
icons/history_received@3x.png	273aeb259e6b3c97bd4a88b386688faa9f599eeb	739	icon	NO-RESOURCE-LOCAL-LICENSE-EVIDENCE
icons/history_replies.png	5cf970592896fa13a71925363eeae2e4d976ca22	373	icon	NO-RESOURCE-LOCAL-LICENSE-EVIDENCE
icons/history_replies@2x.png	13819389c906302b9a521fbf8b34d1f21c78fe88	605	icon	NO-RESOURCE-LOCAL-LICENSE-EVIDENCE
icons/history_replies@3x.png	d8381b128b284b53a97431560d9f2d6fa5dc21a6	830	icon	NO-RESOURCE-LOCAL-LICENSE-EVIDENCE
icons/history_sent.png	0fc1c58b47cf44edd0b1778a42c93de1996eddab	288	icon	NO-RESOURCE-LOCAL-LICENSE-EVIDENCE
icons/history_sent@2x.png	8bb81ea7830b161218e8520c00dd16c7339ea152	418	icon	NO-RESOURCE-LOCAL-LICENSE-EVIDENCE
icons/history_sent@3x.png	a75d1cc849462da40a51586cce3e29f2c4946c0c	571	icon	NO-RESOURCE-LOCAL-LICENSE-EVIDENCE
icons/history_unread_mention.png	2101780b1fb500e2dff4ab0e5fffce85de4f3dff	916	icon	NO-RESOURCE-LOCAL-LICENSE-EVIDENCE
icons/history_unread_mention@2x.png	af29042bc3ce99a6d4bb323e3ee25dd596a998a2	1803	icon	NO-RESOURCE-LOCAL-LICENSE-EVIDENCE
icons/history_unread_mention@3x.png	366fcc322c894b1df5c5227a2ad89c7e9871ab72	2857	icon	NO-RESOURCE-LOCAL-LICENSE-EVIDENCE
icons/history_unread_poll_vote.svg	ccc1f67190bfb2d44795e5e4bc90709edd5af792	1005	icon	NO-RESOURCE-LOCAL-LICENSE-EVIDENCE
icons/history_unread_reaction.png	5be6275a759baadfe2aed19ae1a6129825e5b6cc	715	icon	NO-RESOURCE-LOCAL-LICENSE-EVIDENCE
icons/history_unread_reaction@2x.png	1bfe1c92d67ae8c4b859eb190dd55258c7891642	1478	icon	NO-RESOURCE-LOCAL-LICENSE-EVIDENCE
icons/history_unread_reaction@3x.png	50f822ae1480480b14cf6005c1718ba9700c311d	2268	icon	NO-RESOURCE-LOCAL-LICENSE-EVIDENCE
icons/history_views.png	49f03cfa8071c0b0666ab96b907f01c2c2617046	383	icon	NO-RESOURCE-LOCAL-LICENSE-EVIDENCE
icons/history_views@2x.png	28f76cf0491c45e14b62e71483577eb3e9632e01	1000	icon	NO-RESOURCE-LOCAL-LICENSE-EVIDENCE
icons/history_views@3x.png	da8218adf6a5962acc560ec65439a0a3eabf8e6f	1416	icon	NO-RESOURCE-LOCAL-LICENSE-EVIDENCE
icons/info/edit/antispam.png	47558ed365f259013da99c7448f72d57eea1c425	552	icon	NO-RESOURCE-LOCAL-LICENSE-EVIDENCE
icons/info/edit/antispam@2x.png	5e0ace7f3cbb0a419faa398c7ad15b9e19f04c8f	986	icon	NO-RESOURCE-LOCAL-LICENSE-EVIDENCE
icons/info/edit/antispam@3x.png	16e2a595c3ac0975e1f4347d9171f6f414a75c34	1484	icon	NO-RESOURCE-LOCAL-LICENSE-EVIDENCE
icons/info/edit/channel_manage_signature.png	2b009d54f116388ec146092c34b3820f7f1e31fe	503	icon	NO-RESOURCE-LOCAL-LICENSE-EVIDENCE
icons/info/edit/channel_manage_signature@2x.png	7481d9f0468093034088cb891f99a204153cc4a8	901	icon	NO-RESOURCE-LOCAL-LICENSE-EVIDENCE
icons/info/edit/channel_manage_signature@3x.png	7baba394dadfa567eb1ae1371e9ff600fbe7923b	1273	icon	NO-RESOURCE-LOCAL-LICENSE-EVIDENCE
icons/info/edit/create_channel.png	dd2a9b1d80987cc85dc2610bbc608c26733f1d6a	694	icon	NO-RESOURCE-LOCAL-LICENSE-EVIDENCE
icons/info/edit/create_channel@2x.png	1b6d4789c76e399f5906f37beb9be88e08934405	1284	icon	NO-RESOURCE-LOCAL-LICENSE-EVIDENCE
icons/info/edit/create_channel@3x.png	bb05933d5f42d9c530f00ad3798dce988463694a	1860	icon	NO-RESOURCE-LOCAL-LICENSE-EVIDENCE
icons/info/edit/create_group.png	45e1cb91ffca66e146a09f7c65be11319f0442b9	717	icon	NO-RESOURCE-LOCAL-LICENSE-EVIDENCE
icons/info/edit/create_group@2x.png	cdd6b4a2403e68dc6371e1ffb4fbb06585d7d1b2	1358	icon	NO-RESOURCE-LOCAL-LICENSE-EVIDENCE
icons/info/edit/create_group@3x.png	e6b65c1ae62922fabf8b5ed9f74a04e25ec95f45	2009	icon	NO-RESOURCE-LOCAL-LICENSE-EVIDENCE
icons/info/edit/dotsmini.png	5d98d38d3d94f5a207a5f82d5d6845d1d9adbcc3	234	icon	NO-RESOURCE-LOCAL-LICENSE-EVIDENCE
icons/info/edit/dotsmini@2x.png	56a590f32c0aa926f7d9b138b2d160092e74b31a	383	icon	NO-RESOURCE-LOCAL-LICENSE-EVIDENCE
icons/info/edit/dotsmini@3x.png	7008f36419132984768a6deb43c41d6d05b90c10	527	icon	NO-RESOURCE-LOCAL-LICENSE-EVIDENCE
icons/info/edit/expand_arrow_small.png	839b55ad031530e2626440978965eadbbfe29a48	294	icon	NO-RESOURCE-LOCAL-LICENSE-EVIDENCE
icons/info/edit/expand_arrow_small@2x.png	ba6eda83bc67bb39c78065aa453b5d526cc91fc5	413	icon	NO-RESOURCE-LOCAL-LICENSE-EVIDENCE
icons/info/edit/expand_arrow_small@3x.png	993b88a48ffc8c043d6a535891572405b7d85026	567	icon	NO-RESOURCE-LOCAL-LICENSE-EVIDENCE
icons/info/edit/group_manage_actions.png	a1edd3cfac33b4cdd9a7b9124514618a95c7e06a	432	icon	NO-RESOURCE-LOCAL-LICENSE-EVIDENCE
icons/info/edit/group_manage_actions@2x.png	8463e220c9b67b21882332802ac2f1aa2344c07d	757	icon	NO-RESOURCE-LOCAL-LICENSE-EVIDENCE
icons/info/edit/group_manage_actions@3x.png	28f23489f6100db9f12cc4c8023ee48b33dfa0d7	1059	icon	NO-RESOURCE-LOCAL-LICENSE-EVIDENCE
icons/info/edit/group_manage_admins.png	c1c4c95bb8c586e13f4a22cb43c5b3f7e8bdca69	515	icon	NO-RESOURCE-LOCAL-LICENSE-EVIDENCE
icons/info/edit/group_manage_admins@2x.png	709e805747fbd1b6ebd572c034fd38c21ac2a540	989	icon	NO-RESOURCE-LOCAL-LICENSE-EVIDENCE
icons/info/edit/group_manage_admins@3x.png	9dcd0742b225f1bc671b387fc4ca5230c7151549	1481	icon	NO-RESOURCE-LOCAL-LICENSE-EVIDENCE
icons/info/edit/group_manage_join_requests.png	4d6476a05f3621feeac7fdb2c38de60cd173fa99	469	icon	NO-RESOURCE-LOCAL-LICENSE-EVIDENCE
icons/info/edit/group_manage_join_requests@2x.png	fe106db996c8b28f87a256e0861cfc20209f4351	745	icon	NO-RESOURCE-LOCAL-LICENSE-EVIDENCE
icons/info/edit/group_manage_join_requests@3x.png	c6e0ae226efa0fc7a8f9cef4193b87a3c7164e42	1056	icon	NO-RESOURCE-LOCAL-LICENSE-EVIDENCE
icons/info/edit/group_manage_links.png	3cec723dbc0d1168653e80c3d69fa368b6226d00	583	icon	NO-RESOURCE-LOCAL-LICENSE-EVIDENCE
icons/info/edit/group_manage_links@2x.png	c48a70f22865af3cbf268942c4db829429855c6f	1023	icon	NO-RESOURCE-LOCAL-LICENSE-EVIDENCE
icons/info/edit/group_manage_links@3x.png	0e084b5d660cb97a21b80eb7585498e2b4bace36	1516	icon	NO-RESOURCE-LOCAL-LICENSE-EVIDENCE
icons/info/edit/group_manage_reactions.png	b1aa70cac0029c8605f0d0025c0e806b79edac89	509	icon	NO-RESOURCE-LOCAL-LICENSE-EVIDENCE
icons/info/edit/group_manage_reactions@2x.png	ca37d38927691bcec0648b16f9efa97e02d88443	891	icon	NO-RESOURCE-LOCAL-LICENSE-EVIDENCE
icons/info/edit/group_manage_reactions@3x.png	1de2491176da2044b1684a68e677ce42861fc937	1319	icon	NO-RESOURCE-LOCAL-LICENSE-EVIDENCE
icons/info/edit/group_manage_type.png	9bd8a19300288062a9bdb0399170f6195822cc79	494	icon	NO-RESOURCE-LOCAL-LICENSE-EVIDENCE
icons/info/edit/group_manage_type@2x.png	408c982e9be7162ba3cbb0b0aedfd04692e4dbed	925	icon	NO-RESOURCE-LOCAL-LICENSE-EVIDENCE
icons/info/edit/group_manage_type@3x.png	6e691af00141f8f62e50014f1732fd8e6e38492c	1349	icon	NO-RESOURCE-LOCAL-LICENSE-EVIDENCE
icons/info/edit/hidden_members.png	5023e3ae71a49dab6ae4d55e37555fba7a4278c4	461	icon	NO-RESOURCE-LOCAL-LICENSE-EVIDENCE
icons/info/edit/hidden_members@2x.png	6e26f1cbe9c7e6b7581ff550592133ed8968afbe	810	icon	NO-RESOURCE-LOCAL-LICENSE-EVIDENCE
icons/info/edit/hidden_members@3x.png	aa514379111b137eadcc4d7f7896d2e803e4451a	1163	icon	NO-RESOURCE-LOCAL-LICENSE-EVIDENCE
icons/info/edit/links_copy.png	15e6cde2856a206c2184f302134e84652b5c38de	397	icon	NO-RESOURCE-LOCAL-LICENSE-EVIDENCE
icons/info/edit/links_copy@2x.png	9b54334978062b145f6a7dcbdaf0af617f1d81a8	682	icon	NO-RESOURCE-LOCAL-LICENSE-EVIDENCE
icons/info/edit/links_copy@3x.png	5c702a8e316f1a3a9ed6ed8b000b19264d0c2d65	1069	icon	NO-RESOURCE-LOCAL-LICENSE-EVIDENCE
icons/info/edit/links_delete.png	f20b3d13503caec0f56b235eb6f967f9377b753f	432	icon	NO-RESOURCE-LOCAL-LICENSE-EVIDENCE
icons/info/edit/links_delete@2x.png	94e5b4a0e0d8ba82d998cfb62589b0e7fbcbbff9	791	icon	NO-RESOURCE-LOCAL-LICENSE-EVIDENCE
icons/info/edit/links_delete@3x.png	28df4fad1ef412abec16cf29079e7a2f6b436ef6	1154	icon	NO-RESOURCE-LOCAL-LICENSE-EVIDENCE
icons/info/edit/links_link.png	334eab0a28935a0fa08bc7ed13a3bb82aa58aa39	606	icon	NO-RESOURCE-LOCAL-LICENSE-EVIDENCE
icons/info/edit/links_link@2x.png	6c1174a8a9ad3d007d61891558761cef922f2006	1193	icon	NO-RESOURCE-LOCAL-LICENSE-EVIDENCE
icons/info/edit/links_link@3x.png	f4d797b7f1d6c644f0242fddb9641938588e199d	1905	icon	NO-RESOURCE-LOCAL-LICENSE-EVIDENCE
icons/info/edit/links_reactivate.png	f8780df551dc4386fb0fefd06afc9aed60be776a	347	icon	NO-RESOURCE-LOCAL-LICENSE-EVIDENCE
icons/info/edit/links_reactivate@2x.png	9d7e6484d75894b39dee6b2aca0100a1ec2b2e12	584	icon	NO-RESOURCE-LOCAL-LICENSE-EVIDENCE
icons/info/edit/links_reactivate@3x.png	39a00a246f7491fcb91fc3f70b019585a2956205	863	icon	NO-RESOURCE-LOCAL-LICENSE-EVIDENCE
icons/info/edit/links_revoked.png	89b361901dbc89773a54688f73d9d2a7ae9f66e4	737	icon	NO-RESOURCE-LOCAL-LICENSE-EVIDENCE
icons/info/edit/links_revoked@2x.png	3c0f6d6bb903d7ebba0dffda1bb4d9f6ae2a3a2a	1433	icon	NO-RESOURCE-LOCAL-LICENSE-EVIDENCE
icons/info/edit/links_revoked@3x.png	31bde4c44c80a8186512c519c4945de23d1f171a	2242	icon	NO-RESOURCE-LOCAL-LICENSE-EVIDENCE
icons/info/edit/links_share.png	78ca22f8d3db5e4e46af6e9a432e7d8514ba09a3	464	icon	NO-RESOURCE-LOCAL-LICENSE-EVIDENCE
icons/info/edit/links_share@2x.png	451f6332263d6a064fe22cb72952e7092e19b0e1	859	icon	NO-RESOURCE-LOCAL-LICENSE-EVIDENCE
icons/info/edit/links_share@3x.png	af03170f6156e1922724b2ade0b6efb4cf1080cb	1349	icon	NO-RESOURCE-LOCAL-LICENSE-EVIDENCE
icons/info/edit/links_subscription.svg	2d2d0c3fb3a9322e269211d09dfe3c0e65998e13	4746	icon	NO-RESOURCE-LOCAL-LICENSE-EVIDENCE
icons/info/edit/roundbtn_plus.png	1f35ddbdb586da0c645708321e926c8264188cc3	287	icon	NO-RESOURCE-LOCAL-LICENSE-EVIDENCE
icons/info/edit/roundbtn_plus@2x.png	7d2e67a9d62f472ffd830215afab729d5a91c8b0	465	icon	NO-RESOURCE-LOCAL-LICENSE-EVIDENCE
icons/info/edit/roundbtn_plus@3x.png	2b9621f36f0e322953a9a07a00a28a12b28c149b	787	icon	NO-RESOURCE-LOCAL-LICENSE-EVIDENCE
icons/info/inaccessible_userpic.png	426fa1ee53b17727d47b6c9c66f50a67b6a6fac2	2666	icon	NO-RESOURCE-LOCAL-LICENSE-EVIDENCE
icons/info/inaccessible_userpic@2x.png	aabebd3441748d088aa5e48f3c2e671d1d5036a2	3261	icon	NO-RESOURCE-LOCAL-LICENSE-EVIDENCE
icons/info/inaccessible_userpic@3x.png	1b943895ddc183575ce2e868f0412fa3465a5fc3	4048	icon	NO-RESOURCE-LOCAL-LICENSE-EVIDENCE
icons/info/info_add_member.png	9216406a1388fb6ccfa51b7aeed96272ec07ed9b	600	icon	NO-RESOURCE-LOCAL-LICENSE-EVIDENCE
icons/info/info_add_member@2x.png	c380208fa1a8968b9f932c844904397d50278684	1129	icon	NO-RESOURCE-LOCAL-LICENSE-EVIDENCE
icons/info/info_add_member@3x.png	b86d192ea6b6e160274fe918279186ba73039b6b	1597	icon	NO-RESOURCE-LOCAL-LICENSE-EVIDENCE
icons/info/info_back.png	d3d79367cbd4c325bd113b64491a24d37db3b3a5	303	icon	NO-RESOURCE-LOCAL-LICENSE-EVIDENCE
icons/info/info_back@2x.png	f2440fba3a981fbe1f62ed91daba39bafcebbe95	436	icon	NO-RESOURCE-LOCAL-LICENSE-EVIDENCE
icons/info/info_back@3x.png	629c05c44036a0ffe0089af3d238e90c07746d8d	638	icon	NO-RESOURCE-LOCAL-LICENSE-EVIDENCE
icons/info/info_block.png	fed8a03cd576fbe122f748a50e4af74fad7d83f2	725	icon	NO-RESOURCE-LOCAL-LICENSE-EVIDENCE
icons/info/info_block@2x.png	d69c7630bc66b818cc96de18b85794d5a6c67eb6	1438	icon	NO-RESOURCE-LOCAL-LICENSE-EVIDENCE
icons/info/info_block@3x.png	b9a41cb9f7a574129a1b6d6d01cf52c3fa82c1be	2259	icon	NO-RESOURCE-LOCAL-LICENSE-EVIDENCE
icons/info/info_close.png	408502bdaec2b6c6a2dd84361279490d6c9493fb	345	icon	NO-RESOURCE-LOCAL-LICENSE-EVIDENCE
icons/info/info_close@2x.png	5cb69dd8bc38d3e4a26829d684632202c904d19f	558	icon	NO-RESOURCE-LOCAL-LICENSE-EVIDENCE
icons/info/info_close@3x.png	867c3f9cb8e26106b56e777543a786f42dc5aead	727	icon	NO-RESOURCE-LOCAL-LICENSE-EVIDENCE
icons/info/info_colors_add.png	bf89de76e40c516e2810e2bf1a2b8b23c9796e80	269	icon	NO-RESOURCE-LOCAL-LICENSE-EVIDENCE
icons/info/info_colors_add@2x.png	58873de2a96548daaf700844a0bc26c27504de76	383	icon	NO-RESOURCE-LOCAL-LICENSE-EVIDENCE
icons/info/info_colors_add@3x.png	88a9ced45208aac5d925b37f147e68dfb1704394	505	icon	NO-RESOURCE-LOCAL-LICENSE-EVIDENCE
icons/info/info_colors_remove.png	c8310444949b04b3510f787b5de25139981eec59	210	icon	NO-RESOURCE-LOCAL-LICENSE-EVIDENCE
icons/info/info_colors_remove@2x.png	e891c990f662250fbf6e0b82d4e51e4dc991f9b4	264	icon	NO-RESOURCE-LOCAL-LICENSE-EVIDENCE
icons/info/info_colors_remove@3x.png	ba78ac375575721cc92c3de93c5a62284b041644	323	icon	NO-RESOURCE-LOCAL-LICENSE-EVIDENCE
icons/info/info_common_groups.png	6968a8196dde1f1db3d855056d4525ae0c24e0b5	695	icon	NO-RESOURCE-LOCAL-LICENSE-EVIDENCE
icons/info/info_common_groups@2x.png	7ab568983a676f2940e47a22aec6cf99edf71292	1357	icon	NO-RESOURCE-LOCAL-LICENSE-EVIDENCE
icons/info/info_common_groups@3x.png	d92cb08c1409cd06a41bf50a72c49ac1d6e136c2	1949	icon	NO-RESOURCE-LOCAL-LICENSE-EVIDENCE
icons/info/info_delete.png	f759bec11f42f2571d97a06c0a89af02cac0aaf2	561	icon	NO-RESOURCE-LOCAL-LICENSE-EVIDENCE
icons/info/info_delete@2x.png	c14cb71b50d2b0658457eddf092d9e62486a107f	907	icon	NO-RESOURCE-LOCAL-LICENSE-EVIDENCE
icons/info/info_delete@3x.png	9477ac440c6079c12e30275402033c311ce61dd4	1341	icon	NO-RESOURCE-LOCAL-LICENSE-EVIDENCE
icons/info/info_edit.png	027a6c31a2ea3f0bfe9bae6b2c0f3ca4ba9919ae	453	icon	NO-RESOURCE-LOCAL-LICENSE-EVIDENCE
icons/info/info_edit@2x.png	c48d44f8a42ab5836eb4d6a647500da262f4554c	741	icon	NO-RESOURCE-LOCAL-LICENSE-EVIDENCE
icons/info/info_edit@3x.png	3caa3d7f23bc01d6bb1d3f57511346d06964b7f9	1073	icon	NO-RESOURCE-LOCAL-LICENSE-EVIDENCE
icons/info/info_information.png	0814d75362300f6b379213de48a7609b886393b8	559	icon	NO-RESOURCE-LOCAL-LICENSE-EVIDENCE
icons/info/info_information@2x.png	33447a76b10f95379926fe4b96686adbd1e8b63d	1154	icon	NO-RESOURCE-LOCAL-LICENSE-EVIDENCE
icons/info/info_information@3x.png	5a750462a87ad0e874c23343733016296ac20639	1728	icon	NO-RESOURCE-LOCAL-LICENSE-EVIDENCE
icons/info/info_iv_mini.svg	89530ebdcf89632c5606eabb975b01d20a3c331d	2634	icon	NO-RESOURCE-LOCAL-LICENSE-EVIDENCE
icons/info/info_leave.png	38d05ecc72dc43b38a6ac3fed97504dbf00c805e	522	icon	NO-RESOURCE-LOCAL-LICENSE-EVIDENCE
icons/info/info_leave@2x.png	2993b43997df27fe3f1bd3e0d1a2efcd234cd1d0	874	icon	NO-RESOURCE-LOCAL-LICENSE-EVIDENCE
icons/info/info_leave@3x.png	40f708824534be48ae6d62cea986bf75c79e5762	1179	icon	NO-RESOURCE-LOCAL-LICENSE-EVIDENCE
icons/info/info_media_audio.png	00ac8a96aaaa1a33f8edb8d3e0d223d025daa876	629	icon	NO-RESOURCE-LOCAL-LICENSE-EVIDENCE
icons/info/info_media_audio@2x.png	cb1a64c21d131a1a6ec51882ed9acd42589cd934	1159	icon	NO-RESOURCE-LOCAL-LICENSE-EVIDENCE
icons/info/info_media_audio@3x.png	604fcdbf35c999fd9b00ff83a258b479a2d61db7	1548	icon	NO-RESOURCE-LOCAL-LICENSE-EVIDENCE
icons/info/info_media_audio_empty.png	92af8ab50c5d06785c594593c6b2c07e9fe62bd8	1589	icon	NO-RESOURCE-LOCAL-LICENSE-EVIDENCE
icons/info/info_media_audio_empty@2x.png	65b7506ab923a965b325abccc3cc22316512bfbf	3360	icon	NO-RESOURCE-LOCAL-LICENSE-EVIDENCE
icons/info/info_media_audio_empty@3x.png	5ee34bfbc5cb8ede748f67203723a5a108b439f3	5855	icon	NO-RESOURCE-LOCAL-LICENSE-EVIDENCE
icons/info/info_media_delete.png	b70917939fe1dbe03577232f6abb40f42918fe22	518	icon	NO-RESOURCE-LOCAL-LICENSE-EVIDENCE
icons/info/info_media_delete@2x.png	6cd110ce5d9896b9906ad3b66f73c1ef1ac2dc7c	882	icon	NO-RESOURCE-LOCAL-LICENSE-EVIDENCE
icons/info/info_media_delete@3x.png	904892080971170c63964e68c6fcdb665e0cf6bd	1308	icon	NO-RESOURCE-LOCAL-LICENSE-EVIDENCE
icons/info/info_media_file.png	3341fb56fd067e395949f2fc1cbed2f5d5db1ab3	560	icon	NO-RESOURCE-LOCAL-LICENSE-EVIDENCE
icons/info/info_media_file@2x.png	dc8d0ebdbf7014f94afff2f68555e7391de0f7e9	939	icon	NO-RESOURCE-LOCAL-LICENSE-EVIDENCE
icons/info/info_media_file@3x.png	f436d894cb1cf3ebf71eda4bcd086974879fd599	1338	icon	NO-RESOURCE-LOCAL-LICENSE-EVIDENCE
icons/info/info_media_file_empty.png	bcff0554f6749c43d55bf7aee6aceacf99024ec3	952	icon	NO-RESOURCE-LOCAL-LICENSE-EVIDENCE
icons/info/info_media_file_empty@2x.png	b08f2b7cd6dd43ed0ef588b4bde408ae803054e2	2285	icon	NO-RESOURCE-LOCAL-LICENSE-EVIDENCE
icons/info/info_media_file_empty@3x.png	ea239b306c869940314085df149976a5f81281fd	3936	icon	NO-RESOURCE-LOCAL-LICENSE-EVIDENCE
icons/info/info_media_forward.png	1d081019b6c5e0d94aaed04d54e24879ef1171fd	476	icon	NO-RESOURCE-LOCAL-LICENSE-EVIDENCE
icons/info/info_media_forward@2x.png	b7b272d54519475c1f2fe71356d7ad81e820629c	823	icon	NO-RESOURCE-LOCAL-LICENSE-EVIDENCE
icons/info/info_media_forward@3x.png	972c4da9ba690b25388f059efd723b2b8e13d3b3	1159	icon	NO-RESOURCE-LOCAL-LICENSE-EVIDENCE
icons/info/info_media_gif.png	948822fe22969c4f9dc6420b0741ad9d0adcbb80	667	icon	NO-RESOURCE-LOCAL-LICENSE-EVIDENCE
icons/info/info_media_gif@2x.png	870d145174ca628de1ce885a2f8822dc4304ae97	1204	icon	NO-RESOURCE-LOCAL-LICENSE-EVIDENCE
icons/info/info_media_gif@3x.png	5ba8da9d1c8a43cac6c51ef6e2ba4409031caf04	1735	icon	NO-RESOURCE-LOCAL-LICENSE-EVIDENCE
icons/info/info_media_link.png	8a9da5b5e036ea87c0fd1ade3750297c5e500d6b	423	icon	NO-RESOURCE-LOCAL-LICENSE-EVIDENCE
icons/info/info_media_link@2x.png	c5a1081fb76c706865ae4f2836936a13b5fc0f94	802	icon	NO-RESOURCE-LOCAL-LICENSE-EVIDENCE
icons/info/info_media_link@3x.png	84fe5db4e82689d623ed5c99d75f8c7cd6a8edfe	1180	icon	NO-RESOURCE-LOCAL-LICENSE-EVIDENCE
icons/info/info_media_link_empty.png	393e34da875aac9f04a2602a3fb2f107412ea945	1276	icon	NO-RESOURCE-LOCAL-LICENSE-EVIDENCE
icons/info/info_media_link_empty@2x.png	b99bbecf2bfca01e2ab726b83aac290f7993a4fc	3044	icon	NO-RESOURCE-LOCAL-LICENSE-EVIDENCE
icons/info/info_media_link_empty@3x.png	8746f46bc920e5665413fb6d615be4c85a4fb223	4867	icon	NO-RESOURCE-LOCAL-LICENSE-EVIDENCE
icons/info/info_media_photo.png	49ac0b46ed3def13b1c048cb674d08671e42d2b3	553	icon	NO-RESOURCE-LOCAL-LICENSE-EVIDENCE
icons/info/info_media_photo@2x.png	ec1c9eae90f5cb4d55ca8424241a03320f08c8d5	1054	icon	NO-RESOURCE-LOCAL-LICENSE-EVIDENCE
icons/info/info_media_photo@3x.png	4023368882849c98aa30bf784cc85635aef8f224	1569	icon	NO-RESOURCE-LOCAL-LICENSE-EVIDENCE
icons/info/info_media_photo_empty.png	a4b1e92ae113d20599200051562d8d0613d87d03	894	icon	NO-RESOURCE-LOCAL-LICENSE-EVIDENCE
icons/info/info_media_photo_empty@2x.png	098a6adf7ef9fed375b59799742c0c0cd3b1e09a	2146	icon	NO-RESOURCE-LOCAL-LICENSE-EVIDENCE
icons/info/info_media_photo_empty@3x.png	977f2a3bd1293528039ba06ec9c38fb4afb1f07b	3750	icon	NO-RESOURCE-LOCAL-LICENSE-EVIDENCE
icons/info/info_media_round.png	c96a0ab4d808a5a0c49e81480938f0b41b29657f	532	icon	NO-RESOURCE-LOCAL-LICENSE-EVIDENCE
icons/info/info_media_round@2x.png	f4607e76db3ac7ab0db6bfea21f72b801690ee6c	1107	icon	NO-RESOURCE-LOCAL-LICENSE-EVIDENCE
icons/info/info_media_round@3x.png	4c7fbdaba80f36ebb5483a3b9b5f8278cb98cf00	1774	icon	NO-RESOURCE-LOCAL-LICENSE-EVIDENCE
icons/info/info_media_saved.png	0b3ebc5dde0a72c6aa8943c90652bb7f299341d2	380	icon	NO-RESOURCE-LOCAL-LICENSE-EVIDENCE
icons/info/info_media_saved@2x.png	aa91e6fb81eb6094700848538b7be242ea0c6dcb	664	icon	NO-RESOURCE-LOCAL-LICENSE-EVIDENCE
icons/info/info_media_saved@3x.png	6c9814fe12eae5a6f2e4a2d85e044813b7873705	954	icon	NO-RESOURCE-LOCAL-LICENSE-EVIDENCE
icons/info/info_media_stories.png	5b4cb99beb7eadffe7dc268a251206ffc9ee313d	729	icon	NO-RESOURCE-LOCAL-LICENSE-EVIDENCE
icons/info/info_media_stories@2x.png	fc0a2f6e32f22765f563299d97b6962f1bbd0091	1463	icon	NO-RESOURCE-LOCAL-LICENSE-EVIDENCE
icons/info/info_media_stories@3x.png	df8a23bbdd4cd4568064dabeffa7897787d3fef6	2222	icon	NO-RESOURCE-LOCAL-LICENSE-EVIDENCE
icons/info/info_media_story_empty.png	6196956ba4c9da3760487afaa77a0445271a8be0	1534	icon	NO-RESOURCE-LOCAL-LICENSE-EVIDENCE
icons/info/info_media_story_empty@2x.png	c3e6997cd164e77196d4c0d1be72b22a29494871	3435	icon	NO-RESOURCE-LOCAL-LICENSE-EVIDENCE
icons/info/info_media_story_empty@3x.png	b6422809dcbdc0a470834b91e6923a3f08542494	5763	icon	NO-RESOURCE-LOCAL-LICENSE-EVIDENCE
icons/info/info_media_video.png	93aa1be1c16e2010f45e6ac3386c89c014a9a5c1	487	icon	NO-RESOURCE-LOCAL-LICENSE-EVIDENCE
icons/info/info_media_video@2x.png	17c760aa6af899b27e8f1d341a1335a4a470725a	804	icon	NO-RESOURCE-LOCAL-LICENSE-EVIDENCE
icons/info/info_media_video@3x.png	1e2265b294e7569032a707c0172b78f5bf6d222a	1079	icon	NO-RESOURCE-LOCAL-LICENSE-EVIDENCE
icons/info/info_media_video_empty.png	8fbf73143042d4d02ae8940e274a9b4b021b67a1	1300	icon	NO-RESOURCE-LOCAL-LICENSE-EVIDENCE
icons/info/info_media_video_empty@2x.png	d45d799d10514fa691f7373e22395a2b6e124a15	2941	icon	NO-RESOURCE-LOCAL-LICENSE-EVIDENCE
icons/info/info_media_video_empty@3x.png	c5bbc23375ecf4ebf2247f47201a62f81cf26807	5692	icon	NO-RESOURCE-LOCAL-LICENSE-EVIDENCE
icons/info/info_media_voice.png	6bc3d49fec2f2dd729085a6521debb3da290c7a5	483	icon	NO-RESOURCE-LOCAL-LICENSE-EVIDENCE
icons/info/info_media_voice@2x.png	aebbe7b9f8760b11518dd1156f596f0928fd7da6	974	icon	NO-RESOURCE-LOCAL-LICENSE-EVIDENCE
icons/info/info_media_voice@3x.png	d3306b03ff9852a5a1633d5a0eafe9ba55d38692	1402	icon	NO-RESOURCE-LOCAL-LICENSE-EVIDENCE
icons/info/info_media_voice_empty.png	83f007578c4d9231758adaffacb4e381f98a02ae	1570	icon	NO-RESOURCE-LOCAL-LICENSE-EVIDENCE
icons/info/info_media_voice_empty@2x.png	7f55bb83c3678b01202c0910aa43303c42759892	2799	icon	NO-RESOURCE-LOCAL-LICENSE-EVIDENCE
icons/info/info_media_voice_empty@3x.png	5b593822c0814a0c8040c935745cec91c9fa2702	4432	icon	NO-RESOURCE-LOCAL-LICENSE-EVIDENCE
icons/info/info_members.png	6968a8196dde1f1db3d855056d4525ae0c24e0b5	695	icon	NO-RESOURCE-LOCAL-LICENSE-EVIDENCE
icons/info/info_members@2x.png	7ab568983a676f2940e47a22aec6cf99edf71292	1357	icon	NO-RESOURCE-LOCAL-LICENSE-EVIDENCE
icons/info/info_members@3x.png	d92cb08c1409cd06a41bf50a72c49ac1d6e136c2	1949	icon	NO-RESOURCE-LOCAL-LICENSE-EVIDENCE
icons/info/info_notifications.png	b718b038f99eb34365941b20e71a0b9c77063b9c	484	icon	NO-RESOURCE-LOCAL-LICENSE-EVIDENCE
icons/info/info_notifications@2x.png	8b06c68faa907e4cdee82c66bf86c17d26a00e9f	940	icon	NO-RESOURCE-LOCAL-LICENSE-EVIDENCE
icons/info/info_notifications@3x.png	5a061001598815143c207ba8e3476244b20159d1	1337	icon	NO-RESOURCE-LOCAL-LICENSE-EVIDENCE
icons/info/info_permissions.png	6b37b2b7eb4543140857d82096fb97222490c180	715	icon	NO-RESOURCE-LOCAL-LICENSE-EVIDENCE
icons/info/info_permissions@2x.png	b36128f809a32c38e4405614862777f204d84e9b	1426	icon	NO-RESOURCE-LOCAL-LICENSE-EVIDENCE
icons/info/info_permissions@3x.png	70039de05a9b2d352a37dd29c6aa93d648b1eabe	2152	icon	NO-RESOURCE-LOCAL-LICENSE-EVIDENCE
icons/info/info_report.png	f325480263c104272361966fe18ae654c22b96ce	517	icon	NO-RESOURCE-LOCAL-LICENSE-EVIDENCE
icons/info/info_report@2x.png	97a6d9f4d9a9571b3e2536770dc012df0f04d01c	1048	icon	NO-RESOURCE-LOCAL-LICENSE-EVIDENCE
icons/info/info_report@3x.png	bec061f1326b3c39b4255151debbce148172196f	1580	icon	NO-RESOURCE-LOCAL-LICENSE-EVIDENCE
icons/info/info_rights_lock.png	86edf0241c93efbc3b86a211a290c2845435d860	280	icon	NO-RESOURCE-LOCAL-LICENSE-EVIDENCE
icons/info/info_rights_lock@2x.png	4aac0da7b0324947dc04bfea94f1487f6df97fbb	519	icon	NO-RESOURCE-LOCAL-LICENSE-EVIDENCE
icons/info/info_rights_lock@3x.png	e3f8fb5d9ba91651489354237785422aefbd3933	721	icon	NO-RESOURCE-LOCAL-LICENSE-EVIDENCE
icons/info/info_search.png	026de4c9306e4c402630750cddfa6f4aef06db1c	471	icon	NO-RESOURCE-LOCAL-LICENSE-EVIDENCE
icons/info/info_search@2x.png	388fb7c7a47fc14fb30a2e1ca1ac39c28b77d82a	823	icon	NO-RESOURCE-LOCAL-LICENSE-EVIDENCE
icons/info/info_search@3x.png	dbf470ac719a16acfef81df62fd58dbd5fb0e46d	1061	icon	NO-RESOURCE-LOCAL-LICENSE-EVIDENCE
icons/info/info_share.png	39024f9ec9bb1350ec5ebd155b667e8fbbbf70c5	599	icon	NO-RESOURCE-LOCAL-LICENSE-EVIDENCE
icons/info/info_share@2x.png	5cc49c94082e87ecac3503f4fd83a7fa2f7e8d36	1174	icon	NO-RESOURCE-LOCAL-LICENSE-EVIDENCE
icons/info/info_share@3x.png	465bd951bca1d4f1c20b1311a2868b986d2c239d	1726	icon	NO-RESOURCE-LOCAL-LICENSE-EVIDENCE
icons/info/info_stories_archive.png	9b4b79ce4365cb35163cb2cb7eb37c13479bc395	727	icon	NO-RESOURCE-LOCAL-LICENSE-EVIDENCE
icons/info/info_stories_archive@2x.png	831363fa5c51083ffa552c679471de10d18f94af	1450	icon	NO-RESOURCE-LOCAL-LICENSE-EVIDENCE
icons/info/info_stories_archive@3x.png	e02e85c6cf21b8384a02b72f8008303628c7aa91	2221	icon	NO-RESOURCE-LOCAL-LICENSE-EVIDENCE
icons/info/info_stories_recent.png	341ee2a06ce04c9b9a159b216e977e5653984211	606	icon	NO-RESOURCE-LOCAL-LICENSE-EVIDENCE
icons/info/info_stories_recent@2x.png	ecb3fc72d91d3cbbc9ec444f1b5151960118bb19	1131	icon	NO-RESOURCE-LOCAL-LICENSE-EVIDENCE
icons/info/info_stories_recent@3x.png	bacf1a3c1e7d87b063979055f1a360e1dc3acea8	1719	icon	NO-RESOURCE-LOCAL-LICENSE-EVIDENCE
icons/info/info_stories_to_archive.png	f9c81896eb1a9ab8a6470126e2e51693a1e9e5e0	671	icon	NO-RESOURCE-LOCAL-LICENSE-EVIDENCE
icons/info/info_stories_to_archive@2x.png	ef905891c427675c553c682c341f4aa067b63afe	1236	icon	NO-RESOURCE-LOCAL-LICENSE-EVIDENCE
icons/info/info_stories_to_archive@3x.png	bc2fc30af1a0e8102a5e46ace761759182954d49	1869	icon	NO-RESOURCE-LOCAL-LICENSE-EVIDENCE
icons/info/info_stories_to_profile.png	cfe465c5b341a4f2b44c1ebf2c0b167dc98278f3	770	icon	NO-RESOURCE-LOCAL-LICENSE-EVIDENCE
icons/info/info_stories_to_profile@2x.png	1e9990c2faa715e771ef297cee1833faa1118a65	1482	icon	NO-RESOURCE-LOCAL-LICENSE-EVIDENCE
icons/info/info_stories_to_profile@3x.png	414fa60a26a9a46289991f3b1c2cf71b03b406ca	2200	icon	NO-RESOURCE-LOCAL-LICENSE-EVIDENCE
icons/inline_button_card.png	ce28e218892f194607ba6b751d7b686719d7cd62	213	icon	NO-RESOURCE-LOCAL-LICENSE-EVIDENCE
icons/inline_button_card@2x.png	6c550d573439caf67923bf74f56194be4ad3fdb1	249	icon	NO-RESOURCE-LOCAL-LICENSE-EVIDENCE
icons/inline_button_card@3x.png	0e475888211730262215e5a727ba4e842944bb45	300	icon	NO-RESOURCE-LOCAL-LICENSE-EVIDENCE
icons/inline_button_copy.png	50732e98f4658b681a9defbf55e8d292a67f1af9	1471	icon	NO-RESOURCE-LOCAL-LICENSE-EVIDENCE
icons/inline_button_copy@2x.png	0c843e25f2243c29bcc8314f73169515a63d3064	1759	icon	NO-RESOURCE-LOCAL-LICENSE-EVIDENCE
icons/inline_button_copy@3x.png	f2b2fce5bb618d9c8a9266e1e45b7e670a2dc91c	1643	icon	NO-RESOURCE-LOCAL-LICENSE-EVIDENCE
icons/inline_button_switch.png	af74ace51babce77b4ec543697a0e9f144f36a23	338	icon	NO-RESOURCE-LOCAL-LICENSE-EVIDENCE
icons/inline_button_switch@2x.png	72b7fd4d33b8aefc65fd7f63ed24c8912673ecfc	569	icon	NO-RESOURCE-LOCAL-LICENSE-EVIDENCE
icons/inline_button_switch@3x.png	3a5c4f0432f0cea07398b306878724bbcc3ad002	768	icon	NO-RESOURCE-LOCAL-LICENSE-EVIDENCE
icons/inline_button_url.png	7f30b90babfb6852c12c534b66fde2fc75125937	276	icon	NO-RESOURCE-LOCAL-LICENSE-EVIDENCE
icons/inline_button_url@2x.png	1d5a999db7e9ae839f73b01b739f4e1961e4eb07	388	icon	NO-RESOURCE-LOCAL-LICENSE-EVIDENCE
icons/inline_button_url@3x.png	e299f916894dbbbee64c9d7200c9670d5287126f	475	icon	NO-RESOURCE-LOCAL-LICENSE-EVIDENCE
icons/inline_button_web.png	bfecfa02f46f083795d73ebe4b71493f484d199b	239	icon	NO-RESOURCE-LOCAL-LICENSE-EVIDENCE
icons/inline_button_web@2x.png	9d33b92355e95d41642d4d85b4556eccb149d70b	298	icon	NO-RESOURCE-LOCAL-LICENSE-EVIDENCE
icons/inline_button_web@3x.png	c820324d23d996fbad9a1f2b5dbc4ef31af1c744	393	icon	NO-RESOURCE-LOCAL-LICENSE-EVIDENCE
icons/install_update.png	56d040a4064685b2f2830f2cea2d2af42ec1d8f0	184	icon	NO-RESOURCE-LOCAL-LICENSE-EVIDENCE
icons/install_update@2x.png	f00f276fa3a1efd4553e5242f8cb668c2767ceea	285	icon	NO-RESOURCE-LOCAL-LICENSE-EVIDENCE
icons/install_update@3x.png	8a0c29a916868fd35230be530bf345aeb1e7fb03	414	icon	NO-RESOURCE-LOCAL-LICENSE-EVIDENCE
icons/intro_country_dropdown.png	afe169a5880859c00502bcaef51fae25457e260f	286	icon	NO-RESOURCE-LOCAL-LICENSE-EVIDENCE
icons/intro_country_dropdown@2x.png	82c8dcd35541584a8e94fc21886ef400432d93d7	425	icon	NO-RESOURCE-LOCAL-LICENSE-EVIDENCE
icons/intro_country_dropdown@3x.png	03a2a804831a4a0db63a755b2847fa9bf3cce711	540	icon	NO-RESOURCE-LOCAL-LICENSE-EVIDENCE
icons/intro_left.png	cb802903fd11bc000c8d2bc0370e6afa707cb31b	8930	icon	NO-RESOURCE-LOCAL-LICENSE-EVIDENCE
icons/intro_left@2x.png	6e7ffbcdf822926055eeaf70dff027d5b664ce4b	18723	icon	NO-RESOURCE-LOCAL-LICENSE-EVIDENCE
icons/intro_left@3x.png	fe6ead76712f7995d574c8084e6e2a6314f4def2	27912	icon	NO-RESOURCE-LOCAL-LICENSE-EVIDENCE
icons/intro_plane_inner.png	cbebb1110cd360fac83c556a6c2ebea06e6e9901	1905	icon	NO-RESOURCE-LOCAL-LICENSE-EVIDENCE
icons/intro_plane_inner@2x.png	11300ea1f9cf22cf1633c499a68ab8844d6daf0a	4463	icon	NO-RESOURCE-LOCAL-LICENSE-EVIDENCE
icons/intro_plane_inner@3x.png	3067c138f46776d0a62b3fd3a15c3828f8c54ea0	6979	icon	NO-RESOURCE-LOCAL-LICENSE-EVIDENCE
icons/intro_plane_outer.png	6cd6308b697f273d0833410eda5609c20c096655	1020	icon	NO-RESOURCE-LOCAL-LICENSE-EVIDENCE
icons/intro_plane_outer@2x.png	3d7b9f56ea6d1dbe4047db0229b0270fe39ddc0b	2303	icon	NO-RESOURCE-LOCAL-LICENSE-EVIDENCE
icons/intro_plane_outer@3x.png	58a3dacc73835c22d3d879d3727530c05846466d	3786	icon	NO-RESOURCE-LOCAL-LICENSE-EVIDENCE
icons/intro_plane_top.png	aa2e2bb75366b5675ccd02b070dba6b63e880dfa	2963	icon	NO-RESOURCE-LOCAL-LICENSE-EVIDENCE
icons/intro_plane_top@2x.png	f2e80eb2384591dda195ccc602128f8bbc6173e6	6642	icon	NO-RESOURCE-LOCAL-LICENSE-EVIDENCE
icons/intro_plane_top@3x.png	c7d8f099dea393c63cd3312bb62be6d3fb4751e1	10751	icon	NO-RESOURCE-LOCAL-LICENSE-EVIDENCE
icons/intro_plane_trace.png	172485c2f2073d2c195d96429a55f57f3a365700	2642	icon	NO-RESOURCE-LOCAL-LICENSE-EVIDENCE
icons/intro_plane_trace@2x.png	9d16a3197b428774cd3e441b254e36b23beaa345	6081	icon	NO-RESOURCE-LOCAL-LICENSE-EVIDENCE
icons/intro_plane_trace@3x.png	9eb0636766556b7257a963c96cc83655846cc95b	11591	icon	NO-RESOURCE-LOCAL-LICENSE-EVIDENCE
icons/intro_qr_plane.png	cdc309f9d8c90c02b84e6824b3026a2958d65aca	635	icon	NO-RESOURCE-LOCAL-LICENSE-EVIDENCE
icons/intro_qr_plane@2x.png	3d0c2e9afb737e266037a3b962541e9a53a912c6	1264	icon	NO-RESOURCE-LOCAL-LICENSE-EVIDENCE
icons/intro_qr_plane@3x.png	ae5c5442e1db6aae8c5ae79a4d1b3e8d9be8c443	1921	icon	NO-RESOURCE-LOCAL-LICENSE-EVIDENCE
icons/intro_right.png	9fa98ae44b262573c139be4cd770bc9ee5045b6b	8985	icon	NO-RESOURCE-LOCAL-LICENSE-EVIDENCE
icons/intro_right@2x.png	3a40127ae3afdabc21bf3cf70a176ab803a4f1ab	17307	icon	NO-RESOURCE-LOCAL-LICENSE-EVIDENCE
icons/intro_right@3x.png	081ea5316d2b7f8fd46d147f466f5243a19a45a6	27493	icon	NO-RESOURCE-LOCAL-LICENSE-EVIDENCE
icons/levels/level10_inner.svg	8ce8b2c9b2000d4d7b1b11cb7988422091de0709	714	icon	NO-RESOURCE-LOCAL-LICENSE-EVIDENCE
icons/levels/level1_inner.svg	37959bcb5d8e0706fc3ac1a3dc018f1670183f7d	767	icon	NO-RESOURCE-LOCAL-LICENSE-EVIDENCE
icons/levels/level20_inner.svg	055e99e5c3d6144b995c4e9195a9a4f1b964b19a	857	icon	NO-RESOURCE-LOCAL-LICENSE-EVIDENCE
icons/levels/level2_inner.svg	2cd67761cc6bc7a3bf68bb2516166a059747f903	569	icon	NO-RESOURCE-LOCAL-LICENSE-EVIDENCE
icons/levels/level30_inner.svg	b74a2e6efbaf161085e854edcfeea053c1965f69	1009	icon	NO-RESOURCE-LOCAL-LICENSE-EVIDENCE
icons/levels/level3_inner.svg	3bc0ef35050d3c260efcfa47a6d7e85e8f0d9656	1176	icon	NO-RESOURCE-LOCAL-LICENSE-EVIDENCE
icons/levels/level40_inner.svg	f7fef2c16780817d150bfbb78b93812d55ac75a9	1140	icon	NO-RESOURCE-LOCAL-LICENSE-EVIDENCE
icons/levels/level4_inner.svg	b23971ce553bd9ce9bddfb97d20cebbb248d523d	775	icon	NO-RESOURCE-LOCAL-LICENSE-EVIDENCE
icons/levels/level50_inner.svg	23aa9e3107cb309b441c267b15c68c144b9d49c7	1262	icon	NO-RESOURCE-LOCAL-LICENSE-EVIDENCE
icons/levels/level5_inner.svg	e28cd650ab17508d2e07bfafc31d56b93cbe9062	1033	icon	NO-RESOURCE-LOCAL-LICENSE-EVIDENCE
icons/levels/level60_inner.svg	b006ec32809a0c8df24c26742b7bfe68838c4f5c	1462	icon	NO-RESOURCE-LOCAL-LICENSE-EVIDENCE
icons/levels/level6_inner.svg	1b8a68d0dab68a9261509d2141bc1d57e1f68884	902	icon	NO-RESOURCE-LOCAL-LICENSE-EVIDENCE
icons/levels/level70_inner.svg	d6bc1b8b4ad31fd72eba5485cfdad9e8628468bd	1664	icon	NO-RESOURCE-LOCAL-LICENSE-EVIDENCE
icons/levels/level7_inner.svg	d0a0c79299108a1929593d7aa338f9cc5f05db56	1033	icon	NO-RESOURCE-LOCAL-LICENSE-EVIDENCE
icons/levels/level80_inner.svg	a469b74988cee909ebb3d94d0454dfd990b34b47	1830	icon	NO-RESOURCE-LOCAL-LICENSE-EVIDENCE
icons/levels/level8_inner.svg	f4a0d3b7d11b0e5e416fe559c8bfb9a8ec013a0e	985	icon	NO-RESOURCE-LOCAL-LICENSE-EVIDENCE
icons/levels/level90_inner.svg	d25a731d93dd112e107878b5d40741047e5e5800	960	icon	NO-RESOURCE-LOCAL-LICENSE-EVIDENCE
icons/levels/level9_inner.svg	27fe8c25a2b1155a6fa237c4fbe48bb5033aaa6f	410	icon	NO-RESOURCE-LOCAL-LICENSE-EVIDENCE
icons/levels/level_warning.svg	cba1db00765c862fe1fa367a5983141e6f7bd8a9	1316	icon	NO-RESOURCE-LOCAL-LICENSE-EVIDENCE
icons/limits/accounts.png	84205fe9bacb56b307a4348c01235ae074b34b81	663	icon	NO-RESOURCE-LOCAL-LICENSE-EVIDENCE
icons/limits/accounts@2x.png	7b5dc52061e2c108b09c59573cbabee67fa234e5	1219	icon	NO-RESOURCE-LOCAL-LICENSE-EVIDENCE
icons/limits/accounts@3x.png	43210dd1c32e9b0e6f1d80c76f44c5a7158628c4	1895	icon	NO-RESOURCE-LOCAL-LICENSE-EVIDENCE
icons/limits/boost.png	b2c8bc7a06f0f935c798c4746480c6efbabbff68	464	icon	NO-RESOURCE-LOCAL-LICENSE-EVIDENCE
icons/limits/boost@2x.png	a4c54adcd31aad57e80285dd71f373cda51ab0d5	796	icon	NO-RESOURCE-LOCAL-LICENSE-EVIDENCE
icons/limits/boost@3x.png	194195fdb67fa94c752d909e65dfc4851aac8837	1146	icon	NO-RESOURCE-LOCAL-LICENSE-EVIDENCE
icons/limits/chats.png	2c3815a8ed4419211ab0971a7a7cd79b424ad935	476	icon	NO-RESOURCE-LOCAL-LICENSE-EVIDENCE
icons/limits/chats@2x.png	414acb193834eb19baaea50d7ae35b01f7754eb7	882	icon	NO-RESOURCE-LOCAL-LICENSE-EVIDENCE
icons/limits/chats@3x.png	c814dd1994b293e32afed4905d8b94800224081f	1186	icon	NO-RESOURCE-LOCAL-LICENSE-EVIDENCE
icons/limits/files.png	48ed2f5d9353600dfe59c4f80be8a224d69d4dc3	394	icon	NO-RESOURCE-LOCAL-LICENSE-EVIDENCE
icons/limits/files@2x.png	368d56ca98bd0c5f98dd8e0738be114038fa5669	635	icon	NO-RESOURCE-LOCAL-LICENSE-EVIDENCE
icons/limits/files@3x.png	8b204778c90b48f756f4b61b457c6efde18f8537	986	icon	NO-RESOURCE-LOCAL-LICENSE-EVIDENCE
icons/limits/filled_rating_crown.svg	e7cc2e124f588fc364bd4ec769b9d2d9586c6209	2957	icon	NO-RESOURCE-LOCAL-LICENSE-EVIDENCE
icons/limits/filled_understood.svg	337b43cc71812b5848cd1202bef597a60baf0126	2635	icon	NO-RESOURCE-LOCAL-LICENSE-EVIDENCE
icons/limits/folders.png	6c94dab3184e424e48e29f8c83dfce6fa939fe21	311	icon	NO-RESOURCE-LOCAL-LICENSE-EVIDENCE
icons/limits/folders@2x.png	6372f5a9a750e59ddb3ae587aaaaedda560a84f6	479	icon	NO-RESOURCE-LOCAL-LICENSE-EVIDENCE
icons/limits/folders@3x.png	0c515302e021f949d4c696fbb794335bbf20bc68	607	icon	NO-RESOURCE-LOCAL-LICENSE-EVIDENCE
icons/limits/groups.png	06948fb75be2c893ba827ecbd34adc54ba0f0017	606	icon	NO-RESOURCE-LOCAL-LICENSE-EVIDENCE
icons/limits/groups@2x.png	b4176982e73147aa3e85e2fa6639752074851f6e	1095	icon	NO-RESOURCE-LOCAL-LICENSE-EVIDENCE
icons/limits/groups@3x.png	ba35f53981d6abcd6ef17196a12a7a543be37a62	1608	icon	NO-RESOURCE-LOCAL-LICENSE-EVIDENCE
icons/limits/links.png	96d5761299b82bb23063d33dfd395e7b566114c7	552	icon	NO-RESOURCE-LOCAL-LICENSE-EVIDENCE
icons/limits/links@2x.png	90ac07fddcf0d583ba9e538da1482e7fefb652cb	1111	icon	NO-RESOURCE-LOCAL-LICENSE-EVIDENCE
icons/limits/links@3x.png	926a5ad409217cd116699cdc2c2c7e0baf7177ea	1679	icon	NO-RESOURCE-LOCAL-LICENSE-EVIDENCE
icons/limits/mini_gift_lock.svg	2887a84d4c2a07caa9a93e031e45feb1e35d68e3	1947	icon	NO-RESOURCE-LOCAL-LICENSE-EVIDENCE
icons/limits/pins.png	572cffebfbcb813ebc1d3d2402fc24ab61b1cfe9	525	icon	NO-RESOURCE-LOCAL-LICENSE-EVIDENCE
icons/limits/pins@2x.png	a1f4bbd4024320415afa991ce0908b9750bb1649	931	icon	NO-RESOURCE-LOCAL-LICENSE-EVIDENCE
icons/limits/pins@3x.png	a7bfe571a883e3a7a70c030320c003d14dfce149	1346	icon	NO-RESOURCE-LOCAL-LICENSE-EVIDENCE
icons/local_storage/documents.svg	a9e90e536d6d175a5186296b42b0f1c51b5c3633	555	icon	NO-RESOURCE-LOCAL-LICENSE-EVIDENCE
icons/local_storage/music.svg	2909f5a288b3103ae9888f489d3e906b430c3492	712	icon	NO-RESOURCE-LOCAL-LICENSE-EVIDENCE
icons/local_storage/photos.svg	a23f8afb3bf25c3681a20de5232d7e465e94e512	643	icon	NO-RESOURCE-LOCAL-LICENSE-EVIDENCE
icons/local_storage/stickers.svg	a72cfb16f94c30edc3750db6465a172ce314b016	1559	icon	NO-RESOURCE-LOCAL-LICENSE-EVIDENCE
icons/local_storage/videos.svg	3ef2b7d2220c3def920b3a554edccb88a2fe6267	886	icon	NO-RESOURCE-LOCAL-LICENSE-EVIDENCE
icons/mac_tray_icon.png	5a812fb6406a51c49548d04d0befbd8698380c3f	452	icon	NO-RESOURCE-LOCAL-LICENSE-EVIDENCE
icons/mac_tray_icon@2x.png	968fcc6eb76c7cd5d6986b216f998cbc190482c3	884	icon	NO-RESOURCE-LOCAL-LICENSE-EVIDENCE
icons/mac_tray_icon@3x.png	49d95a3d0d10323b7db2ef6748ff7b1f546ff183	1299	icon	NO-RESOURCE-LOCAL-LICENSE-EVIDENCE
icons/mac_window_shadow_top_left.png	b4688aad691362d06cd2bb932e6b1cdf05b49750	3430	icon	NO-RESOURCE-LOCAL-LICENSE-EVIDENCE
icons/mac_window_shadow_top_left@2x.png	69627c1eef28add7899c6bf63b1f0f7520b158ef	7448	icon	NO-RESOURCE-LOCAL-LICENSE-EVIDENCE
icons/mac_window_shadow_top_left@3x.png	4c6671312c66ae5b3a8cff3eacb9ae66d65d38f6	10845	icon	NO-RESOURCE-LOCAL-LICENSE-EVIDENCE
icons/map_point.png	56f91ccf2898d731a2d4efcf36e1c6ee038661b8	832	icon	NO-RESOURCE-LOCAL-LICENSE-EVIDENCE
icons/map_point@2x.png	6650daf74bf615632d0948587b759bd129f2879a	1632	icon	NO-RESOURCE-LOCAL-LICENSE-EVIDENCE
icons/map_point@3x.png	469f927031ea67813c230318e7a333391297ef01	2669	icon	NO-RESOURCE-LOCAL-LICENSE-EVIDENCE
icons/map_point_inner.png	ba7018729895de6d5479f22fef83434dfdf7e674	264	icon	NO-RESOURCE-LOCAL-LICENSE-EVIDENCE
icons/map_point_inner@2x.png	13ffe926564cc898485d23544ff87316149e330e	618	icon	NO-RESOURCE-LOCAL-LICENSE-EVIDENCE
icons/map_point_inner@3x.png	4f9f19c6df0260f62efb2df21222120eb06ef8a4	928	icon	NO-RESOURCE-LOCAL-LICENSE-EVIDENCE
icons/media_fullscreen_from.png	7b3ae509d1722d1bca92ceaed9d96a5955e31105	223	icon	NO-RESOURCE-LOCAL-LICENSE-EVIDENCE
icons/media_fullscreen_from@2x.png	10b1ce125be31b2780723ea52a6e455095b22733	399	icon	NO-RESOURCE-LOCAL-LICENSE-EVIDENCE
icons/media_fullscreen_from@3x.png	820f35f1a7845b4cee1483dbfef7642750a645e0	927	icon	NO-RESOURCE-LOCAL-LICENSE-EVIDENCE
icons/media_fullscreen_to.png	9ce7f75afb17a7eecf5f5bb7dd587052132ae8dd	225	icon	NO-RESOURCE-LOCAL-LICENSE-EVIDENCE
icons/media_fullscreen_to@2x.png	72363033384b23aa77cca8996491a0753e779a02	396	icon	NO-RESOURCE-LOCAL-LICENSE-EVIDENCE
icons/media_fullscreen_to@3x.png	1db867de5cd5f2076f4e029214ace889c9cf9276	888	icon	NO-RESOURCE-LOCAL-LICENSE-EVIDENCE
icons/media_pause.png	f4291828dcb0b59ca919aa14399dde201d47b5ba	14780	icon	NO-RESOURCE-LOCAL-LICENSE-EVIDENCE
icons/media_pause@2x.png	24a8b16f04367301ebbad5b35fa49504002b3039	14834	icon	NO-RESOURCE-LOCAL-LICENSE-EVIDENCE
icons/media_pause@3x.png	84753ee107087b6eb269552f41e6e934a84cee9b	248	icon	NO-RESOURCE-LOCAL-LICENSE-EVIDENCE
icons/media_play.png	4b845b51936ddfef10138f4119bf0537f637806a	337	icon	NO-RESOURCE-LOCAL-LICENSE-EVIDENCE
icons/media_play@2x.png	74911abe630998c024db916522521762e6aee8c9	381	icon	NO-RESOURCE-LOCAL-LICENSE-EVIDENCE
icons/media_play@3x.png	8704cb2eaab03a7287c2859dfa7d79dbe2938e42	746	icon	NO-RESOURCE-LOCAL-LICENSE-EVIDENCE
icons/media_video_play.png	1d85bb194fe11b463080690bb1f0e806a1e08851	419	icon	NO-RESOURCE-LOCAL-LICENSE-EVIDENCE
icons/media_video_play@2x.png	2fffaea0a9a35071f7d6ef5fb3040e38576a41a5	720	icon	NO-RESOURCE-LOCAL-LICENSE-EVIDENCE
icons/media_video_play@3x.png	06959f696de871623e4c7057e3d4a6ad50ab8169	1139	icon	NO-RESOURCE-LOCAL-LICENSE-EVIDENCE
icons/media_video_play_bg.png	151473b9b6c46960c3d58b1839484741a0b8d13e	899	icon	NO-RESOURCE-LOCAL-LICENSE-EVIDENCE
icons/media_video_play_bg@2x.png	14d50e738e84c291981eeae05e575d6a306f5c8f	2591	icon	NO-RESOURCE-LOCAL-LICENSE-EVIDENCE
icons/media_video_play_bg@3x.png	33e555b1306c681446d64ab09174cb058c276be0	4468	icon	NO-RESOURCE-LOCAL-LICENSE-EVIDENCE
icons/media_youtube_play.png	9cf8ff40eb25f05d1dc92847c49674138511a31d	286	icon	NO-RESOURCE-LOCAL-LICENSE-EVIDENCE
icons/media_youtube_play@2x.png	9aa7f511753e2cbcd5f9eb3a8cc575c613f641ee	530	icon	NO-RESOURCE-LOCAL-LICENSE-EVIDENCE
icons/media_youtube_play@3x.png	0a199297b103c1db24685238455eeb075ab695ea	785	icon	NO-RESOURCE-LOCAL-LICENSE-EVIDENCE
icons/media_youtube_play_bg.png	76e71cfe0832a799ea00c9cd6434a49cc6218326	812	icon	NO-RESOURCE-LOCAL-LICENSE-EVIDENCE
icons/media_youtube_play_bg@2x.png	5a5698c6e6c47a09095409c006619f6a9a5e0ab8	1731	icon	NO-RESOURCE-LOCAL-LICENSE-EVIDENCE
icons/media_youtube_play_bg@3x.png	dc531db5b6f78cfcd70fb1416f4050f7aeca4e88	2258	icon	NO-RESOURCE-LOCAL-LICENSE-EVIDENCE
icons/mediaview/download.png	1c15631e571798c59492b2fef8477e31067e85a2	366	icon	NO-RESOURCE-LOCAL-LICENSE-EVIDENCE
icons/mediaview/download@2x.png	36edd45eba93c53c5f76d534a269ec716c5014a1	617	icon	NO-RESOURCE-LOCAL-LICENSE-EVIDENCE
icons/mediaview/download@3x.png	ff3e812ec6c763524bd51c049410f87dad3e3fad	957	icon	NO-RESOURCE-LOCAL-LICENSE-EVIDENCE
icons/mediaview/download_locked.png	206d5893d729884b441805a2d3a6475091642d51	508	icon	NO-RESOURCE-LOCAL-LICENSE-EVIDENCE
icons/mediaview/download_locked@2x.png	46bac90860ae390508fd44db5db7675920183b35	915	icon	NO-RESOURCE-LOCAL-LICENSE-EVIDENCE
icons/mediaview/download_locked@3x.png	57752e830b034464a028bd975d7eb3abccd427c3	1313	icon	NO-RESOURCE-LOCAL-LICENSE-EVIDENCE
icons/mediaview/draw.png	96a1d8086eac53fcff326131a2996a8fbcde2a9f	1389	icon	NO-RESOURCE-LOCAL-LICENSE-EVIDENCE
icons/mediaview/draw@2x.png	40da849c7e0ab1418b9d22920b667039e21db3f9	2303	icon	NO-RESOURCE-LOCAL-LICENSE-EVIDENCE
icons/mediaview/draw@3x.png	22ee4fb7bbb9283e136b993caa83831b108ad105	3172	icon	NO-RESOURCE-LOCAL-LICENSE-EVIDENCE
icons/mediaview/file_corner.png	13ed15c4de3980943043e42c4b31b4b8b3024cf7	188	icon	NO-RESOURCE-LOCAL-LICENSE-EVIDENCE
icons/mediaview/file_corner@2x.png	c25817680773c82eec1b463fa1e032f724be76ea	303	icon	NO-RESOURCE-LOCAL-LICENSE-EVIDENCE
icons/mediaview/file_corner@3x.png	17fe2ac0520d1d0c7e7bdedd210eaf865b982662	441	icon	NO-RESOURCE-LOCAL-LICENSE-EVIDENCE
icons/mediaview/mini_close_friends.png	5c3072447e6761a60964c3a7f5a9613034b93cf9	325	icon	NO-RESOURCE-LOCAL-LICENSE-EVIDENCE
icons/mediaview/mini_close_friends@2x.png	82dd44af9567a6ae42ec3f9e0abe9d63dfaecb3f	557	icon	NO-RESOURCE-LOCAL-LICENSE-EVIDENCE
icons/mediaview/mini_close_friends@3x.png	1f024ce73a918ea36c5efa2249200872f12e4ea8	726	icon	NO-RESOURCE-LOCAL-LICENSE-EVIDENCE
icons/mediaview/mini_contacts.png	bc716cab41b4aa5c0aea7361c2e85903c9436a81	412	icon	NO-RESOURCE-LOCAL-LICENSE-EVIDENCE
icons/mediaview/mini_contacts@2x.png	a7df593e8338ed0506ba718ff604c247c800e44b	720	icon	NO-RESOURCE-LOCAL-LICENSE-EVIDENCE
icons/mediaview/mini_contacts@3x.png	50c9ff55fe6c057a87e5c825bbf2bbafdc315255	1106	icon	NO-RESOURCE-LOCAL-LICENSE-EVIDENCE
icons/mediaview/mini_repost.png	95e0e71ebc37d35b2c80df94df5777543456e594	481	icon	NO-RESOURCE-LOCAL-LICENSE-EVIDENCE
icons/mediaview/mini_repost@2x.png	47e5fd6af252189fb7993af2df1ad969d81e5601	780	icon	NO-RESOURCE-LOCAL-LICENSE-EVIDENCE
icons/mediaview/mini_repost@3x.png	3b73fe2d3bb403184bed40822134e53f66991571	1185	icon	NO-RESOURCE-LOCAL-LICENSE-EVIDENCE
icons/mediaview/mini_selected_contacts.png	c3ca5b06d89501605715441500c5e47cbbe12dd3	395	icon	NO-RESOURCE-LOCAL-LICENSE-EVIDENCE
icons/mediaview/mini_selected_contacts@2x.png	d12f95496d4a6772f01ef6e1156e63c469728599	666	icon	NO-RESOURCE-LOCAL-LICENSE-EVIDENCE
icons/mediaview/mini_selected_contacts@3x.png	90860348b9d729a0a23d59f8e994773bad20966f	996	icon	NO-RESOURCE-LOCAL-LICENSE-EVIDENCE
icons/mediaview/more.png	c4712883b56df55aecf10c66786f4427be485a3b	146	icon	NO-RESOURCE-LOCAL-LICENSE-EVIDENCE
icons/mediaview/more@2x.png	bff691fee04f0093c6918ed949b6a804d647863e	207	icon	NO-RESOURCE-LOCAL-LICENSE-EVIDENCE
icons/mediaview/more@3x.png	5fd3b82628104069e9980de8193ac63d0aa1f498	315	icon	NO-RESOURCE-LOCAL-LICENSE-EVIDENCE
icons/mediaview/next.png	7854250703f33438840683c5e37b87459a7c2a2d	318	icon	NO-RESOURCE-LOCAL-LICENSE-EVIDENCE
icons/mediaview/next@2x.png	81c5463d874dd5275f0485f803272cc3d8c9b0c2	591	icon	NO-RESOURCE-LOCAL-LICENSE-EVIDENCE
icons/mediaview/next@3x.png	8bc7d530c2a99e14feb31b511cafef89af85886e	880	icon	NO-RESOURCE-LOCAL-LICENSE-EVIDENCE
icons/mediaview/next_shadow.png	0e432c95a89471cc73d49df6499641c9962319b4	435	icon	NO-RESOURCE-LOCAL-LICENSE-EVIDENCE
icons/mediaview/next_shadow@2x.png	bcf60caa75a58bed19b8fa20f7fb3030a5591a58	769	icon	NO-RESOURCE-LOCAL-LICENSE-EVIDENCE
icons/mediaview/next_shadow@3x.png	48eb423998fd3d9b79572c270db72dd78c113341	1103	icon	NO-RESOURCE-LOCAL-LICENSE-EVIDENCE
icons/mediaview/recognize.png	05941e32466ba4c29cb5a08cf39612eca6c8fc4d	428	icon	NO-RESOURCE-LOCAL-LICENSE-EVIDENCE
icons/mediaview/recognize@2x.png	bc86664b691b73b0651ae93c1d63b47223fea82b	677	icon	NO-RESOURCE-LOCAL-LICENSE-EVIDENCE
icons/mediaview/recognize@3x.png	0be9ab5e32c9d2282c35f1eed254a452032e4c61	1019	icon	NO-RESOURCE-LOCAL-LICENSE-EVIDENCE
icons/mediaview/rotate.png	14104385b746670bf54e2fa1200fe8314c36d15f	680	icon	NO-RESOURCE-LOCAL-LICENSE-EVIDENCE
icons/mediaview/rotate@2x.png	a846ec5bf1aaa41768834ea8cad020efa980cc3f	1252	icon	NO-RESOURCE-LOCAL-LICENSE-EVIDENCE
icons/mediaview/rotate@3x.png	bfa39cd9feb2c2906f7a8279112032439b0cae62	1869	icon	NO-RESOURCE-LOCAL-LICENSE-EVIDENCE
icons/mediaview/save_check.png	33be1af78102c3ad88a4e4164246cd3eaaa749e8	454	icon	NO-RESOURCE-LOCAL-LICENSE-EVIDENCE
icons/mediaview/save_check@2x.png	d9d3bd85b711e17f3b232dc4d10a9b7402559f86	882	icon	NO-RESOURCE-LOCAL-LICENSE-EVIDENCE
icons/mediaview/save_check@3x.png	aae249a7a0a028be4423e938bda1dd41f1e5078a	1332	icon	NO-RESOURCE-LOCAL-LICENSE-EVIDENCE
icons/mediaview/shadow_bottom.png	bd3799f32bbc6c8c2dc00646a136b81279b09493	215	icon	NO-RESOURCE-LOCAL-LICENSE-EVIDENCE
icons/mediaview/shadow_bottom@2x.png	72a5883230f6a1ec273ee8cfe2c55e58fb47ca27	312	icon	NO-RESOURCE-LOCAL-LICENSE-EVIDENCE
icons/mediaview/shadow_bottom@3x.png	3870e77d244cf4dbc13aaa29d7232274498701d2	425	icon	NO-RESOURCE-LOCAL-LICENSE-EVIDENCE
icons/mediaview/shadow_top.png	bc809219f69861e59c6e696a16ee3bcc3c2f3c74	2152	icon	NO-RESOURCE-LOCAL-LICENSE-EVIDENCE
icons/mediaview/shadow_top@2x.png	2c329add7d24d084442d4c059084d904848ce7c9	6985	icon	NO-RESOURCE-LOCAL-LICENSE-EVIDENCE
icons/mediaview/shadow_top@3x.png	57d6e4fdb3ca9379f34793ea1eefeda0984e5ed8	14022	icon	NO-RESOURCE-LOCAL-LICENSE-EVIDENCE
icons/mediaview/title_button_close_mac.png	8df83a2d768f08acb4ae2b72ba4a1be5d6d8bf21	260	icon	NO-RESOURCE-LOCAL-LICENSE-EVIDENCE
icons/mediaview/title_button_close_mac@2x.png	e35cd25b908c65d2202ea51220e4b7d94447da3b	368	icon	NO-RESOURCE-LOCAL-LICENSE-EVIDENCE
icons/mediaview/title_button_close_mac@3x.png	ede3dd8075aade988606074c13734626a3047a74	490	icon	NO-RESOURCE-LOCAL-LICENSE-EVIDENCE
icons/mediaview/title_button_mac.png	258c403483913066d8b7067d87babff6a96db137	292	icon	NO-RESOURCE-LOCAL-LICENSE-EVIDENCE
icons/mediaview/title_button_mac@2x.png	411f40563d82d0edd407288e484759870983db77	485	icon	NO-RESOURCE-LOCAL-LICENSE-EVIDENCE
icons/mediaview/title_button_mac@3x.png	e9add22c2e432aa58f94a4cc35fb85374dd162d4	703	icon	NO-RESOURCE-LOCAL-LICENSE-EVIDENCE
icons/mediaview/title_button_maximize_mac.png	76b05acab737adcf904d483c6a1ab15093b555d6	244	icon	NO-RESOURCE-LOCAL-LICENSE-EVIDENCE
icons/mediaview/title_button_maximize_mac@2x.png	4a09bdeb6ebbf872587fff499808377ddda2a57a	324	icon	NO-RESOURCE-LOCAL-LICENSE-EVIDENCE
icons/mediaview/title_button_maximize_mac@3x.png	b832a810ea14d65a8710a771452e7359d5a294f4	448	icon	NO-RESOURCE-LOCAL-LICENSE-EVIDENCE
icons/mediaview/title_button_minimize_mac.png	494cbd965c520b358068f1a8eb5cfdd8f4feb5f7	204	icon	NO-RESOURCE-LOCAL-LICENSE-EVIDENCE
icons/mediaview/title_button_minimize_mac@2x.png	4aa1c2152d5ff965539030f02fd1af38ef4e4ed6	264	icon	NO-RESOURCE-LOCAL-LICENSE-EVIDENCE
icons/mediaview/title_button_minimize_mac@3x.png	1fa050c8ebb6a9c68364dc5d5b982ae70311407c	333	icon	NO-RESOURCE-LOCAL-LICENSE-EVIDENCE
icons/mediaview/title_button_shadow_mac.png	10b33a61a7557cc95483c99337ba1f7d151ab8f6	371	icon	NO-RESOURCE-LOCAL-LICENSE-EVIDENCE
icons/mediaview/title_button_shadow_mac@2x.png	5b62a0987c66fb2773614c41dfb713b90249ab5c	636	icon	NO-RESOURCE-LOCAL-LICENSE-EVIDENCE
icons/mediaview/title_button_shadow_mac@3x.png	a358b377e7ace8c43f90736a851aa343196ba3e4	915	icon	NO-RESOURCE-LOCAL-LICENSE-EVIDENCE
icons/mediaview/title_button_shrink_mac.png	b5d8829bc433038c4c05fafcb9bdbbf4bfd68fab	259	icon	NO-RESOURCE-LOCAL-LICENSE-EVIDENCE
icons/mediaview/title_button_shrink_mac@2x.png	249011ff383313d8d3f544a81af249b3b9c223cb	319	icon	NO-RESOURCE-LOCAL-LICENSE-EVIDENCE
icons/mediaview/title_button_shrink_mac@3x.png	fda973db0ee240f265bff285a0ab7b50806f45f5	434	icon	NO-RESOURCE-LOCAL-LICENSE-EVIDENCE
icons/mediaview/title_viewer_button_close.png	6cacc40cf2f52eeed1e77ca6c9479182f77a4eed	280	icon	NO-RESOURCE-LOCAL-LICENSE-EVIDENCE
icons/mediaview/title_viewer_button_close@2x.png	04a35b7db1177299141877e468c8bc84d5498efe	451	icon	NO-RESOURCE-LOCAL-LICENSE-EVIDENCE
icons/mediaview/title_viewer_button_close@3x.png	74b637e15bbede7ca164bd84e33c7a9aa99f1f7e	653	icon	NO-RESOURCE-LOCAL-LICENSE-EVIDENCE
icons/mediaview/title_viewer_button_maximize.png	0023e0551839e280bb35f46408511698d234f8cf	338	icon	NO-RESOURCE-LOCAL-LICENSE-EVIDENCE
icons/mediaview/title_viewer_button_maximize@2x.png	8b8b2f1ad2b6d2de762a0e6f9f6179416dca69a1	485	icon	NO-RESOURCE-LOCAL-LICENSE-EVIDENCE
icons/mediaview/title_viewer_button_maximize@3x.png	a36a73d54748388ba5faf25f9ab1d71c39e71cfe	695	icon	NO-RESOURCE-LOCAL-LICENSE-EVIDENCE
icons/mediaview/title_viewer_button_minimize.png	b1577578a7704d5c3036759d7b54bcbc8fd9941a	236	icon	NO-RESOURCE-LOCAL-LICENSE-EVIDENCE
icons/mediaview/title_viewer_button_minimize@2x.png	fc183b36092a58e48382a88d4554bf0d0bddc383	296	icon	NO-RESOURCE-LOCAL-LICENSE-EVIDENCE
icons/mediaview/title_viewer_button_minimize@3x.png	e7336cef3a8cd9b9a06fb3b8c24df05fae65f91b	414	icon	NO-RESOURCE-LOCAL-LICENSE-EVIDENCE
icons/mediaview/title_viewer_button_restore.png	a171db17b6b07067bd6089ee8c2bc79829f25f77	423	icon	NO-RESOURCE-LOCAL-LICENSE-EVIDENCE
icons/mediaview/title_viewer_button_restore@2x.png	a62d1a7e11ed1d5a5632cd5e206f155bc98f0aef	639	icon	NO-RESOURCE-LOCAL-LICENSE-EVIDENCE
icons/mediaview/title_viewer_button_restore@3x.png	1651e5d620e1348ed891577815cb39266c8798ce	921	icon	NO-RESOURCE-LOCAL-LICENSE-EVIDENCE
icons/mediaview/title_viewer_shadow_close.png	9f319e196a3d3c68d5b2520dba4958409ced214e	419	icon	NO-RESOURCE-LOCAL-LICENSE-EVIDENCE
icons/mediaview/title_viewer_shadow_close@2x.png	088b66f1c07307a06500c8090c108c902aaf284f	660	icon	NO-RESOURCE-LOCAL-LICENSE-EVIDENCE
icons/mediaview/title_viewer_shadow_close@3x.png	2ee92d25bc0ddb25255f8d5c548ced7ac25a602a	934	icon	NO-RESOURCE-LOCAL-LICENSE-EVIDENCE
icons/mediaview/title_viewer_shadow_maximize.png	69cd79d4eec96c653ea1eb9197c7d4c5e7040668	358	icon	NO-RESOURCE-LOCAL-LICENSE-EVIDENCE
icons/mediaview/title_viewer_shadow_maximize@2x.png	cc39d499f3a746403898ead1ae353dc9451055a9	572	icon	NO-RESOURCE-LOCAL-LICENSE-EVIDENCE
icons/mediaview/title_viewer_shadow_maximize@3x.png	11d3a9f356a1421adff22a2254fb663fea5bba41	808	icon	NO-RESOURCE-LOCAL-LICENSE-EVIDENCE
icons/mediaview/title_viewer_shadow_minimize.png	89a0f911edb4f58eaef7faa4f7dc052fc5d48e03	259	icon	NO-RESOURCE-LOCAL-LICENSE-EVIDENCE
icons/mediaview/title_viewer_shadow_minimize@2x.png	368a4b1d2ba4f31b5fc17fd2ef64195146cbc6ea	361	icon	NO-RESOURCE-LOCAL-LICENSE-EVIDENCE
icons/mediaview/title_viewer_shadow_minimize@3x.png	df9993eefb9e9a1a1dbf58994cec86e1cc7b12d3	481	icon	NO-RESOURCE-LOCAL-LICENSE-EVIDENCE
icons/mediaview/title_viewer_shadow_restore.png	ec21a77d674f3a6b4cb5f7e6e4e8e85a231c7d8a	450	icon	NO-RESOURCE-LOCAL-LICENSE-EVIDENCE
icons/mediaview/title_viewer_shadow_restore@2x.png	c516259aa4a0c10b79663f2b404ad8b8b5757a3c	699	icon	NO-RESOURCE-LOCAL-LICENSE-EVIDENCE
icons/mediaview/title_viewer_shadow_restore@3x.png	4952b8c870fe214b924fdaf7b0884bc9f537c3b9	969	icon	NO-RESOURCE-LOCAL-LICENSE-EVIDENCE
icons/mediaview/viewer_share.png	14861b1ee6630af80b47dfe759dbfc03204b209c	671	icon	NO-RESOURCE-LOCAL-LICENSE-EVIDENCE
icons/mediaview/viewer_share@2x.png	7c6e9341e6004f3e02f502ecabb4a42e54029c4e	1278	icon	NO-RESOURCE-LOCAL-LICENSE-EVIDENCE
icons/mediaview/viewer_share@3x.png	43310c8956492e9536765475086057a19275159a	1959	icon	NO-RESOURCE-LOCAL-LICENSE-EVIDENCE
icons/mediaview/views.png	e8496be337b3b5063dc0dd7db685e3eb29914365	476	icon	NO-RESOURCE-LOCAL-LICENSE-EVIDENCE
icons/mediaview/views@2x.png	30b516900c227441cb9220875e350f99ca77d6b2	884	icon	NO-RESOURCE-LOCAL-LICENSE-EVIDENCE
icons/mediaview/views@3x.png	523f11cc8842d20bc759136f97ac67a48bf0cd81	1321	icon	NO-RESOURCE-LOCAL-LICENSE-EVIDENCE
icons/menu/2sv_off.png	78a288600010b86b2429be1f4ae8d33c916d0942	840	icon	NO-RESOURCE-LOCAL-LICENSE-EVIDENCE
icons/menu/2sv_off@2x.png	98cae67216e5362f1d5008bb0072f027def489de	1538	icon	NO-RESOURCE-LOCAL-LICENSE-EVIDENCE
icons/menu/2sv_off@3x.png	cf1b017baea7761849e943c2936ecfc30e26927d	2213	icon	NO-RESOURCE-LOCAL-LICENSE-EVIDENCE
icons/menu/2sv_on.png	f7089daa1feeb4bdb304f0cfe48d12d1f3443c6b	876	icon	NO-RESOURCE-LOCAL-LICENSE-EVIDENCE
icons/menu/2sv_on@2x.png	021ec634e684a4a6c3d58154053f196b013c57ea	1638	icon	NO-RESOURCE-LOCAL-LICENSE-EVIDENCE
icons/menu/2sv_on@3x.png	5e74c1fcc39441874680af9fa20f06a85576c3b8	2359	icon	NO-RESOURCE-LOCAL-LICENSE-EVIDENCE
icons/menu/add.png	d4c77a202c4fe31fcf48f38f030c8f0df0d2be25	470	icon	NO-RESOURCE-LOCAL-LICENSE-EVIDENCE
icons/menu/add@2x.png	f188f440d5c88257b522c9abcd0c829c02f5d77b	899	icon	NO-RESOURCE-LOCAL-LICENSE-EVIDENCE
icons/menu/add@3x.png	48de8115e323951613e07414864f0ccc3f964d3f	1345	icon	NO-RESOURCE-LOCAL-LICENSE-EVIDENCE
icons/menu/add_account.png	9dfe9df6a6165e4538057390d166d2709a624539	753	icon	NO-RESOURCE-LOCAL-LICENSE-EVIDENCE
icons/menu/add_account@2x.png	820c83d6a2e15317827373063d77d89e27f0f01c	1437	icon	NO-RESOURCE-LOCAL-LICENSE-EVIDENCE
icons/menu/add_account@3x.png	31edceebe0f8c0338c093fb824bb59b86013b842	2202	icon	NO-RESOURCE-LOCAL-LICENSE-EVIDENCE
icons/menu/add_to_folder.png	bf27766b51cd13f511ee3eb9eb1d69ad33fc476f	608	icon	NO-RESOURCE-LOCAL-LICENSE-EVIDENCE
icons/menu/add_to_folder@2x.png	57e8540b3da410fb86341441270db9c7d9f6a06b	1003	icon	NO-RESOURCE-LOCAL-LICENSE-EVIDENCE
icons/menu/add_to_folder@3x.png	169156cacf01cf912339922643b19ce314c75d97	1413	icon	NO-RESOURCE-LOCAL-LICENSE-EVIDENCE
icons/menu/admin.png	9afd2a2f6d02c04aab1eb82d8f979a672686933e	820	icon	NO-RESOURCE-LOCAL-LICENSE-EVIDENCE
icons/menu/admin@2x.png	4ab83131bb37d43fe6ca04cca519e97e243eb3ca	1625	icon	NO-RESOURCE-LOCAL-LICENSE-EVIDENCE
icons/menu/admin@3x.png	20dd81cc45bc08da7c19a6d8c5a3c5b78761c536	2464	icon	NO-RESOURCE-LOCAL-LICENSE-EVIDENCE
icons/menu/admin_promote.png	bae252d5bb5e6ab4dc5c2bd3542097fc21e5f098	786	icon	NO-RESOURCE-LOCAL-LICENSE-EVIDENCE
icons/menu/admin_promote@2x.png	14c75ec93cf49f759f7605c63ce519a910008cd8	1475	icon	NO-RESOURCE-LOCAL-LICENSE-EVIDENCE
icons/menu/admin_promote@3x.png	444f6383058177aa0ffaab211a0464ffc59a9ef0	2205	icon	NO-RESOURCE-LOCAL-LICENSE-EVIDENCE
icons/menu/affiliate_simple.png	c09ce88fc2fab0ed0fa320665250543c678eb99e	655	icon	NO-RESOURCE-LOCAL-LICENSE-EVIDENCE
icons/menu/affiliate_simple@2x.png	3e41ea4277cfefaf79cdb7f18f8c558c28939c28	1189	icon	NO-RESOURCE-LOCAL-LICENSE-EVIDENCE
icons/menu/affiliate_simple@3x.png	d075a10bd780374d7b98e66bd803d63ed97e201e	1748	icon	NO-RESOURCE-LOCAL-LICENSE-EVIDENCE
icons/menu/affiliate_transparent.png	abcd00046ed9b587938cb9cb4cb37fd16727f345	820	icon	NO-RESOURCE-LOCAL-LICENSE-EVIDENCE
icons/menu/affiliate_transparent@2x.png	ffbc05cba68aee122da719f050a98a4afa7cfcbd	1631	icon	NO-RESOURCE-LOCAL-LICENSE-EVIDENCE
icons/menu/affiliate_transparent@3x.png	54185c44c8d5a3531cad8dc49b648ea27029eebd	2392	icon	NO-RESOURCE-LOCAL-LICENSE-EVIDENCE
icons/menu/ai_prompt.svg	e7b2ce1f76a49a0b94f8ef722af0150276ec3563	2095	icon	NO-RESOURCE-LOCAL-LICENSE-EVIDENCE
icons/menu/all_media.png	e19e8fb3626f5aa8e56f886361044ccb2c0356e9	536	icon	NO-RESOURCE-LOCAL-LICENSE-EVIDENCE
icons/menu/all_media@2x.png	53cb43f0b6ebfd5cd29ff45d8ada5d0c823edeff	806	icon	NO-RESOURCE-LOCAL-LICENSE-EVIDENCE
icons/menu/all_media@3x.png	6b95bd2d87f82a6b73e2ce3aa48b2086731497fc	1256	icon	NO-RESOURCE-LOCAL-LICENSE-EVIDENCE
icons/menu/antispam.png	201dd2fbb917fffdf5c57b0b309621a6923c241e	761	icon	NO-RESOURCE-LOCAL-LICENSE-EVIDENCE
icons/menu/antispam@2x.png	f465352f2da3adc5814f03ab218b2546f51da142	1427	icon	NO-RESOURCE-LOCAL-LICENSE-EVIDENCE
icons/menu/antispam@3x.png	43e7f8778c40fba0e72e5785bf6fe55358ebb123	2160	icon	NO-RESOURCE-LOCAL-LICENSE-EVIDENCE
icons/menu/archive.png	0f310903ee1b6ef276e5d8d1ea489efe71a3f7e9	548	icon	NO-RESOURCE-LOCAL-LICENSE-EVIDENCE
icons/menu/archive@2x.png	4e096974ac7601fa212aaf048408d41a4c9532ae	952	icon	NO-RESOURCE-LOCAL-LICENSE-EVIDENCE
icons/menu/archive@3x.png	acb06911401f356faad7d6bf17af76791642c043	1300	icon	NO-RESOURCE-LOCAL-LICENSE-EVIDENCE
icons/menu/archive_open.png	2e3090130c73ec24625663cd4d2ecfd3c8bb3dc7	473	icon	NO-RESOURCE-LOCAL-LICENSE-EVIDENCE
icons/menu/archive_open@2x.png	c95bd9f6628fd34aafbd0815ac240af8b843481b	654	icon	NO-RESOURCE-LOCAL-LICENSE-EVIDENCE
icons/menu/archive_open@3x.png	74687f9ec2864f74e9f4da3b3afd809b2279f2c5	952	icon	NO-RESOURCE-LOCAL-LICENSE-EVIDENCE
icons/menu/article_rich.svg	2d7ce183ef6aaa30eb139f8c74114e7ce60d8d5c	4372	icon	NO-RESOURCE-LOCAL-LICENSE-EVIDENCE
icons/menu/auction_carry.png	d63bbb745f38b01747895d3f7d83dca9fbb10931	853	icon	NO-RESOURCE-LOCAL-LICENSE-EVIDENCE
icons/menu/auction_carry@2x.png	dd5367f9434cf59876413fefb54e6d1a16c36895	1796	icon	NO-RESOURCE-LOCAL-LICENSE-EVIDENCE
icons/menu/auction_carry@3x.png	c8f18887378ee6b0acb3ab9b5e5d5e4b818dbdb6	2614	icon	NO-RESOURCE-LOCAL-LICENSE-EVIDENCE
icons/menu/auction_drop.png	d1b3af2c3366c12ec5e67bc96410916a8b251fdc	824	icon	NO-RESOURCE-LOCAL-LICENSE-EVIDENCE
icons/menu/auction_drop@2x.png	3ced06af81e8f2da6b39ab3eccfc1e8d6b96fa06	1630	icon	NO-RESOURCE-LOCAL-LICENSE-EVIDENCE
icons/menu/auction_drop@3x.png	c2f58a2377827f46b323de600179daee27cf9a48	2305	icon	NO-RESOURCE-LOCAL-LICENSE-EVIDENCE
icons/menu/auction_refund.png	aebc536a0ff77c6626022af2ccc24c774d23db12	989	icon	NO-RESOURCE-LOCAL-LICENSE-EVIDENCE
icons/menu/auction_refund@2x.png	5cc6db3dcbb159c0d4069eaace512937c0eeae88	1980	icon	NO-RESOURCE-LOCAL-LICENSE-EVIDENCE
icons/menu/auction_refund@3x.png	eb9f032df0a350e84ea830a169639466474fc0fc	2878	icon	NO-RESOURCE-LOCAL-LICENSE-EVIDENCE
icons/menu/auto_delete.png	c1fd7790c5939a904f57a4f48ba944d9baccbda5	661	icon	NO-RESOURCE-LOCAL-LICENSE-EVIDENCE
icons/menu/auto_delete@2x.png	72a6c2279691968f07462dd25cb2490e4a61e383	1273	icon	NO-RESOURCE-LOCAL-LICENSE-EVIDENCE
icons/menu/auto_delete@3x.png	73a58632ec2791473890d049eb329cbdb87fab1d	1931	icon	NO-RESOURCE-LOCAL-LICENSE-EVIDENCE
icons/menu/auto_delete_plain.png	a5da8a94a0b563c3f52bdc1fda65ab87a8ed102d	464	icon	NO-RESOURCE-LOCAL-LICENSE-EVIDENCE
icons/menu/auto_delete_plain@2x.png	f855a5bcd7b94dbdffe7d8b88e7a9eecb6e4cd25	987	icon	NO-RESOURCE-LOCAL-LICENSE-EVIDENCE
icons/menu/auto_delete_plain@3x.png	5d034aec6d8af8d43b45b749023b03fd4a8168f7	1549	icon	NO-RESOURCE-LOCAL-LICENSE-EVIDENCE
icons/menu/block.png	5cf611982138cfc40012de1898bfa4ddfaf2be88	711	icon	NO-RESOURCE-LOCAL-LICENSE-EVIDENCE
icons/menu/block@2x.png	cc84bda3cb7c333ea653b93a7687c29145f12c12	1339	icon	NO-RESOURCE-LOCAL-LICENSE-EVIDENCE
icons/menu/block@3x.png	5c5627253994b51802ccf6a6b8345b736dc91d10	1985	icon	NO-RESOURCE-LOCAL-LICENSE-EVIDENCE
icons/menu/boosts.png	64a5ae3b9a31515c270f9a882903fcb35241ca74	589	icon	NO-RESOURCE-LOCAL-LICENSE-EVIDENCE
icons/menu/boosts@2x.png	0478fa66047ac730819776863982601fee7e0a85	1126	icon	NO-RESOURCE-LOCAL-LICENSE-EVIDENCE
icons/menu/boosts@3x.png	33590248c93a6017310a355cddc9df9bcde5006b	1703	icon	NO-RESOURCE-LOCAL-LICENSE-EVIDENCE
icons/menu/bot.png	5a890cf8b945d03bceb8fb959583eac63874a1ae	586	icon	NO-RESOURCE-LOCAL-LICENSE-EVIDENCE
icons/menu/bot@2x.png	aaa8dc9afd69e28fab8a75493650db51ebfb7ee7	1065	icon	NO-RESOURCE-LOCAL-LICENSE-EVIDENCE
icons/menu/bot@3x.png	59a23832b3a8753865ddf281e285a66b54611da5	1551	icon	NO-RESOURCE-LOCAL-LICENSE-EVIDENCE
icons/menu/bot_add.png	aadbec32dcf2c5bcd6fcdf4b7975dee6799d8cd7	699	icon	NO-RESOURCE-LOCAL-LICENSE-EVIDENCE
icons/menu/bot_add@2x.png	0eea54a256c1f49adc474044c627b8b41fdd1c5f	1274	icon	NO-RESOURCE-LOCAL-LICENSE-EVIDENCE
icons/menu/bot_add@3x.png	e89bb32eb0ce2f38351cfd15967a88f3c7542f7a	1758	icon	NO-RESOURCE-LOCAL-LICENSE-EVIDENCE
icons/menu/bot_commands.png	198b475be98b943b87579a9457dd3a87f4a2cc4a	538	icon	NO-RESOURCE-LOCAL-LICENSE-EVIDENCE
icons/menu/bot_commands@2x.png	2ab6754f85ba47b1d4c1fde7f18a6ff076101cea	821	icon	NO-RESOURCE-LOCAL-LICENSE-EVIDENCE
icons/menu/bot_commands@3x.png	1d0974ca44457fb55886a26eece170046f430004	1153	icon	NO-RESOURCE-LOCAL-LICENSE-EVIDENCE
icons/menu/calendar.png	97b1ec55455cc05d5367a467b3a3b4ef3eec27b4	472	icon	NO-RESOURCE-LOCAL-LICENSE-EVIDENCE
icons/menu/calendar@2x.png	bda0f3fb509cf3d703962ed2c7f177aed903d051	737	icon	NO-RESOURCE-LOCAL-LICENSE-EVIDENCE
icons/menu/calendar@3x.png	9721e515bd837e04713d2825905e573cd7b222e6	1008	icon	NO-RESOURCE-LOCAL-LICENSE-EVIDENCE
icons/menu/calls_receive.png	cfe1f6699ca38b31c7a57865a6c0e13a2a0b339c	773	icon	NO-RESOURCE-LOCAL-LICENSE-EVIDENCE
icons/menu/calls_receive@2x.png	83e8e622da86d4e3855c3dec95570cb86fdc7be6	1466	icon	NO-RESOURCE-LOCAL-LICENSE-EVIDENCE
icons/menu/calls_receive@3x.png	a74e596a73236e9a2be87b9a23377405465dd588	2124	icon	NO-RESOURCE-LOCAL-LICENSE-EVIDENCE
icons/menu/cancel.png	5b77f7a46a58ec63e72726d89ed74d168ae03840	532	icon	NO-RESOURCE-LOCAL-LICENSE-EVIDENCE
icons/menu/cancel@2x.png	667ee8024064312fb742defa197c79e0560f1ba6	855	icon	NO-RESOURCE-LOCAL-LICENSE-EVIDENCE
icons/menu/cancel@3x.png	0144388a9e450e69deed449aa459a08474f98b29	1341	icon	NO-RESOURCE-LOCAL-LICENSE-EVIDENCE
icons/menu/cancel_fee.png	467c369cec28a1ec2c2f9947fc199d6f56eec69a	865	icon	NO-RESOURCE-LOCAL-LICENSE-EVIDENCE
icons/menu/cancel_fee@2x.png	75c0a6c94192a4083ffab456338160a058538ae5	1810	icon	NO-RESOURCE-LOCAL-LICENSE-EVIDENCE
icons/menu/cancel_fee@3x.png	73fee9f98a6b702e08f9debc2576aa2d33f06340	2662	icon	NO-RESOURCE-LOCAL-LICENSE-EVIDENCE
icons/menu/caption_hide.png	0320b2e2e7839760b9ce35b1157a179855849bfb	718	icon	NO-RESOURCE-LOCAL-LICENSE-EVIDENCE
icons/menu/caption_hide@2x.png	6b9169008e917bb0c1fad8556e2f5d3c2103ea03	1255	icon	NO-RESOURCE-LOCAL-LICENSE-EVIDENCE
icons/menu/caption_hide@3x.png	75d4841d1b2f59cdd695d6d386cb226d5ab850f7	1753	icon	NO-RESOURCE-LOCAL-LICENSE-EVIDENCE
icons/menu/caption_show.png	9c7b05c639916864960c538c97820bcbd0a69ff5	505	icon	NO-RESOURCE-LOCAL-LICENSE-EVIDENCE
icons/menu/caption_show@2x.png	962eeaee1b5cc7093fd382a10b365ffd8b23a0c7	763	icon	NO-RESOURCE-LOCAL-LICENSE-EVIDENCE
icons/menu/caption_show@3x.png	4dd44a6097c193330aace01161650774d8315690	963	icon	NO-RESOURCE-LOCAL-LICENSE-EVIDENCE
icons/menu/channel.png	d6caf71311d55353eeaf1d87e462c0c0b9831f65	613	icon	NO-RESOURCE-LOCAL-LICENSE-EVIDENCE
icons/menu/channel@2x.png	c68e6a6b0826f3ec261dfa9eabe9c8219c822d1b	1099	icon	NO-RESOURCE-LOCAL-LICENSE-EVIDENCE
icons/menu/channel@3x.png	0ce3d46a9c4d71259a2a33eab7a1bd104b62778c	1650	icon	NO-RESOURCE-LOCAL-LICENSE-EVIDENCE
icons/menu/chat_bubble.png	a22bd585d88f6da0d3ab22926848bb8145db8cc7	661	icon	NO-RESOURCE-LOCAL-LICENSE-EVIDENCE
icons/menu/chat_bubble@2x.png	8da64703f83ebbaf1f28c91942c2338c77042aab	1247	icon	NO-RESOURCE-LOCAL-LICENSE-EVIDENCE
icons/menu/chat_bubble@3x.png	5862e922850d28687d9bce987e82ddd2fd3d8045	1854	icon	NO-RESOURCE-LOCAL-LICENSE-EVIDENCE
icons/menu/chat_discuss.png	014033429909a91b01164a493f50a4556c3e831c	751	icon	NO-RESOURCE-LOCAL-LICENSE-EVIDENCE
icons/menu/chat_discuss@2x.png	2b266a33d93b60ab8c92e2efbfd5223be713e137	1370	icon	NO-RESOURCE-LOCAL-LICENSE-EVIDENCE
icons/menu/chat_discuss@3x.png	2a54806d8542e833adf08207ceadb22383a04be5	2002	icon	NO-RESOURCE-LOCAL-LICENSE-EVIDENCE
icons/menu/chats.png	e97616ee0c8f81e1705bd66a1109e8757a10ffcc	766	icon	NO-RESOURCE-LOCAL-LICENSE-EVIDENCE
icons/menu/chats@2x.png	6682dbcf6f153a678d81e9a6523efa0aec7efb37	1672	icon	NO-RESOURCE-LOCAL-LICENSE-EVIDENCE
icons/menu/chats@3x.png	7ac3ab7d0a286bf7b4f9b8ffa358697a0ae77239	2485	icon	NO-RESOURCE-LOCAL-LICENSE-EVIDENCE
icons/menu/clear.png	faea962c3e1e10a51b994957bbe9961604766f12	549	icon	NO-RESOURCE-LOCAL-LICENSE-EVIDENCE
icons/menu/clear@2x.png	01a732c06a3149ec0bb385b7f737c04f44354971	1050	icon	NO-RESOURCE-LOCAL-LICENSE-EVIDENCE
icons/menu/clear@3x.png	726ab405966b8f51f88597467f004e1bd63bd6f5	1526	icon	NO-RESOURCE-LOCAL-LICENSE-EVIDENCE
icons/menu/collapse.png	113fde444a25f8ed2011f4ebd273aca75728bee6	372	icon	NO-RESOURCE-LOCAL-LICENSE-EVIDENCE
icons/menu/collapse@2x.png	9a8b776b8c102c974944ceb75b71cefa834f4f56	631	icon	NO-RESOURCE-LOCAL-LICENSE-EVIDENCE
icons/menu/collapse@3x.png	f843963a3521c93a7755a1a0b60a006bfeda6c66	794	icon	NO-RESOURCE-LOCAL-LICENSE-EVIDENCE
icons/menu/colors.png	8e3cf9735e12836f4344b2fab420bdc305a4c8d8	741	icon	NO-RESOURCE-LOCAL-LICENSE-EVIDENCE
icons/menu/colors@2x.png	0f6ea0a2b6e2a297220468aa27659205e44a22d5	1441	icon	NO-RESOURCE-LOCAL-LICENSE-EVIDENCE
icons/menu/colors@3x.png	4acf319aa577e533aa8a6573f6f62b6606109b6e	2106	icon	NO-RESOURCE-LOCAL-LICENSE-EVIDENCE
icons/menu/community.svg	ca76fa7e994aa8a8175a4222e174c99ded1a9a26	3261	icon	NO-RESOURCE-LOCAL-LICENSE-EVIDENCE
icons/menu/community_remove.svg	aed693779b110530485c245d27f6b9ae626a4d0d	1167	icon	NO-RESOURCE-LOCAL-LICENSE-EVIDENCE
icons/menu/copy.png	82e454de485f207d71cf5c4cc8154b8d21c57acb	495	icon	NO-RESOURCE-LOCAL-LICENSE-EVIDENCE
icons/menu/copy@2x.png	e4e52ddb47eb20055aeb9fa0c080d34a28e98ed0	776	icon	NO-RESOURCE-LOCAL-LICENSE-EVIDENCE
icons/menu/copy@3x.png	7c3e6fc147fd89706473fe35c0c7ea3d79e67d6d	1076	icon	NO-RESOURCE-LOCAL-LICENSE-EVIDENCE
icons/menu/copyright.png	72b5630b586630366fff9ec67c52ec31473224c5	611	icon	NO-RESOURCE-LOCAL-LICENSE-EVIDENCE
icons/menu/copyright@2x.png	7ad15646a225686686b279912a3b76771c156ca8	1152	icon	NO-RESOURCE-LOCAL-LICENSE-EVIDENCE
icons/menu/copyright@3x.png	6ef3d5eb8131c341232fe5b49c93effe2b9fe8a3	1766	icon	NO-RESOURCE-LOCAL-LICENSE-EVIDENCE
icons/menu/craft_chance.svg	c3ea4c40dba6f85960a83149e4b880e9d37bffde	3675	icon	NO-RESOURCE-LOCAL-LICENSE-EVIDENCE
icons/menu/craft_random.svg	afaf213c10569ed27d0ec55b161d3928399eaf6d	2847	icon	NO-RESOURCE-LOCAL-LICENSE-EVIDENCE
icons/menu/craft_start.svg	5a8067fbbf6dc8085ee72166ea7dfdfa464a7eb8	4253	icon	NO-RESOURCE-LOCAL-LICENSE-EVIDENCE
icons/menu/craft_tools.svg	db111821bd6c115ce15bdf93d40237453bd1c08d	8793	icon	NO-RESOURCE-LOCAL-LICENSE-EVIDENCE
icons/menu/create_poll.png	f045a587f06a114bdf671d0d32da12b549f66621	438	icon	NO-RESOURCE-LOCAL-LICENSE-EVIDENCE
icons/menu/create_poll@2x.png	8d88697fa475f27749d1406632d75966516aa2d6	701	icon	NO-RESOURCE-LOCAL-LICENSE-EVIDENCE
icons/menu/create_poll@3x.png	7bbba36fb39f7563b2dfc07adbefb92538ab29f6	912	icon	NO-RESOURCE-LOCAL-LICENSE-EVIDENCE
icons/menu/customize.png	ef86a7a98e55b8487cc587acf807eb5d658776f8	581	icon	NO-RESOURCE-LOCAL-LICENSE-EVIDENCE
icons/menu/customize@2x.png	4ed42cbaac52fd349767ace4ad0d2a75b1ae6ecb	1002	icon	NO-RESOURCE-LOCAL-LICENSE-EVIDENCE
icons/menu/customize@3x.png	87463e1af762a756ce25908d5add71e1decfe3bd	1436	icon	NO-RESOURCE-LOCAL-LICENSE-EVIDENCE
icons/menu/delete.png	608b61214c36ec38208f15a83e9431907a2acfd9	466	icon	NO-RESOURCE-LOCAL-LICENSE-EVIDENCE
icons/menu/delete@2x.png	b226d45aba5820213f31f2e590dad3c1982d4030	800	icon	NO-RESOURCE-LOCAL-LICENSE-EVIDENCE
icons/menu/delete@3x.png	4cb1d06e924f76e5827b720c9d8cca823ec37b3c	1195	icon	NO-RESOURCE-LOCAL-LICENSE-EVIDENCE
icons/menu/devices.png	19214024945b905265396ef4b3fb89e47b2b1700	402	icon	NO-RESOURCE-LOCAL-LICENSE-EVIDENCE
icons/menu/devices@2x.png	6ac88a975201af9e504efd5b34e19a70e8a99683	595	icon	NO-RESOURCE-LOCAL-LICENSE-EVIDENCE
icons/menu/devices@3x.png	a5b443200eeed47816e4da2f7a65f9866c662cd0	840	icon	NO-RESOURCE-LOCAL-LICENSE-EVIDENCE
icons/menu/disable.png	2f5f1437d2b5fdd3170b5d543f4b283ab9ef46e3	549	icon	NO-RESOURCE-LOCAL-LICENSE-EVIDENCE
icons/menu/disable@2x.png	a514806d1fa6ac94b9a3e769965f384af818da6c	877	icon	NO-RESOURCE-LOCAL-LICENSE-EVIDENCE
icons/menu/disable@3x.png	7a903fdb432da698c9f5f732376fed98fc88080a	1401	icon	NO-RESOURCE-LOCAL-LICENSE-EVIDENCE
icons/menu/discussion.png	e6b5eb7562b74586616917563e818c1895fc5db8	748	icon	NO-RESOURCE-LOCAL-LICENSE-EVIDENCE
icons/menu/discussion@2x.png	a4753abe5ba353abc7b3babbcbfb813b3423b5cb	1428	icon	NO-RESOURCE-LOCAL-LICENSE-EVIDENCE
icons/menu/discussion@3x.png	172762fa1767705ee029adaf550b71c6a8658723	1989	icon	NO-RESOURCE-LOCAL-LICENSE-EVIDENCE
icons/menu/dock_bounce.png	b538f11e001f7434ceeb4c937804614d6602815b	497	icon	NO-RESOURCE-LOCAL-LICENSE-EVIDENCE
icons/menu/dock_bounce@2x.png	232aaa82c17a5ab5816c64c8cc618d40a9a89179	808	icon	NO-RESOURCE-LOCAL-LICENSE-EVIDENCE
icons/menu/dock_bounce@3x.png	5bc6d3dd3c0a1845a3fccee06c08bad87fe0c12b	1152	icon	NO-RESOURCE-LOCAL-LICENSE-EVIDENCE
icons/menu/download.png	f78cfb45c6c44b4fd62181c0d332b720a493a768	355	icon	NO-RESOURCE-LOCAL-LICENSE-EVIDENCE
icons/menu/download@2x.png	e88f2fcc7a71b355eb9f496a77467c5345e0bb19	583	icon	NO-RESOURCE-LOCAL-LICENSE-EVIDENCE
icons/menu/download@3x.png	0765db31ac47ed370c33f04e6464cb8ec9da45f3	772	icon	NO-RESOURCE-LOCAL-LICENSE-EVIDENCE
icons/menu/download_locked.png	824ca3707c41a7c4e18e00213dd1d891b59acc66	516	icon	NO-RESOURCE-LOCAL-LICENSE-EVIDENCE
icons/menu/download_locked@2x.png	1e2dde2cea12333bf2b63a6eaa06de92897d9f1f	870	icon	NO-RESOURCE-LOCAL-LICENSE-EVIDENCE
icons/menu/download_locked@3x.png	69d05e38d61f63b8b90a06ea3acd74de57783b43	1226	icon	NO-RESOURCE-LOCAL-LICENSE-EVIDENCE
icons/menu/download_off.svg	bac54d5525eea443616638439c241c29c3800c00	2183	icon	NO-RESOURCE-LOCAL-LICENSE-EVIDENCE
icons/menu/drugs.png	8b689d54e1b09f59529aa24d4192a477142543f1	556	icon	NO-RESOURCE-LOCAL-LICENSE-EVIDENCE
icons/menu/drugs@2x.png	977574e32784b1e9c1cc2d0383ec571270a22c32	1075	icon	NO-RESOURCE-LOCAL-LICENSE-EVIDENCE
icons/menu/drugs@3x.png	049dc0e75347d781c6800f35947c340f913437e5	1491	icon	NO-RESOURCE-LOCAL-LICENSE-EVIDENCE
icons/menu/earn.png	a922012bd275b48c85d87354214107f50a4bb47d	568	icon	NO-RESOURCE-LOCAL-LICENSE-EVIDENCE
icons/menu/earn@2x.png	cf8d10d34872c173a7dcf55d5fa5c5f7233b9f6f	1260	icon	NO-RESOURCE-LOCAL-LICENSE-EVIDENCE
icons/menu/earn@3x.png	8ff7dd69b692ee566d75b9eb053c878a107fc7fa	1839	icon	NO-RESOURCE-LOCAL-LICENSE-EVIDENCE
icons/menu/edit.png	c6506c9fe1d8b85936167cc0b64d004c31a0d204	444	icon	NO-RESOURCE-LOCAL-LICENSE-EVIDENCE
icons/menu/edit@2x.png	a1b832c470816bbc026e8ad5adf4d01a3fe37022	678	icon	NO-RESOURCE-LOCAL-LICENSE-EVIDENCE
icons/menu/edit@3x.png	fb87016017bc5e3f5aa2a2d426ba41f9c6697687	938	icon	NO-RESOURCE-LOCAL-LICENSE-EVIDENCE
icons/menu/edit_stars.svg	228638acb7470ffd1d578e06ce8c97083245c224	1304	icon	NO-RESOURCE-LOCAL-LICENSE-EVIDENCE
icons/menu/edit_stars_add.svg	04b6a8c915ece557b8d2822898e496745d554dd5	4046	icon	NO-RESOURCE-LOCAL-LICENSE-EVIDENCE
icons/menu/edited_status.png	70fb24466a33f9fb18ea1d76d62250f003eb566b	586	icon	NO-RESOURCE-LOCAL-LICENSE-EVIDENCE
icons/menu/edited_status@2x.png	004167a148f30c34abcc7441be3cff13cb27c7e1	1252	icon	NO-RESOURCE-LOCAL-LICENSE-EVIDENCE
icons/menu/edited_status@3x.png	1acdf8ea936009cb61fb51706d8d9aa69204759d	1825	icon	NO-RESOURCE-LOCAL-LICENSE-EVIDENCE
icons/menu/emoji.png	0820c4c24b7acb83a96f04995889008cac2048d3	575	icon	NO-RESOURCE-LOCAL-LICENSE-EVIDENCE
icons/menu/emoji@2x.png	24ced3250477fa4599dbc3a1776da9267e6a818e	1218	icon	NO-RESOURCE-LOCAL-LICENSE-EVIDENCE
icons/menu/emoji@3x.png	d2251e543cb25e4cddae1501a47376f8ebdd90ed	1849	icon	NO-RESOURCE-LOCAL-LICENSE-EVIDENCE
icons/menu/expand.png	83aabe76e20a2b13cc56606c729847a11b13f3a6	413	icon	NO-RESOURCE-LOCAL-LICENSE-EVIDENCE
icons/menu/expand@2x.png	dc7cf970216ea95bf366426b99f4812a342ae937	561	icon	NO-RESOURCE-LOCAL-LICENSE-EVIDENCE
icons/menu/expand@3x.png	85c580bc1baada47223d4ffda9604193233f44dc	771	icon	NO-RESOURCE-LOCAL-LICENSE-EVIDENCE
icons/menu/experimental.png	f84b745a9a6ecaabe9f29bbe58c792deb3d8458b	582	icon	NO-RESOURCE-LOCAL-LICENSE-EVIDENCE
icons/menu/experimental@2x.png	e56b0c3ed42d568bea8c7f69291c5d6668f291e5	991	icon	NO-RESOURCE-LOCAL-LICENSE-EVIDENCE
icons/menu/experimental@3x.png	d2c1efdd2693ed60d535ba4e3a9845b8299c4592	1443	icon	NO-RESOURCE-LOCAL-LICENSE-EVIDENCE
icons/menu/export.png	b9185a2382bd59477511511f25176fdba06096a4	448	icon	NO-RESOURCE-LOCAL-LICENSE-EVIDENCE
icons/menu/export@2x.png	c95fc4603e4e31e8ef6fb41fa6b92566c6a817b1	679	icon	NO-RESOURCE-LOCAL-LICENSE-EVIDENCE
icons/menu/export@3x.png	3d48c4394166b2e30052279566b290e3f1cb30e8	1036	icon	NO-RESOURCE-LOCAL-LICENSE-EVIDENCE
icons/menu/export_theme.png	9273eb7e0da92cf9610349a1e7d28e6d8172c8f5	441	icon	NO-RESOURCE-LOCAL-LICENSE-EVIDENCE
icons/menu/export_theme@2x.png	d9722d4c640fb32cebb3fc1fbebc9b4a20b3b151	669	icon	NO-RESOURCE-LOCAL-LICENSE-EVIDENCE
icons/menu/export_theme@3x.png	29801c322f8b6df45366da8d96da384179e74508	985	icon	NO-RESOURCE-LOCAL-LICENSE-EVIDENCE
icons/menu/factcheck.png	e9115a4cf1bc6bf28f2a3011f43af86c5ef4190e	588	icon	NO-RESOURCE-LOCAL-LICENSE-EVIDENCE
icons/menu/factcheck@2x.png	bcc80e45e742b71ff4077d1cde4f04e043b4ffec	1359	icon	NO-RESOURCE-LOCAL-LICENSE-EVIDENCE
icons/menu/factcheck@3x.png	139e30eb89f6be5ae35d4a1e93a98ba17ef4a519	2267	icon	NO-RESOURCE-LOCAL-LICENSE-EVIDENCE
icons/menu/fake.png	cf0c3ef9260916f6cdccc1a401bb7415163e5d4f	726	icon	NO-RESOURCE-LOCAL-LICENSE-EVIDENCE
icons/menu/fake@2x.png	7d47bbe031913a5aa2c6643745757d293ee3ae04	1420	icon	NO-RESOURCE-LOCAL-LICENSE-EVIDENCE
icons/menu/fake@3x.png	50ba1415d1e11c44b480e5ac233c75c11f9d4311	2064	icon	NO-RESOURCE-LOCAL-LICENSE-EVIDENCE
icons/menu/false_positive.png	a3a44132c93703e409c67b0dee90f3f4fca2bd70	670	icon	NO-RESOURCE-LOCAL-LICENSE-EVIDENCE
icons/menu/false_positive@2x.png	17b4eac5fbc18ff1fe4eeee4c19b33db38428d77	1283	icon	NO-RESOURCE-LOCAL-LICENSE-EVIDENCE
icons/menu/false_positive@3x.png	58d468ba3e237b6be33759a20ad9c7ca74dc1435	1877	icon	NO-RESOURCE-LOCAL-LICENSE-EVIDENCE
icons/menu/faq.png	e280515e69f45e0681f3c455a2714c9680c2a57a	539	icon	NO-RESOURCE-LOCAL-LICENSE-EVIDENCE
icons/menu/faq@2x.png	c4491407883e0ed6f4963e4b3b7d7610e206e6cd	1231	icon	NO-RESOURCE-LOCAL-LICENSE-EVIDENCE
icons/menu/faq@3x.png	853065e0b7958f074889b24447fad036acd07ed8	1832	icon	NO-RESOURCE-LOCAL-LICENSE-EVIDENCE
icons/menu/favorite.png	274c6e6017c6ce8be93d3230e9b869ad0137951e	598	icon	NO-RESOURCE-LOCAL-LICENSE-EVIDENCE
icons/menu/favorite@2x.png	3aa5c69448ce16c79f344f3bdcc16e916f83ccc7	1115	icon	NO-RESOURCE-LOCAL-LICENSE-EVIDENCE
icons/menu/favorite@3x.png	4077efc5ef3998536c10c079f581cdd7a2390dcd	1712	icon	NO-RESOURCE-LOCAL-LICENSE-EVIDENCE
icons/menu/file.png	4bf456b4c6fa8377c6281b6e56938f6674a94d7b	567	icon	NO-RESOURCE-LOCAL-LICENSE-EVIDENCE
icons/menu/file@2x.png	d18f28300445b9c0f4415ed881688d3ffa331852	993	icon	NO-RESOURCE-LOCAL-LICENSE-EVIDENCE
icons/menu/file@3x.png	cb4542036fa561cc839f3858506e06f37b33a135	1297	icon	NO-RESOURCE-LOCAL-LICENSE-EVIDENCE
icons/menu/flip.png	ec8836120e9d5b70794f4e6e23bfb075288a40e4	501	icon	NO-RESOURCE-LOCAL-LICENSE-EVIDENCE
icons/menu/flip@2x.png	1fdd5cae07888a02ecbe8165443472d6c3264036	933	icon	NO-RESOURCE-LOCAL-LICENSE-EVIDENCE
icons/menu/flip@3x.png	e17a9faca32af9d4199febab23fbb7808e2c0d94	1275	icon	NO-RESOURCE-LOCAL-LICENSE-EVIDENCE
icons/menu/fonts.png	a82aa21664488e0fd1c4ab127b5320cbe70d6abf	563	icon	NO-RESOURCE-LOCAL-LICENSE-EVIDENCE
icons/menu/fonts@2x.png	5d735d58b52cca60dc3e9526b5ccfbe038cf29f2	1153	icon	NO-RESOURCE-LOCAL-LICENSE-EVIDENCE
icons/menu/fonts@3x.png	0aa3679f3ccbaf585291579d915d818334212608	1567	icon	NO-RESOURCE-LOCAL-LICENSE-EVIDENCE
icons/menu/forward.png	4a50099f4a03d94c08e06d6028c5b0200d2412b0	622	icon	NO-RESOURCE-LOCAL-LICENSE-EVIDENCE
icons/menu/forward@2x.png	c27765246f6109434f70cfc2f6e06dd9800806cd	1104	icon	NO-RESOURCE-LOCAL-LICENSE-EVIDENCE
icons/menu/forward@3x.png	557b032eff6eef2b30f7f800e9cb1986436eea06	1617	icon	NO-RESOURCE-LOCAL-LICENSE-EVIDENCE
icons/menu/forwarded_status.png	66d08a835cea539ce4d6daf89a5e72ff3b8bfc67	691	icon	NO-RESOURCE-LOCAL-LICENSE-EVIDENCE
icons/menu/forwarded_status@2x.png	8892f4ce311519c3b572b92b8cc02ab7fccef9f1	1427	icon	NO-RESOURCE-LOCAL-LICENSE-EVIDENCE
icons/menu/forwarded_status@3x.png	e2940b1636c72d4346ef97540db5187369b7e79c	2130	icon	NO-RESOURCE-LOCAL-LICENSE-EVIDENCE
icons/menu/gif.png	3e00fb65c5ca0a53d871533b54b9901f24a92808	573	icon	NO-RESOURCE-LOCAL-LICENSE-EVIDENCE
icons/menu/gif@2x.png	232000a1d942e4f6a8a90f9de8ccda1cb0dc0de7	1058	icon	NO-RESOURCE-LOCAL-LICENSE-EVIDENCE
icons/menu/gif@3x.png	eb64ef7d5957d87b0753e6e9f2ed8a2db99515a3	1531	icon	NO-RESOURCE-LOCAL-LICENSE-EVIDENCE
icons/menu/gift_premium.png	cb18442df92a93f893fe2dfdaa36f1ea648ec9b5	799	icon	NO-RESOURCE-LOCAL-LICENSE-EVIDENCE
icons/menu/gift_premium@2x.png	e7472fdf1988943543d1b1e1d2398b88d2377635	1523	icon	NO-RESOURCE-LOCAL-LICENSE-EVIDENCE
icons/menu/gift_premium@3x.png	61be0204d98d2a5dfd46f9de8f13c91f6493fa35	2245	icon	NO-RESOURCE-LOCAL-LICENSE-EVIDENCE
icons/menu/group_log.png	5452f7975ee42aa2a75f83859c91f1429db98fc5	539	icon	NO-RESOURCE-LOCAL-LICENSE-EVIDENCE
icons/menu/group_log@2x.png	b372a0cf6a4180dd64d52d0d73b8a22cb2bd7c04	941	icon	NO-RESOURCE-LOCAL-LICENSE-EVIDENCE
icons/menu/group_log@3x.png	678b9dc62b2eb25e1246ae954b283290fc609a15	1220	icon	NO-RESOURCE-LOCAL-LICENSE-EVIDENCE
icons/menu/group_reactions.png	c941a59552777ddb5884c93bba069702c01b4c75	629	icon	NO-RESOURCE-LOCAL-LICENSE-EVIDENCE
icons/menu/group_reactions@2x.png	406d42273c8c0ad56c7363fea09341c41b8fe98b	1164	icon	NO-RESOURCE-LOCAL-LICENSE-EVIDENCE
icons/menu/group_reactions@3x.png	caf8ae470f5c664fb35b8c26d89afb57f6fac847	1774	icon	NO-RESOURCE-LOCAL-LICENSE-EVIDENCE
icons/menu/groups.png	2fc454a3642438a1bdadc85d721c9b133ce0bb03	685	icon	NO-RESOURCE-LOCAL-LICENSE-EVIDENCE
icons/menu/groups@2x.png	986bc696db49038555c1e4b32a2c7eeee8e3d286	1315	icon	NO-RESOURCE-LOCAL-LICENSE-EVIDENCE
icons/menu/groups@3x.png	28ed4085f27c04d10d3ec4668687c8d5e78670bb	1946	icon	NO-RESOURCE-LOCAL-LICENSE-EVIDENCE
icons/menu/groups_create.png	5d6bb4c00e7cfa05599dfe555d6350845ff9a2b7	717	icon	NO-RESOURCE-LOCAL-LICENSE-EVIDENCE
icons/menu/groups_create@2x.png	cf110c03039fecd484c62fd8e93704bea285d1d1	1357	icon	NO-RESOURCE-LOCAL-LICENSE-EVIDENCE
icons/menu/groups_create@3x.png	b453493228ecb1559dfc9348a37a43e9dcc350f5	2010	icon	NO-RESOURCE-LOCAL-LICENSE-EVIDENCE
icons/menu/header_mode_day.png	9ad57435ef838f8bc1ec7ab856f4416d447bbf95	420	icon	NO-RESOURCE-LOCAL-LICENSE-EVIDENCE
icons/menu/header_mode_day@2x.png	13dd35f3024caf25121bf2b190d879f2ea71235c	891	icon	NO-RESOURCE-LOCAL-LICENSE-EVIDENCE
icons/menu/header_mode_day@3x.png	5f6ad557ffd47cca2723cf9b99fac20a0ff63172	1358	icon	NO-RESOURCE-LOCAL-LICENSE-EVIDENCE
icons/menu/header_mode_night.png	43cf44547e0b60eb8540bd6790665e2a361464f7	636	icon	NO-RESOURCE-LOCAL-LICENSE-EVIDENCE
icons/menu/header_mode_night@2x.png	0d397e35df16e6eadb7f375df59ccc018ef52916	1309	icon	NO-RESOURCE-LOCAL-LICENSE-EVIDENCE
icons/menu/header_mode_night@3x.png	65ba723e2417ba6f779e5fd46a89b9f144ceb09f	1933	icon	NO-RESOURCE-LOCAL-LICENSE-EVIDENCE
icons/menu/hide_members.png	5e81f7655e53d26e435d0af9987d15e24c9c5aa8	809	icon	NO-RESOURCE-LOCAL-LICENSE-EVIDENCE
icons/menu/hide_members@2x.png	e100565145ecaba06fa9bbafda99ab73dda55062	1675	icon	NO-RESOURCE-LOCAL-LICENSE-EVIDENCE
icons/menu/hide_members@3x.png	011d3c42590da4e88cf9800977aa182b2a45cf86	2426	icon	NO-RESOURCE-LOCAL-LICENSE-EVIDENCE
icons/menu/hourglass.png	e7389fb11a82c6da93e062a13e1b78b8a67b237c	630	icon	NO-RESOURCE-LOCAL-LICENSE-EVIDENCE
icons/menu/hourglass@2x.png	69a579183a251511c7f25c6a39cc9bf905bf153a	1200	icon	NO-RESOURCE-LOCAL-LICENSE-EVIDENCE
icons/menu/hourglass@3x.png	0fcfcfab9a285c77d0251505da398b59e59907fa	1744	icon	NO-RESOURCE-LOCAL-LICENSE-EVIDENCE
icons/menu/image.png	c7f5c3c2fe2e26418f92bead30a716215cb51109	541	icon	NO-RESOURCE-LOCAL-LICENSE-EVIDENCE
icons/menu/image@2x.png	aba87b9456c004d59acbbdf64ec6105e876b06ce	1035	icon	NO-RESOURCE-LOCAL-LICENSE-EVIDENCE
icons/menu/image@3x.png	7f6ebd3781e957fcbe2b972febf76b678f6ad5b1	1438	icon	NO-RESOURCE-LOCAL-LICENSE-EVIDENCE
icons/menu/import_theme.png	0338b292db9b088141e937c81912ea9fbe185954	445	icon	NO-RESOURCE-LOCAL-LICENSE-EVIDENCE
icons/menu/import_theme@2x.png	29b15457cc65b0a91659a6c67508a6f5b373fcad	708	icon	NO-RESOURCE-LOCAL-LICENSE-EVIDENCE
icons/menu/import_theme@3x.png	99d01938e3d3d6bf588363318ec38d8864a6a8ff	1016	icon	NO-RESOURCE-LOCAL-LICENSE-EVIDENCE
icons/menu/info.png	31404161c426a53e2160b6f745e7eca7df951dc5	463	icon	NO-RESOURCE-LOCAL-LICENSE-EVIDENCE
icons/menu/info@2x.png	c6287d144913a25af6bc3617f1b9d68bf94a00c8	1016	icon	NO-RESOURCE-LOCAL-LICENSE-EVIDENCE
icons/menu/info@3x.png	e707aa012e548c4a81291e5797ef66e367bf6460	1430	icon	NO-RESOURCE-LOCAL-LICENSE-EVIDENCE
icons/menu/info_notifications.png	3686dba726cb47f3e44fba7aa533ca6729e796dc	461	icon	NO-RESOURCE-LOCAL-LICENSE-EVIDENCE
icons/menu/info_notifications@2x.png	ed724c7f240bc277888089bbdff3af686ebd5215	853	icon	NO-RESOURCE-LOCAL-LICENSE-EVIDENCE
icons/menu/info_notifications@3x.png	de98cf241167b8f7bacae998c7d719dbf7e9b83d	1302	icon	NO-RESOURCE-LOCAL-LICENSE-EVIDENCE
icons/menu/invite.png	2bcd043498aa986f7c2f22d72edff194b407da4a	645	icon	NO-RESOURCE-LOCAL-LICENSE-EVIDENCE
icons/menu/invite@2x.png	5eb8317dec336d2c0e6ee091730334acadbbdb3c	1169	icon	NO-RESOURCE-LOCAL-LICENSE-EVIDENCE
icons/menu/invite@3x.png	34fdd94fdab10abcb55d5e6e6309335353f27df0	1649	icon	NO-RESOURCE-LOCAL-LICENSE-EVIDENCE
icons/menu/ip_address.png	3aa87b0aa5c29c1ab9d6de18ab7751fa5ed2db6d	701	icon	NO-RESOURCE-LOCAL-LICENSE-EVIDENCE
icons/menu/ip_address@2x.png	1184e10b059654e377a4a6567bfcc9a982016163	1274	icon	NO-RESOURCE-LOCAL-LICENSE-EVIDENCE
icons/menu/ip_address@3x.png	3cee2b09df2b5f59617156c5add554993c268322	2002	icon	NO-RESOURCE-LOCAL-LICENSE-EVIDENCE
icons/menu/leave.png	4f257ce1596be57ae8848f46dd261bfafec337e3	551	icon	NO-RESOURCE-LOCAL-LICENSE-EVIDENCE
icons/menu/leave@2x.png	09bfd03765529503470f76df3e447d9e7c212183	880	icon	NO-RESOURCE-LOCAL-LICENSE-EVIDENCE
icons/menu/leave@3x.png	578a9531147790a62c880668fc7fb61fec398ee5	1205	icon	NO-RESOURCE-LOCAL-LICENSE-EVIDENCE
icons/menu/link.png	dc611cf3308c6a977ec066c6ecf431386a58c203	560	icon	NO-RESOURCE-LOCAL-LICENSE-EVIDENCE
icons/menu/link@2x.png	6b87b7b11f8a54530c824195839cf42de6efc4b4	1047	icon	NO-RESOURCE-LOCAL-LICENSE-EVIDENCE
icons/menu/link@3x.png	ebf04e7fc28bc5fc8397cd1010ee7376aadec1b6	1383	icon	NO-RESOURCE-LOCAL-LICENSE-EVIDENCE
icons/menu/link_above.png	1f8881dfebec24aa4af0e2cba3b37ac59fd5a39a	450	icon	NO-RESOURCE-LOCAL-LICENSE-EVIDENCE
icons/menu/link_above@2x.png	61c53d18e377cbabd4911b2117693cf80b01edba	725	icon	NO-RESOURCE-LOCAL-LICENSE-EVIDENCE
icons/menu/link_above@3x.png	be58d0df3a1f8e83861544e387b1fcfb031ef3fa	1029	icon	NO-RESOURCE-LOCAL-LICENSE-EVIDENCE
icons/menu/link_below.png	315150fa66007626819a4b93a9529b2ed6a181f6	454	icon	NO-RESOURCE-LOCAL-LICENSE-EVIDENCE
icons/menu/link_below@2x.png	f30fe99b492a0ff5e4438bc3ddf656f3bc98f18f	761	icon	NO-RESOURCE-LOCAL-LICENSE-EVIDENCE
icons/menu/link_below@3x.png	39f6fbf1ac6f86cd161a34f110201ba9273c5514	1017	icon	NO-RESOURCE-LOCAL-LICENSE-EVIDENCE
icons/menu/link_enlarge.png	4750b24d631881cbee17420164177b0d3cee7d6e	582	icon	NO-RESOURCE-LOCAL-LICENSE-EVIDENCE
icons/menu/link_enlarge@2x.png	ff98f6dc4aac6bd5dbc6c7490aa3816d1c5a0e45	965	icon	NO-RESOURCE-LOCAL-LICENSE-EVIDENCE
icons/menu/link_enlarge@3x.png	78b3f137be2fcaa8106e68e7bd49fdf4d431e498	1378	icon	NO-RESOURCE-LOCAL-LICENSE-EVIDENCE
icons/menu/link_shrink.png	48bf8f0350b84caed6229d1fb001c04d17be92ad	542	icon	NO-RESOURCE-LOCAL-LICENSE-EVIDENCE
icons/menu/link_shrink@2x.png	289e1f69dce5d26392c75fcc2c1995a94ee5f603	991	icon	NO-RESOURCE-LOCAL-LICENSE-EVIDENCE
icons/menu/link_shrink@3x.png	dfb66a523c8929f2e11c4f1e1b5e65266b4c7f12	1324	icon	NO-RESOURCE-LOCAL-LICENSE-EVIDENCE
icons/menu/links_profile.png	da8497860bd8cd3ceacfbd7818e16a773899e398	467	icon	NO-RESOURCE-LOCAL-LICENSE-EVIDENCE
icons/menu/links_profile@2x.png	26dfa285efff645450e8e87a5b0874ec3bab64df	883	icon	NO-RESOURCE-LOCAL-LICENSE-EVIDENCE
icons/menu/links_profile@3x.png	fef135b0dbd2215849e7011f6c91eac4e4905b5c	1356	icon	NO-RESOURCE-LOCAL-LICENSE-EVIDENCE
icons/menu/lock.png	7e7c58bbbc1134acc9aabed7ed69349ecc66bc1a	555	icon	NO-RESOURCE-LOCAL-LICENSE-EVIDENCE
icons/menu/lock@2x.png	2887113a802a56e31424dff079e2114d3ea2ee0d	932	icon	NO-RESOURCE-LOCAL-LICENSE-EVIDENCE
icons/menu/lock@3x.png	f960d6a5de50a6e172d057142e03bc7ccde2375a	1322	icon	NO-RESOURCE-LOCAL-LICENSE-EVIDENCE
icons/menu/manage.png	a314397499f3a19872030225025887b997079432	376	icon	NO-RESOURCE-LOCAL-LICENSE-EVIDENCE
icons/menu/manage@2x.png	2f2cb22bc273a1f3857ca3ed3f6650c7f024f0ec	604	icon	NO-RESOURCE-LOCAL-LICENSE-EVIDENCE
icons/menu/manage@3x.png	6119ec74f2015ff1c8eae0e049624aeb62b53b68	805	icon	NO-RESOURCE-LOCAL-LICENSE-EVIDENCE
icons/menu/mode_messages.png	a1a15eea221df60ce9efc78c8d9a78e166da42a6	745	icon	NO-RESOURCE-LOCAL-LICENSE-EVIDENCE
icons/menu/mode_messages@2x.png	0218c696fb44481979821ea8bd8c75d8cf0c50db	1501	icon	NO-RESOURCE-LOCAL-LICENSE-EVIDENCE
icons/menu/mode_messages@3x.png	faffe713b46da2bb937ea249c9518ab8e0570d52	2133	icon	NO-RESOURCE-LOCAL-LICENSE-EVIDENCE
icons/menu/mode_topics.png	e64c31734e837cb114b389aa376128745076bfbf	913	icon	NO-RESOURCE-LOCAL-LICENSE-EVIDENCE
icons/menu/mode_topics@2x.png	11eccab7098081935d3899ac2ffb2f47cddce609	1956	icon	NO-RESOURCE-LOCAL-LICENSE-EVIDENCE
icons/menu/mode_topics@3x.png	e0b678367992e75b76b050fa3966bab47260d596	2910	icon	NO-RESOURCE-LOCAL-LICENSE-EVIDENCE
icons/menu/move_from_menu.png	b5c33b892ab1ca5f189ed47322892e7c72edf4f4	575	icon	NO-RESOURCE-LOCAL-LICENSE-EVIDENCE
icons/menu/move_from_menu@2x.png	125b69a6733e445406bcf349f5eff6348c11548f	954	icon	NO-RESOURCE-LOCAL-LICENSE-EVIDENCE
icons/menu/move_from_menu@3x.png	a5ed3f1f7b8f5e346091b552d5fa42fd25b3dcee	1268	icon	NO-RESOURCE-LOCAL-LICENSE-EVIDENCE
icons/menu/move_to_menu.png	03f60dcc285ea4d177c7be89f342d177683f773c	588	icon	NO-RESOURCE-LOCAL-LICENSE-EVIDENCE
icons/menu/move_to_menu@2x.png	c7d161c4a7b2c8738248a5012711563574ff002c	963	icon	NO-RESOURCE-LOCAL-LICENSE-EVIDENCE
icons/menu/move_to_menu@3x.png	f883afe7dd1a92fdcf0940991e07a9a1c2e7078f	1268	icon	NO-RESOURCE-LOCAL-LICENSE-EVIDENCE
icons/menu/mute.png	b774995f30044bf00cfd22b6884f0577aa50a932	675	icon	NO-RESOURCE-LOCAL-LICENSE-EVIDENCE
icons/menu/mute@2x.png	3d576be00e8a77f42b4accdb0639ab3f0a3bade9	1303	icon	NO-RESOURCE-LOCAL-LICENSE-EVIDENCE
icons/menu/mute@3x.png	6935bac0c3307f955aa34648293782ad6f31e17c	1959	icon	NO-RESOURCE-LOCAL-LICENSE-EVIDENCE
icons/menu/mute_for.png	bd3c183407ee29c68dd2349928840658bdad570f	728	icon	NO-RESOURCE-LOCAL-LICENSE-EVIDENCE
icons/menu/mute_for@2x.png	69daac8080fb150ec382422199260e693bf379e7	1302	icon	NO-RESOURCE-LOCAL-LICENSE-EVIDENCE
icons/menu/mute_for@3x.png	8d1e82b13fc3def9629a2f94a232d262ce20709b	1900	icon	NO-RESOURCE-LOCAL-LICENSE-EVIDENCE
icons/menu/mute_for_plain.png	3c4a0db02be7163edb45be7d36951b926138faf6	472	icon	NO-RESOURCE-LOCAL-LICENSE-EVIDENCE
icons/menu/mute_for_plain@2x.png	eeabd53e0a77bf0c758aab2a3ccdfee85982ed94	795	icon	NO-RESOURCE-LOCAL-LICENSE-EVIDENCE
icons/menu/mute_for_plain@3x.png	ab53dceb5050ce9bfb4322ed1226b5e890308d46	1139	icon	NO-RESOURCE-LOCAL-LICENSE-EVIDENCE
icons/menu/name_hide.png	0d6bb287ae79148843333ffdd912cfc10365c191	615	icon	NO-RESOURCE-LOCAL-LICENSE-EVIDENCE
icons/menu/name_hide@2x.png	8903e549d4fb34560dad6697d89638d4540c5d85	1152	icon	NO-RESOURCE-LOCAL-LICENSE-EVIDENCE
icons/menu/name_hide@3x.png	88b94bc5fbb8f93bf84b3c1e5075619a150bad90	1583	icon	NO-RESOURCE-LOCAL-LICENSE-EVIDENCE
icons/menu/name_show.png	93cad5d875601f80591a6b9e7bc0c76b85438a54	517	icon	NO-RESOURCE-LOCAL-LICENSE-EVIDENCE
icons/menu/name_show@2x.png	486d0a24def846d08a75bc662be0129445f54900	959	icon	NO-RESOURCE-LOCAL-LICENSE-EVIDENCE
icons/menu/name_show@3x.png	20418ed26fd3d2792818a9af665b1caca7e3151a	1382	icon	NO-RESOURCE-LOCAL-LICENSE-EVIDENCE
icons/menu/network.png	c1f4b98291052cccc0cefa5602b434c267fe90c7	492	icon	NO-RESOURCE-LOCAL-LICENSE-EVIDENCE
icons/menu/network@2x.png	76f22a6ae18b1abc466fb3a3eab2157ed0febe3e	818	icon	NO-RESOURCE-LOCAL-LICENSE-EVIDENCE
icons/menu/network@3x.png	0f0e8a6fad420c17ad1d3f568daeee7175b893d4	1249	icon	NO-RESOURCE-LOCAL-LICENSE-EVIDENCE
icons/menu/new_window.png	5b926de16350fb24d3966359e73dee97eea3ea04	549	icon	NO-RESOURCE-LOCAL-LICENSE-EVIDENCE
icons/menu/new_window@2x.png	6003b7f75a4cea66e5c27663cf639e453f0cb0b4	864	icon	NO-RESOURCE-LOCAL-LICENSE-EVIDENCE
icons/menu/new_window@3x.png	873e1817164203980bf95d9640b8cfcdc257a13e	1284	icon	NO-RESOURCE-LOCAL-LICENSE-EVIDENCE
icons/menu/nft_takeoff.png	464d149bdca3a75688cd107c1cfa4db6a3b39b1e	730	icon	NO-RESOURCE-LOCAL-LICENSE-EVIDENCE
icons/menu/nft_takeoff@2x.png	6603a81947ec0cacec82ee5e534ef55c1eb89897	1439	icon	NO-RESOURCE-LOCAL-LICENSE-EVIDENCE
icons/menu/nft_takeoff@3x.png	bd0d91eaf9e5aed12bbbb9f38b5d00f4e97fd28f	2025	icon	NO-RESOURCE-LOCAL-LICENSE-EVIDENCE
icons/menu/nft_wear.png	868711c1b7bd466566de7c3d18196de05868da11	716	icon	NO-RESOURCE-LOCAL-LICENSE-EVIDENCE
icons/menu/nft_wear@2x.png	d94838dbef3d252060804a575726bc1d119cd39e	1482	icon	NO-RESOURCE-LOCAL-LICENSE-EVIDENCE
icons/menu/nft_wear@3x.png	35545df8963d06c52556a10d577c8e1b6ec453c7	2176	icon	NO-RESOURCE-LOCAL-LICENSE-EVIDENCE
icons/menu/night_mode.png	531195e736bb99a2e4729cb1fcde1badb1fd74c2	656	icon	NO-RESOURCE-LOCAL-LICENSE-EVIDENCE
icons/menu/night_mode@2x.png	1742270a361a72d7f56a1bca57a294b582d43239	1261	icon	NO-RESOURCE-LOCAL-LICENSE-EVIDENCE
icons/menu/night_mode@3x.png	601217161b8112e614ec4d8a97f0c0b5526032d4	1834	icon	NO-RESOURCE-LOCAL-LICENSE-EVIDENCE
icons/menu/order_date.png	c5c1391e4d85a09ed51989d6643435a27133c923	585	icon	NO-RESOURCE-LOCAL-LICENSE-EVIDENCE
icons/menu/order_date@2x.png	60e5f56da388e63d4e7d4ec8b03d3ddfcadd5f68	1015	icon	NO-RESOURCE-LOCAL-LICENSE-EVIDENCE
icons/menu/order_date@3x.png	9efac756f4d1dd59d5e6b598e608e570f771172c	1406	icon	NO-RESOURCE-LOCAL-LICENSE-EVIDENCE
icons/menu/order_number.png	1771ee9f71bc5a6957a8ab5e4b764fa6fbb26114	680	icon	NO-RESOURCE-LOCAL-LICENSE-EVIDENCE
icons/menu/order_number@2x.png	3cd11faad9afb1e3601ba47d2fb57e0be639c8ff	1266	icon	NO-RESOURCE-LOCAL-LICENSE-EVIDENCE
icons/menu/order_number@3x.png	a779b671310ee4e35a1fbbd6dc8fdda1108ede4f	1785	icon	NO-RESOURCE-LOCAL-LICENSE-EVIDENCE
icons/menu/order_price.png	56f780814ec51a0f10c71e2793bfb04f9aa5592e	813	icon	NO-RESOURCE-LOCAL-LICENSE-EVIDENCE
icons/menu/order_price@2x.png	ff726b8866196f50b7776111b24e04a03d444ce6	1622	icon	NO-RESOURCE-LOCAL-LICENSE-EVIDENCE
icons/menu/order_price@3x.png	f0e4c871228165b340bbf22243f660cea7987332	2349	icon	NO-RESOURCE-LOCAL-LICENSE-EVIDENCE
icons/menu/palette.png	8290421259d3359e0d25a8508c16bc23b3a3e3be	750	icon	NO-RESOURCE-LOCAL-LICENSE-EVIDENCE
icons/menu/palette@2x.png	1d47fbe4cec37679d52293412348c7cbda9d6d8a	1424	icon	NO-RESOURCE-LOCAL-LICENSE-EVIDENCE
icons/menu/palette@3x.png	8f5ce351e9d3d8a2c8f46552ac53bbdf90b87a83	2106	icon	NO-RESOURCE-LOCAL-LICENSE-EVIDENCE
icons/menu/passcode_finger.png	ee267f708913533de52430b6ad43beb170d9e187	911	icon	NO-RESOURCE-LOCAL-LICENSE-EVIDENCE
icons/menu/passcode_finger@2x.png	a0a34240bfb0ebe7578aab0d18206289a7a2e7c2	1867	icon	NO-RESOURCE-LOCAL-LICENSE-EVIDENCE
icons/menu/passcode_finger@3x.png	291fc8eaff15153de56f6f98e6dc240e1e9f888b	2736	icon	NO-RESOURCE-LOCAL-LICENSE-EVIDENCE
icons/menu/passcode_watch.png	161da4e870802ecd30683d3a25f6bc47ca7482ba	438	icon	NO-RESOURCE-LOCAL-LICENSE-EVIDENCE
icons/menu/passcode_watch@2x.png	516e313b7f5d145c4a12d99e2221860d122968c2	631	icon	NO-RESOURCE-LOCAL-LICENSE-EVIDENCE
icons/menu/passcode_watch@3x.png	2b5f71f725d7bef72725ae4810525fe53582e542	886	icon	NO-RESOURCE-LOCAL-LICENSE-EVIDENCE
icons/menu/passcode_winhello.png	e3effa23a67a58734a3ff74cecdd45f7eef221f9	454	icon	NO-RESOURCE-LOCAL-LICENSE-EVIDENCE
icons/menu/passcode_winhello@2x.png	32bc819f5fa5844350a05c8d293bc4c16791d98e	772	icon	NO-RESOURCE-LOCAL-LICENSE-EVIDENCE
icons/menu/passcode_winhello@3x.png	6ac7445c185bb49dc58a1d560fa8a9805d86b179	1135	icon	NO-RESOURCE-LOCAL-LICENSE-EVIDENCE
icons/menu/payment_address.png	a7cc0eb69f039d011f81cb271ee5ff4ab2385788	584	icon	NO-RESOURCE-LOCAL-LICENSE-EVIDENCE
icons/menu/payment_address@2x.png	12daa492c6589410c131b693504ffe0f50c43044	1195	icon	NO-RESOURCE-LOCAL-LICENSE-EVIDENCE
icons/menu/payment_address@3x.png	3172912c685a79d6efc975c7b8a6ed8a6dfdd656	1834	icon	NO-RESOURCE-LOCAL-LICENSE-EVIDENCE
icons/menu/payment_email.png	5a1c5886335ef2a20ce8b3f83c09cde985f0bcea	757	icon	NO-RESOURCE-LOCAL-LICENSE-EVIDENCE
icons/menu/payment_email@2x.png	a8af89a41e31ea3a387669df22bd6c9035dc012d	1461	icon	NO-RESOURCE-LOCAL-LICENSE-EVIDENCE
icons/menu/payment_email@3x.png	b47586e27554598c283cf4f5897fb267ed64cea7	2254	icon	NO-RESOURCE-LOCAL-LICENSE-EVIDENCE
icons/menu/pending_requests.svg	bbe39fc0e994c0613cf51c80ef1e0a7eae0dbf42	4260	icon	NO-RESOURCE-LOCAL-LICENSE-EVIDENCE
icons/menu/permissions.png	47ca33fa17204b55de9ad60d964efe28c621fe5b	676	icon	NO-RESOURCE-LOCAL-LICENSE-EVIDENCE
icons/menu/permissions@2x.png	e7520e77b3206a0f700891fb9fc6026db5e16525	1280	icon	NO-RESOURCE-LOCAL-LICENSE-EVIDENCE
icons/menu/permissions@3x.png	cf92707d06f8f8013a901012456c34e33e195695	1876	icon	NO-RESOURCE-LOCAL-LICENSE-EVIDENCE
icons/menu/personal.png	a06200b21a1b27c8f30858e8570e1677be38bf80	599	icon	NO-RESOURCE-LOCAL-LICENSE-EVIDENCE
icons/menu/personal@2x.png	351a04cdaa6da34ec992e1661dbb82b489e6c5dd	1068	icon	NO-RESOURCE-LOCAL-LICENSE-EVIDENCE
icons/menu/personal@3x.png	e6b502a712aee402e56feb2cd987b6259cc86929	1598	icon	NO-RESOURCE-LOCAL-LICENSE-EVIDENCE
icons/menu/phone.png	d059c8e9a0879a37aa95817b7d2d18ce82e6fdb2	676	icon	NO-RESOURCE-LOCAL-LICENSE-EVIDENCE
icons/menu/phone@2x.png	920fc33b49ae51d0fdde26ce4d0cbd402326051a	1291	icon	NO-RESOURCE-LOCAL-LICENSE-EVIDENCE
icons/menu/phone@3x.png	853e7e11ace4bbb1f5af6442447537ccef0c726a	1914	icon	NO-RESOURCE-LOCAL-LICENSE-EVIDENCE
icons/menu/photo_set.png	d96cdb0ecd1d62bd151f69cb17602c5285ddfa20	722	icon	NO-RESOURCE-LOCAL-LICENSE-EVIDENCE
icons/menu/photo_set@2x.png	dd6989d167fb2e99668f14df9ce837f24ccb817f	1198	icon	NO-RESOURCE-LOCAL-LICENSE-EVIDENCE
icons/menu/photo_set@3x.png	46dd9aa59c2877901d3771e86bfe9ec6c8411fdd	1848	icon	NO-RESOURCE-LOCAL-LICENSE-EVIDENCE
icons/menu/photo_suggest.png	a62bbd8024171bd634643d1e255d43de8fa93ad0	768	icon	NO-RESOURCE-LOCAL-LICENSE-EVIDENCE
icons/menu/photo_suggest@2x.png	e18e19cc00dffe6a1b73596fa35ffb957b2f56c9	1527	icon	NO-RESOURCE-LOCAL-LICENSE-EVIDENCE
icons/menu/photo_suggest@3x.png	3fed795851f7c6c8ab6b8fe4ff7ec1d2713e9683	2201	icon	NO-RESOURCE-LOCAL-LICENSE-EVIDENCE
icons/menu/pin.png	d08c95ba07678d03920e2409858e6d2866cbf292	523	icon	NO-RESOURCE-LOCAL-LICENSE-EVIDENCE
icons/menu/pin@2x.png	8ab09978198e4ebd8576762c0ed8a25d3bdd2fe5	942	icon	NO-RESOURCE-LOCAL-LICENSE-EVIDENCE
icons/menu/pin@3x.png	78817f9bb3c5b00d5a9d06ffe2edcbe84d90c244	1197	icon	NO-RESOURCE-LOCAL-LICENSE-EVIDENCE
icons/menu/porn.png	e281318406f21376c201ad7b39d21c9c87e44adf	632	icon	NO-RESOURCE-LOCAL-LICENSE-EVIDENCE
icons/menu/porn@2x.png	9c90ad7dd7a0a5f5530e7f6fda42bd5c3cce6dd6	1235	icon	NO-RESOURCE-LOCAL-LICENSE-EVIDENCE
icons/menu/porn@3x.png	cbf82e2ccf71ab2f0cf8d17bbcdbda375939ed08	1850	icon	NO-RESOURCE-LOCAL-LICENSE-EVIDENCE
icons/menu/power_usage.png	a6a8015c66fe139d10b17ce709d4465e0079cb18	511	icon	NO-RESOURCE-LOCAL-LICENSE-EVIDENCE
icons/menu/power_usage@2x.png	cf2e46f6cb8cb6cebd7a1fd6e27ce54c8181a9f9	902	icon	NO-RESOURCE-LOCAL-LICENSE-EVIDENCE
icons/menu/power_usage@3x.png	cb81ed700dc2843e7897dcb96daf0bcaaeb01831	1227	icon	NO-RESOURCE-LOCAL-LICENSE-EVIDENCE
icons/menu/premium.png	56e0e0e94905ee2ba207343847721d6c8ed9667f	687	icon	NO-RESOURCE-LOCAL-LICENSE-EVIDENCE
icons/menu/premium@2x.png	64913421b526d2d26305a7590bca6577a3defd1e	1416	icon	NO-RESOURCE-LOCAL-LICENSE-EVIDENCE
icons/menu/premium@3x.png	0ba0e8b9fc51a9573a1d25309aeeeafe120029d2	2145	icon	NO-RESOURCE-LOCAL-LICENSE-EVIDENCE
icons/menu/profile.png	99861b419c3ef81f6b8ade583935df847ea3f3aa	602	icon	NO-RESOURCE-LOCAL-LICENSE-EVIDENCE
icons/menu/profile@2x.png	14faac7683f2cafa71ee93f00d76efa4a451c56b	1306	icon	NO-RESOURCE-LOCAL-LICENSE-EVIDENCE
icons/menu/profile@3x.png	f760db92b79e12bd5f38308fa60261afd5b14a45	1961	icon	NO-RESOURCE-LOCAL-LICENSE-EVIDENCE
icons/menu/qr_code.png	867d86e507f6b21d1210c531598b93c5e2ffe423	641	icon	NO-RESOURCE-LOCAL-LICENSE-EVIDENCE
icons/menu/qr_code@2x.png	c6ca5db52657ed70f7ec9365e8ba0d4f6d303e96	1043	icon	NO-RESOURCE-LOCAL-LICENSE-EVIDENCE
icons/menu/qr_code@3x.png	b6bc8a98f26a035c9038fb22cdd14ad982bf8b62	1456	icon	NO-RESOURCE-LOCAL-LICENSE-EVIDENCE
icons/menu/quality_hd.svg	1d4378221f0d44c93cc1236ac2ecdc858d9003ac	1260	icon	NO-RESOURCE-LOCAL-LICENSE-EVIDENCE
icons/menu/rating_gifts.svg	ed3aa9d4b1d9ff6016b2fd043a4d49dda3fed813	2711	icon	NO-RESOURCE-LOCAL-LICENSE-EVIDENCE
icons/menu/rating_refund.svg	05434da66a2cda725c36e2c984a4e0f376d83f38	3708	icon	NO-RESOURCE-LOCAL-LICENSE-EVIDENCE
icons/menu/read.png	a1538ee45c32d3091b42f0bac5e466caa394f185	756	icon	NO-RESOURCE-LOCAL-LICENSE-EVIDENCE
icons/menu/read@2x.png	fed58a58642dbf36abc5686fed8e074d8e9b5ef3	1464	icon	NO-RESOURCE-LOCAL-LICENSE-EVIDENCE
icons/menu/read@3x.png	418b9c82b764d4134586e8cecd73d9a9397942fb	2172	icon	NO-RESOURCE-LOCAL-LICENSE-EVIDENCE
icons/menu/read_audio.png	487af35fee26a905a2d8519ef1adaf7a7f6a002a	520	icon	NO-RESOURCE-LOCAL-LICENSE-EVIDENCE
icons/menu/read_audio@2x.png	2b0673dec02af0280a9dd4d8b79be2d3821ba68f	1025	icon	NO-RESOURCE-LOCAL-LICENSE-EVIDENCE
icons/menu/read_audio@3x.png	f3b35e1af7381a6efe9513c8372b18763490518e	1527	icon	NO-RESOURCE-LOCAL-LICENSE-EVIDENCE
icons/menu/read_react_s.png	8bc3791076c87f99eb6c2884bddd82e9e9540d65	427	icon	NO-RESOURCE-LOCAL-LICENSE-EVIDENCE
icons/menu/read_react_s@2x.png	6faa7707b488f628aea5f8901f1f8ec5cb834670	770	icon	NO-RESOURCE-LOCAL-LICENSE-EVIDENCE
icons/menu/read_react_s@3x.png	1be7ec033b6a8290f0f96d1a0f92e5bfdb0b1a24	1200	icon	NO-RESOURCE-LOCAL-LICENSE-EVIDENCE
icons/menu/read_reactions.png	639b5fde6eb5a9c963b95ef78fa7ddccdc4cea04	780	icon	NO-RESOURCE-LOCAL-LICENSE-EVIDENCE
icons/menu/read_reactions@2x.png	2c514e64bf0e9186487615e15a3309366e9a099e	1588	icon	NO-RESOURCE-LOCAL-LICENSE-EVIDENCE
icons/menu/read_reactions@3x.png	b350b5cd14d435287da8bfae3e1eee2968ceea3b	2259	icon	NO-RESOURCE-LOCAL-LICENSE-EVIDENCE
icons/menu/read_ticks.png	af0709d546db96297427d7e1f15e19e7a9ce6025	414	icon	NO-RESOURCE-LOCAL-LICENSE-EVIDENCE
icons/menu/read_ticks@2x.png	edea7820ef64c6f84daf0d898b03e72f6ec5b675	812	icon	NO-RESOURCE-LOCAL-LICENSE-EVIDENCE
icons/menu/read_ticks@3x.png	1e90e9d289debf604079bc5def10280854c34df5	1125	icon	NO-RESOURCE-LOCAL-LICENSE-EVIDENCE
icons/menu/read_ticks_s.png	7482108a6672ce14b00f50bcacd46debaf5913d0	348	icon	NO-RESOURCE-LOCAL-LICENSE-EVIDENCE
icons/menu/read_ticks_s@2x.png	2566c99cb302d63c399c9491f36b874751e479b0	695	icon	NO-RESOURCE-LOCAL-LICENSE-EVIDENCE
icons/menu/read_ticks_s@3x.png	cf5d9d82b51ed6db24642b021f32e76709344fc3	1008	icon	NO-RESOURCE-LOCAL-LICENSE-EVIDENCE
icons/menu/recovery_email.png	a9d149fed2905b951987a59045dc16d7527210d8	508	icon	NO-RESOURCE-LOCAL-LICENSE-EVIDENCE
icons/menu/recovery_email@2x.png	dd378b84681a5cc27236c91a26e0e7629c20ab7c	734	icon	NO-RESOURCE-LOCAL-LICENSE-EVIDENCE
icons/menu/recovery_email@3x.png	1372dd22cd3ba51100ed356d8912dae1f4cec9f8	1185	icon	NO-RESOURCE-LOCAL-LICENSE-EVIDENCE
icons/menu/remove.png	e8c9534cde412f43878f9ed9efef9c45c893b46b	516	icon	NO-RESOURCE-LOCAL-LICENSE-EVIDENCE
icons/menu/remove@2x.png	b064e3efeba522b84d08b3a70de077c6d26d4826	823	icon	NO-RESOURCE-LOCAL-LICENSE-EVIDENCE
icons/menu/remove@3x.png	90b1b337d0deeb891fb5f85e6dae2c176477be9c	1271	icon	NO-RESOURCE-LOCAL-LICENSE-EVIDENCE
icons/menu/removed_users.svg	224f85694a1e37823ab67095107e8abc1e593e62	2094	icon	NO-RESOURCE-LOCAL-LICENSE-EVIDENCE
icons/menu/reorder.svg	93139b367e1b7b027cfd6671aa3e8e17933e6369	3278	icon	NO-RESOURCE-LOCAL-LICENSE-EVIDENCE
icons/menu/reply.png	a40619d2e9b16de999437b5601cdcbf4b80364ca	599	icon	NO-RESOURCE-LOCAL-LICENSE-EVIDENCE
icons/menu/reply@2x.png	8ea749d737087a88d73f59ea8970ef128dd32a35	1179	icon	NO-RESOURCE-LOCAL-LICENSE-EVIDENCE
icons/menu/reply@3x.png	04c83d47f9aa6b252f26fd66d91c435b9169fb46	1784	icon	NO-RESOURCE-LOCAL-LICENSE-EVIDENCE
icons/menu/report.png	16c2833fcd1e73b90290899af9d8ed5148ec093d	518	icon	NO-RESOURCE-LOCAL-LICENSE-EVIDENCE
icons/menu/report@2x.png	0f4178c61b5dfe3ff2f01e44462ecbd27a7059f7	913	icon	NO-RESOURCE-LOCAL-LICENSE-EVIDENCE
icons/menu/report@3x.png	2ffed6fdb0fb42176f551da19f4d5a1f9e71b2a6	1444	icon	NO-RESOURCE-LOCAL-LICENSE-EVIDENCE
icons/menu/reschedule.png	84e3fb28cf00890130a8eb30638d996fd4232b72	679	icon	NO-RESOURCE-LOCAL-LICENSE-EVIDENCE
icons/menu/reschedule@2x.png	382e23b8c66269d7256b9db906b720aa7a8e23d3	1292	icon	NO-RESOURCE-LOCAL-LICENSE-EVIDENCE
icons/menu/reschedule@3x.png	dde3223b03fe84f32ab3a0658a57007d25198fb7	1824	icon	NO-RESOURCE-LOCAL-LICENSE-EVIDENCE
icons/menu/restart_bot.png	c0e519dbbc7bb1b646cc13ca2d8d68bc92029b3d	735	icon	NO-RESOURCE-LOCAL-LICENSE-EVIDENCE
icons/menu/restart_bot@2x.png	77fc7c146b8401e0a5a08a1592f6cef20648d111	1431	icon	NO-RESOURCE-LOCAL-LICENSE-EVIDENCE
icons/menu/restart_bot@3x.png	62a2a93e6df59e7506e084c990a7d3a9337984b2	1999	icon	NO-RESOURCE-LOCAL-LICENSE-EVIDENCE
icons/menu/restore.png	9845be464c8cfd53d5650d9c717d228fdbedefc3	553	icon	NO-RESOURCE-LOCAL-LICENSE-EVIDENCE
icons/menu/restore@2x.png	5c70d551c9e595d7ecde7e2616d7da03cc5cf071	994	icon	NO-RESOURCE-LOCAL-LICENSE-EVIDENCE
icons/menu/restore@3x.png	61f68ace66ecf15bd0779c137b7cec1e0cd3fce8	1437	icon	NO-RESOURCE-LOCAL-LICENSE-EVIDENCE
icons/menu/retract_vote.png	066a2687ae0472f175eeb7d2b344a9ea39e46874	720	icon	NO-RESOURCE-LOCAL-LICENSE-EVIDENCE
icons/menu/retract_vote@2x.png	f39eb3eae68f60e71ec7870bbf9d74c2c8bbd7bd	1332	icon	NO-RESOURCE-LOCAL-LICENSE-EVIDENCE
icons/menu/retract_vote@3x.png	443fea7fa391de00642359d3bf65c7db921d22a7	2033	icon	NO-RESOURCE-LOCAL-LICENSE-EVIDENCE
icons/menu/rich/align_bottom.svg	a5f0527fbaee6e3a2456369c69fe7b959e3d6a32	970	icon	NO-RESOURCE-LOCAL-LICENSE-EVIDENCE
icons/menu/rich/align_center.svg	c6d914a334c6961edeb8fbf9fc99c4ad8ab25393	1068	icon	NO-RESOURCE-LOCAL-LICENSE-EVIDENCE
icons/menu/rich/align_left.svg	0a982d7c3a75e4c16abe714306889e921e2dea91	996	icon	NO-RESOURCE-LOCAL-LICENSE-EVIDENCE
icons/menu/rich/align_middle.svg	2135079e54dd90bc994a5ae9110244f886d92a76	1237	icon	NO-RESOURCE-LOCAL-LICENSE-EVIDENCE
icons/menu/rich/align_right.svg	947b0e9c0dabd5137ac985462f7cb18893907c41	978	icon	NO-RESOURCE-LOCAL-LICENSE-EVIDENCE
icons/menu/rich/align_stretch.svg	250ccb7eeea509afc74932ac7deaf07953b06711	1159	icon	NO-RESOURCE-LOCAL-LICENSE-EVIDENCE
icons/menu/rich/align_top.svg	d68ea7352c912e424694be2efc542a374d23512e	964	icon	NO-RESOURCE-LOCAL-LICENSE-EVIDENCE
icons/menu/rich/attach.svg	ddc61aec6cd3915735668432b0c0f193e11b0100	1797	icon	NO-RESOURCE-LOCAL-LICENSE-EVIDENCE
icons/menu/rich/audio.svg	dcaa3137f27970928286199119ce072e8c0d3a8a	1280	icon	NO-RESOURCE-LOCAL-LICENSE-EVIDENCE
icons/menu/rich/blockquote.svg	199f120b0f05b5e916e30ffe015f50eb1e98f560	2371	icon	NO-RESOURCE-LOCAL-LICENSE-EVIDENCE
icons/menu/rich/bold.svg	d59339a98c27bae9f676075e6ae6c0d2a54af108	1618	icon	NO-RESOURCE-LOCAL-LICENSE-EVIDENCE
icons/menu/rich/bullet_list.svg	ccda72e5f3cf9808f87adb6330d18ae31cd91b1f	1083	icon	NO-RESOURCE-LOCAL-LICENSE-EVIDENCE
icons/menu/rich/button.svg	0d76b4a57d3087d30efa5a4e71f4ac8ba887cfcd	1273	icon	NO-RESOURCE-LOCAL-LICENSE-EVIDENCE
icons/menu/rich/cancel.svg	f6f1510c73794512fa1effc8fc9c6877e531eca4	1097	icon	NO-RESOURCE-LOCAL-LICENSE-EVIDENCE
icons/menu/rich/code.svg	38e725341d927747cc0a95684369c3a2a377c5fc	1602	icon	NO-RESOURCE-LOCAL-LICENSE-EVIDENCE
icons/menu/rich/details.svg	d6ab32b4ee50f843725262e815d4c88d5b2e2568	1217	icon	NO-RESOURCE-LOCAL-LICENSE-EVIDENCE
icons/menu/rich/discard.svg	92bb3d9a77c8df644bf87e680b02db76721b898e	2385	icon	NO-RESOURCE-LOCAL-LICENSE-EVIDENCE
icons/menu/rich/divider.svg	ee23a0265df93273012c07990a176f21749b2a82	576	icon	NO-RESOURCE-LOCAL-LICENSE-EVIDENCE
icons/menu/rich/emoji.svg	cb75db4ee7a392e44d095d49223474ecdeb5aa80	1794	icon	NO-RESOURCE-LOCAL-LICENSE-EVIDENCE
icons/menu/rich/expand.svg	7e8ef898ec6fe3df0711f80be751ac532e43e5f3	2027	icon	NO-RESOURCE-LOCAL-LICENSE-EVIDENCE
icons/menu/rich/footer.svg	8b03dfbc1c4f36f432e980764c1cf11f9007e423	1057	icon	NO-RESOURCE-LOCAL-LICENSE-EVIDENCE
icons/menu/rich/heading.svg	ad5b7740bed06f0632b4f626f1b60cf2985829a2	2896	icon	NO-RESOURCE-LOCAL-LICENSE-EVIDENCE
icons/menu/rich/heading1.svg	350bcc8af40ca6265317146823c4fa488e8ff4cc	3351	icon	NO-RESOURCE-LOCAL-LICENSE-EVIDENCE
icons/menu/rich/heading2.svg	bbd31702c890333106f7885d3ebc8159c1d04e70	3685	icon	NO-RESOURCE-LOCAL-LICENSE-EVIDENCE
icons/menu/rich/heading3.svg	678b93e342618da3d8359f5e631f09f95a3a74f0	5047	icon	NO-RESOURCE-LOCAL-LICENSE-EVIDENCE
icons/menu/rich/heading4.svg	11cb7f4dbd15bccf857e71cacd35704e8f95d49b	3589	icon	NO-RESOURCE-LOCAL-LICENSE-EVIDENCE
icons/menu/rich/heading5.svg	c1a38d5d291a34f3327b4824655a309a441dc78d	4246	icon	NO-RESOURCE-LOCAL-LICENSE-EVIDENCE
icons/menu/rich/heading6.svg	4fb8148f02b17abbeb738c7af71cad9022b385e2	4473	icon	NO-RESOURCE-LOCAL-LICENSE-EVIDENCE
icons/menu/rich/italic.svg	b9051d3263ae9e4f3f52d34a54c3c1e5fb59ef17	1649	icon	NO-RESOURCE-LOCAL-LICENSE-EVIDENCE
icons/menu/rich/link.svg	455e51637c08c87f5e76f96d98bb47844f049888	2016	icon	NO-RESOURCE-LOCAL-LICENSE-EVIDENCE
icons/menu/rich/location.svg	1793b747da3d730169fcd74be8177f373da1d36f	1283	icon	NO-RESOURCE-LOCAL-LICENSE-EVIDENCE
icons/menu/rich/marked.svg	eba4f17e660e0ecdc331c18465b89a219a844dce	1612	icon	NO-RESOURCE-LOCAL-LICENSE-EVIDENCE
icons/menu/rich/math.svg	85ec716558d46e954712f316a999f454c6c64cf5	1716	icon	NO-RESOURCE-LOCAL-LICENSE-EVIDENCE
icons/menu/rich/media_add.svg	126d093e3355d5473e346e7737dc3802ad53f60d	985	icon	NO-RESOURCE-LOCAL-LICENSE-EVIDENCE
icons/menu/rich/ordered_list.svg	a8a3a973a91f7a66b4faf0c9dfc7c1491e3d2fa9	2439	icon	NO-RESOURCE-LOCAL-LICENSE-EVIDENCE
icons/menu/rich/page_numbered1.svg	02a6ae2c9c22a64b2bbd2eca40dad55301782112	3025	icon	NO-RESOURCE-LOCAL-LICENSE-EVIDENCE
icons/menu/rich/page_numbered2.svg	5ef0163cbac97bc598605028ac110df5601f0508	2638	icon	NO-RESOURCE-LOCAL-LICENSE-EVIDENCE
icons/menu/rich/page_numbered3.svg	302d5d4f37d342cb5c625884fa3c1fc98fb2154d	2659	icon	NO-RESOURCE-LOCAL-LICENSE-EVIDENCE
icons/menu/rich/page_numbered4.svg	9e46eec69cf03a87549b4e542c01a7be3f373e16	7642	icon	NO-RESOURCE-LOCAL-LICENSE-EVIDENCE
icons/menu/rich/plain_text.svg	35f4a28df0402048bae3048fcd8f3dae1a6ca0b7	1786	icon	NO-RESOURCE-LOCAL-LICENSE-EVIDENCE
icons/menu/rich/pullquote.svg	85389695cc776041973fb39f2c6ca1b096ba22db	2211	icon	NO-RESOURCE-LOCAL-LICENSE-EVIDENCE
icons/menu/rich/save.svg	4a616941cea3286addfb56c520079a69f98d2a50	829	icon	NO-RESOURCE-LOCAL-LICENSE-EVIDENCE
icons/menu/rich/send.svg	e2409c82d477944066726f0fd32ec2ff7db2db97	1702	icon	NO-RESOURCE-LOCAL-LICENSE-EVIDENCE
icons/menu/rich/spoiler.svg	2f3de39eb05bc83c9865f903a48c3b719b9923f2	3694	icon	NO-RESOURCE-LOCAL-LICENSE-EVIDENCE
icons/menu/rich/strikeout.svg	a530410275aaa28c7e7b86a4f8cfda9447eedc2f	1967	icon	NO-RESOURCE-LOCAL-LICENSE-EVIDENCE
icons/menu/rich/subscript.svg	2c857109928835e49c1fb03e44f44bb0ca576f64	2362	icon	NO-RESOURCE-LOCAL-LICENSE-EVIDENCE
icons/menu/rich/superscript.svg	aca900b6d29077debebc11ed23787ca83f5d0530	2341	icon	NO-RESOURCE-LOCAL-LICENSE-EVIDENCE
icons/menu/rich/table.svg	d3115d50b2667c5278b423e7bc34517704f09284	1351	icon	NO-RESOURCE-LOCAL-LICENSE-EVIDENCE
icons/menu/rich/table_add_cells.svg	3f122669fd3c0ba93e238a9398018e199080fe2f	1702	icon	NO-RESOURCE-LOCAL-LICENSE-EVIDENCE
icons/menu/rich/table_add_column_left.svg	09702bf605182f5ad4ac130851e99f0e474932ab	2044	icon	NO-RESOURCE-LOCAL-LICENSE-EVIDENCE
icons/menu/rich/table_add_column_right.svg	cb5e66b31c2d1e5309c961b965910ca55d13d4cb	1954	icon	NO-RESOURCE-LOCAL-LICENSE-EVIDENCE
icons/menu/rich/table_add_row_above.svg	cb5e5e8f50f48c6eec644edb4392cab08eb73ed7	1967	icon	NO-RESOURCE-LOCAL-LICENSE-EVIDENCE
icons/menu/rich/table_add_row_below.svg	0d9602562a63f7ede0880722c040f098a29b3b78	1994	icon	NO-RESOURCE-LOCAL-LICENSE-EVIDENCE
icons/menu/rich/table_alignment.svg	e9fb2f8724db460a1cac667952dbfe07dd516f12	1042	icon	NO-RESOURCE-LOCAL-LICENSE-EVIDENCE
icons/menu/rich/table_borderless.svg	758cb45e82ae8231b3075014a179a6b38bd5eb8b	1276	icon	NO-RESOURCE-LOCAL-LICENSE-EVIDENCE
icons/menu/rich/table_compact.svg	8033c66d4295abcddcae3635b7857e4642e764b7	1753	icon	NO-RESOURCE-LOCAL-LICENSE-EVIDENCE
icons/menu/rich/table_delete_cells.svg	bdf4ce25ffc5f176b711b3242d9c1840cc489207	1774	icon	NO-RESOURCE-LOCAL-LICENSE-EVIDENCE
icons/menu/rich/table_delete_column.svg	36708c096ecd629208e5cd71adc091640c81531b	1660	icon	NO-RESOURCE-LOCAL-LICENSE-EVIDENCE
icons/menu/rich/table_delete_row.svg	bae5f1f1a8b0f5615aaa7295fe7a3e03b90d2996	1712	icon	NO-RESOURCE-LOCAL-LICENSE-EVIDENCE
icons/menu/rich/table_highlight.svg	8e5b519df81e70cead98437c2a6735fd0d6ea164	1791	icon	NO-RESOURCE-LOCAL-LICENSE-EVIDENCE
icons/menu/rich/table_highlight_off.svg	81ad68c1cb7485a23b0743625bcd29b22d800af0	2789	icon	NO-RESOURCE-LOCAL-LICENSE-EVIDENCE
icons/menu/rich/table_merge.svg	b467b524ca7bf80440c3fae887a909595dd18e2e	2332	icon	NO-RESOURCE-LOCAL-LICENSE-EVIDENCE
icons/menu/rich/table_split.svg	d9c2c6c06efe0ee211d0e657c093a03d0a7b4146	2578	icon	NO-RESOURCE-LOCAL-LICENSE-EVIDENCE
icons/menu/rich/table_striped.svg	5cb4289e707168c292eed12262715a208641a362	1382	icon	NO-RESOURCE-LOCAL-LICENSE-EVIDENCE
icons/menu/rich/task_checked.svg	675a04324cdb020fa59163af896131b28eb0bb9c	744	icon	NO-RESOURCE-LOCAL-LICENSE-EVIDENCE
icons/menu/rich/task_list.svg	651ec7be5f8242754ee52d35ba22d6e6ffe6d045	1675	icon	NO-RESOURCE-LOCAL-LICENSE-EVIDENCE
icons/menu/rich/task_unchecked.svg	b6e5fd93906945ffccd6184fd8999fd169186d6d	275	icon	NO-RESOURCE-LOCAL-LICENSE-EVIDENCE
icons/menu/rich/text_style.svg	d61a3c9d0aeeb037ea6b775dcdce485bf5e5afba	3880	icon	NO-RESOURCE-LOCAL-LICENSE-EVIDENCE
icons/menu/rich/to_collage.svg	cd9852abe40fedd4c41774ad64877ce0f0b1353c	966	icon	NO-RESOURCE-LOCAL-LICENSE-EVIDENCE
icons/menu/rich/to_slideshow.svg	d591301f3cf468b03af0a4c36e918c88fbc1d356	1496	icon	NO-RESOURCE-LOCAL-LICENSE-EVIDENCE
icons/menu/rich/underline.svg	6eafa6da0fc88a54e555cefe5fd4ecc7a3e6989d	2246	icon	NO-RESOURCE-LOCAL-LICENSE-EVIDENCE
icons/menu/save_image.png	674f8f99d92ef8710842455de747e888d6004074	646	icon	NO-RESOURCE-LOCAL-LICENSE-EVIDENCE
icons/menu/save_image@2x.png	3b18135c2d243658ecdedaeb0a444d8045876d48	1206	icon	NO-RESOURCE-LOCAL-LICENSE-EVIDENCE
icons/menu/save_image@3x.png	b48252f4eeb80f93ee97e2bde2163f023549772b	1722	icon	NO-RESOURCE-LOCAL-LICENSE-EVIDENCE
icons/menu/saved_messages.png	3b8ba1eb7e084458e9598f0afbecf8dc3c34ad6e	469	icon	NO-RESOURCE-LOCAL-LICENSE-EVIDENCE
icons/menu/saved_messages@2x.png	b89a0923115d5af330f366328cce81904c3f9a25	758	icon	NO-RESOURCE-LOCAL-LICENSE-EVIDENCE
icons/menu/saved_messages@3x.png	6fa7627de4c722a75e51ddfe45ee702c2a9fd117	1076	icon	NO-RESOURCE-LOCAL-LICENSE-EVIDENCE
icons/menu/search.png	749f66a845b78993a2f06f5f1d090f99e6b50584	544	icon	NO-RESOURCE-LOCAL-LICENSE-EVIDENCE
icons/menu/search@2x.png	fd31430a28aae5d021cfd0054737b55e29e95eb0	1029	icon	NO-RESOURCE-LOCAL-LICENSE-EVIDENCE
icons/menu/search@3x.png	586d54dca0b132316a0fe6858c8d19573b8c1eb5	1448	icon	NO-RESOURCE-LOCAL-LICENSE-EVIDENCE
icons/menu/search_check.svg	b5e6fa0dd2bd9d5b13351d4e1f5c60278e61b52e	1488	icon	NO-RESOURCE-LOCAL-LICENSE-EVIDENCE
icons/menu/select.png	0aa7863e1ddf04444f2d2599a676b3e36399b54d	562	icon	NO-RESOURCE-LOCAL-LICENSE-EVIDENCE
icons/menu/select@2x.png	3d5b7f52ed0698e424c0d272fca760c47243214c	940	icon	NO-RESOURCE-LOCAL-LICENSE-EVIDENCE
icons/menu/select@3x.png	f63a25b390df503ad23fb3a980cb2f6925934488	1467	icon	NO-RESOURCE-LOCAL-LICENSE-EVIDENCE
icons/menu/send.png	2c3baee3e4b10994668d637c7827ba26a5501350	657	icon	NO-RESOURCE-LOCAL-LICENSE-EVIDENCE
icons/menu/send@2x.png	b59c1b53389dd9696ee84c93bd48e2f91f00231d	1200	icon	NO-RESOURCE-LOCAL-LICENSE-EVIDENCE
icons/menu/send@3x.png	5c5fadb10ffd1470eccf66fe60b574ce7e8ac2f2	1826	icon	NO-RESOURCE-LOCAL-LICENSE-EVIDENCE
icons/menu/send_when_online.png	b69f19b71a0213679569bbf2776462e87a414c04	609	icon	NO-RESOURCE-LOCAL-LICENSE-EVIDENCE
icons/menu/send_when_online@2x.png	7afff1a92b7878b101adbe08cf2b44b8a05ddd5b	1220	icon	NO-RESOURCE-LOCAL-LICENSE-EVIDENCE
icons/menu/send_when_online@3x.png	61f3b3173a557db731f2cbc615c176dc9f69a725	1819	icon	NO-RESOURCE-LOCAL-LICENSE-EVIDENCE
icons/menu/settings.png	27b0cbcd623e1dea9150ed2dfe56813a64754302	698	icon	NO-RESOURCE-LOCAL-LICENSE-EVIDENCE
icons/menu/settings@2x.png	76e0fbbe4befb934e1f37ac0c4d4c468ac01abdd	1256	icon	NO-RESOURCE-LOCAL-LICENSE-EVIDENCE
icons/menu/settings@3x.png	5135a603e8d2730da6b01384152a71f69e9df44f	2009	icon	NO-RESOURCE-LOCAL-LICENSE-EVIDENCE
icons/menu/share.png	f7556dd4bc0da532b966c184ef8a3f73c7d93828	556	icon	NO-RESOURCE-LOCAL-LICENSE-EVIDENCE
icons/menu/share2.png	23ae02c180756e702995ae983eed1486cc1cafad	624	icon	NO-RESOURCE-LOCAL-LICENSE-EVIDENCE
icons/menu/share2@2x.png	457fa657488e51014af716aa64630d5f46ac22f2	1178	icon	NO-RESOURCE-LOCAL-LICENSE-EVIDENCE
icons/menu/share2@3x.png	22e5b84acb42e2edd76d86bca54d6f01188c544b	1774	icon	NO-RESOURCE-LOCAL-LICENSE-EVIDENCE
icons/menu/share@2x.png	c4917d7e4969a174f4d3cbb825765d6884503f5b	1035	icon	NO-RESOURCE-LOCAL-LICENSE-EVIDENCE
icons/menu/share@3x.png	9956c0129a017bc2deca59f18c7b64ee377a2ac7	1580	icon	NO-RESOURCE-LOCAL-LICENSE-EVIDENCE
icons/menu/share_off.svg	96d32e3bda1171bd71856a6b1928f7c0f71023d0	2825	icon	NO-RESOURCE-LOCAL-LICENSE-EVIDENCE
icons/menu/share_on.svg	bb8edfe99203e3af5a180a36c1fd02b3cab69d95	2793	icon	NO-RESOURCE-LOCAL-LICENSE-EVIDENCE
icons/menu/shop.png	80dfbc6f1cfa20f8e205ccdbac3ac965206afe51	687	icon	NO-RESOURCE-LOCAL-LICENSE-EVIDENCE
icons/menu/shop@2x.png	38625e754df56e214a38f600e25a66b63f7b8930	1239	icon	NO-RESOURCE-LOCAL-LICENSE-EVIDENCE
icons/menu/shop@3x.png	0da0b229c58d68318ac6e55a9db8291a10671d22	1770	icon	NO-RESOURCE-LOCAL-LICENSE-EVIDENCE
icons/menu/shortcut.png	e5e3389e979c58518b2670d725e3065b1bbf91c4	447	icon	NO-RESOURCE-LOCAL-LICENSE-EVIDENCE
icons/menu/shortcut@2x.png	f50a5dc710393189bcd7ffcdcd8500689090c961	671	icon	NO-RESOURCE-LOCAL-LICENSE-EVIDENCE
icons/menu/shortcut@3x.png	5eb87725c6892bae40f9cca9535ba67d568824d6	1004	icon	NO-RESOURCE-LOCAL-LICENSE-EVIDENCE
icons/menu/show_in_chat.png	4d3da0457593b226862b5d9a80aec1d702e40d40	615	icon	NO-RESOURCE-LOCAL-LICENSE-EVIDENCE
icons/menu/show_in_chat@2x.png	fcbd319ced93df1a59936e350d2b59f1c24b381b	1270	icon	NO-RESOURCE-LOCAL-LICENSE-EVIDENCE
icons/menu/show_in_chat@3x.png	61a108d9da4a6a6fc87cc607404b2e3ed8159112	1921	icon	NO-RESOURCE-LOCAL-LICENSE-EVIDENCE
icons/menu/show_in_folder.png	0137c5a2ad8ce3484e86cc0dbc71aa1174d2fa01	465	icon	NO-RESOURCE-LOCAL-LICENSE-EVIDENCE
icons/menu/show_in_folder@2x.png	31bacb2f8add8e02ef0d1045b81d69fccb2a3db2	692	icon	NO-RESOURCE-LOCAL-LICENSE-EVIDENCE
icons/menu/show_in_folder@3x.png	422c4dea65c1ac5d3dba011c83b5321c2f0fbb7e	908	icon	NO-RESOURCE-LOCAL-LICENSE-EVIDENCE
icons/menu/signed.png	ab59a070d4213c59200094294108434c1403cf1d	578	icon	NO-RESOURCE-LOCAL-LICENSE-EVIDENCE
icons/menu/signed@2x.png	e8a3faaf1b9ebe3a1f637b75e7f389e72837df27	1069	icon	NO-RESOURCE-LOCAL-LICENSE-EVIDENCE
icons/menu/signed@3x.png	2a9e1011f005dd8c558503ad3338245871d77a4b	1528	icon	NO-RESOURCE-LOCAL-LICENSE-EVIDENCE
icons/menu/silent.png	16602a7c54b113a23923dd8358c5a05b1076898b	576	icon	NO-RESOURCE-LOCAL-LICENSE-EVIDENCE
icons/menu/silent@2x.png	6d6dabab1a1cfa70d64533d3d09a94f90b1eca22	1007	icon	NO-RESOURCE-LOCAL-LICENSE-EVIDENCE
icons/menu/silent@3x.png	e4f4f943c2b9fcddf5e35fa4f8b2787adc286f90	1445	icon	NO-RESOURCE-LOCAL-LICENSE-EVIDENCE
icons/menu/sound_add.png	f2d02e3d3ae10c48c5ce9de932ee5b534c28ca82	675	icon	NO-RESOURCE-LOCAL-LICENSE-EVIDENCE
icons/menu/sound_add@2x.png	a310c1bd810452f53ec5996faf5ee6f011e9db1b	1254	icon	NO-RESOURCE-LOCAL-LICENSE-EVIDENCE
icons/menu/sound_add@3x.png	736d44807f51eb73f413cf7747de7e30a6c175ce	1853	icon	NO-RESOURCE-LOCAL-LICENSE-EVIDENCE
icons/menu/sound_disable.png	75b6855f6763ad6dd86a53f7ea38f2e50550c16e	748	icon	NO-RESOURCE-LOCAL-LICENSE-EVIDENCE
icons/menu/sound_disable@2x.png	61cd255845ea411fcd9fd2887340b309f37c8f7b	1365	icon	NO-RESOURCE-LOCAL-LICENSE-EVIDENCE
icons/menu/sound_disable@3x.png	72067945814d25ffe850dc66e4bed26ebe5d8cdc	2084	icon	NO-RESOURCE-LOCAL-LICENSE-EVIDENCE
icons/menu/sound_enable.png	ae80664c2016f4f9930030466a09e0113af8efd6	585	icon	NO-RESOURCE-LOCAL-LICENSE-EVIDENCE
icons/menu/sound_enable@2x.png	57f11693c97318068b0e1238d57a1e8ced92f138	1042	icon	NO-RESOURCE-LOCAL-LICENSE-EVIDENCE
icons/menu/sound_enable@3x.png	c91d56032bf9ae57634b116901c256f13bbdef0d	1520	icon	NO-RESOURCE-LOCAL-LICENSE-EVIDENCE
icons/menu/sound_select.png	99587321d6986b20c2d277029546838758f62e04	503	icon	NO-RESOURCE-LOCAL-LICENSE-EVIDENCE
icons/menu/sound_select@2x.png	387ea17889b33904c34cbe8222fb8dc1385992b0	892	icon	NO-RESOURCE-LOCAL-LICENSE-EVIDENCE
icons/menu/sound_select@3x.png	93eb1f8bdefad905f266c648da5f6fb4f782b979	1187	icon	NO-RESOURCE-LOCAL-LICENSE-EVIDENCE
icons/menu/spoiler_on.png	8c295861e56f0f4826f7981aa8d21143d3f33f32	713	icon	NO-RESOURCE-LOCAL-LICENSE-EVIDENCE
icons/menu/spoiler_on@2x.png	2e4e74961aeebf507828a310d01798d9b4edd230	1117	icon	NO-RESOURCE-LOCAL-LICENSE-EVIDENCE
icons/menu/spoiler_on@3x.png	23c83bbbae30565d78ea9ff2e1f29d5bd4fc52f4	1823	icon	NO-RESOURCE-LOCAL-LICENSE-EVIDENCE
icons/menu/star.png	4bb1ea334b886bc4b69779cb0d3a6394136fc998	652	icon	NO-RESOURCE-LOCAL-LICENSE-EVIDENCE
icons/menu/star@2x.png	a63b6a439a111568bb7bf725d796657859c30e3c	1383	icon	NO-RESOURCE-LOCAL-LICENSE-EVIDENCE
icons/menu/star@3x.png	d2829cba8c124a6e7d55de63007175e5a07e14a7	2066	icon	NO-RESOURCE-LOCAL-LICENSE-EVIDENCE
icons/menu/stars_share.png	30871b111bd470012831242e4e288dbb1a15f71f	791	icon	NO-RESOURCE-LOCAL-LICENSE-EVIDENCE
icons/menu/stars_share@2x.png	e431b7ce48b3f308631271679dfaa60869f5123b	1653	icon	NO-RESOURCE-LOCAL-LICENSE-EVIDENCE
icons/menu/stars_share@3x.png	2e7d149736db07c85c5b09f4a487c74397d1d050	2532	icon	NO-RESOURCE-LOCAL-LICENSE-EVIDENCE
icons/menu/start_stream.png	a227d9b2635e12d128e179c4f71f01318c0a70ff	594	icon	NO-RESOURCE-LOCAL-LICENSE-EVIDENCE
icons/menu/start_stream@2x.png	cd079f659e304bd7565b61adf84381bbb21bd31c	1115	icon	NO-RESOURCE-LOCAL-LICENSE-EVIDENCE
icons/menu/start_stream@3x.png	314aae9fe511c1a2a310b2852b2ce82e7dfd6c3e	1686	icon	NO-RESOURCE-LOCAL-LICENSE-EVIDENCE
icons/menu/start_stream_with.png	d6115a134a0ecbe00f99379d4d382c5e314054cd	657	icon	NO-RESOURCE-LOCAL-LICENSE-EVIDENCE
icons/menu/start_stream_with@2x.png	be9c9ab1f147cebfa015f7910b170c825e0c34f4	1274	icon	NO-RESOURCE-LOCAL-LICENSE-EVIDENCE
icons/menu/start_stream_with@3x.png	c0c3461148f77013779f2b260ccd69180613234a	1937	icon	NO-RESOURCE-LOCAL-LICENSE-EVIDENCE
icons/menu/stats.png	0bafaa3956155da460c42669fbeae8b8fdde584b	548	icon	NO-RESOURCE-LOCAL-LICENSE-EVIDENCE
icons/menu/stats@2x.png	18db4e9ecdbd5e1eac9a2775715cad020cda721b	938	icon	NO-RESOURCE-LOCAL-LICENSE-EVIDENCE
icons/menu/stats@3x.png	77bc3547df3d72e163482345dc4e7727cc83c803	1355	icon	NO-RESOURCE-LOCAL-LICENSE-EVIDENCE
icons/menu/stealth.png	af12353a97830a8dcad28f79c0240e569a2f53a7	635	icon	NO-RESOURCE-LOCAL-LICENSE-EVIDENCE
icons/menu/stealth@2x.png	50706a61f276fc95c6e33c38a0e486dff3a26573	1237	icon	NO-RESOURCE-LOCAL-LICENSE-EVIDENCE
icons/menu/stealth@3x.png	c659d25b83a75d30e458772f5e0d926aafafe772	1762	icon	NO-RESOURCE-LOCAL-LICENSE-EVIDENCE
icons/menu/stealth_locked.png	dbc0cb5e3061ac930b90420f022812bdd872febc	726	icon	NO-RESOURCE-LOCAL-LICENSE-EVIDENCE
icons/menu/stealth_locked@2x.png	979e23d5cd0f08ed07d7ad967d61e7af899639a8	1457	icon	NO-RESOURCE-LOCAL-LICENSE-EVIDENCE
icons/menu/stealth_locked@3x.png	07278760a80a1a02a52ca0b6733583ec64669587	2123	icon	NO-RESOURCE-LOCAL-LICENSE-EVIDENCE
icons/menu/sticker_add.png	0a4ee1dbc7bf8586493b1d835272300fe23ad967	685	icon	NO-RESOURCE-LOCAL-LICENSE-EVIDENCE
icons/menu/sticker_add@2x.png	72c830ca7419b08c762eef4e3277136559f732bf	1157	icon	NO-RESOURCE-LOCAL-LICENSE-EVIDENCE
icons/menu/sticker_add@3x.png	2bfe690b77290c4cf59242241e312076d0fe8163	1604	icon	NO-RESOURCE-LOCAL-LICENSE-EVIDENCE
icons/menu/sticker_select.png	788a9a317c0a5134da685c45287e79117b337045	769	icon	NO-RESOURCE-LOCAL-LICENSE-EVIDENCE
icons/menu/sticker_select@2x.png	19cec30c9ba2fa7a6834ded064c2e59bc38fb8c7	1359	icon	NO-RESOURCE-LOCAL-LICENSE-EVIDENCE
icons/menu/sticker_select@3x.png	04238df9887f75a9990f611eb848ab0d3a22428c	1933	icon	NO-RESOURCE-LOCAL-LICENSE-EVIDENCE
icons/menu/stickers.png	85ff22cfc4cfd55262acd73f2cc1e10199941e0f	679	icon	NO-RESOURCE-LOCAL-LICENSE-EVIDENCE
icons/menu/stickers@2x.png	f681ecce6c11bbb5ac703555c4d05643b1683ad2	1254	icon	NO-RESOURCE-LOCAL-LICENSE-EVIDENCE
icons/menu/stickers@3x.png	cc688e32f43e8c2190dde1d457e40a5d5524ee9a	1849	icon	NO-RESOURCE-LOCAL-LICENSE-EVIDENCE
icons/menu/storage.png	ce6ffd0a337441afb9ec4705bc829336c3476046	670	icon	NO-RESOURCE-LOCAL-LICENSE-EVIDENCE
icons/menu/storage@2x.png	c38320ba7bfa2e189a213de8ecfbafa45371c8a1	1192	icon	NO-RESOURCE-LOCAL-LICENSE-EVIDENCE
icons/menu/storage@3x.png	532f2ec0f115a06a9bc9e31ff1f8e271b1e20821	1816	icon	NO-RESOURCE-LOCAL-LICENSE-EVIDENCE
icons/menu/stories_archive.png	a98e8583cb2206f57959c777e5adeb62591be291	651	icon	NO-RESOURCE-LOCAL-LICENSE-EVIDENCE
icons/menu/stories_archive@2x.png	5c56025698df7450116ad533cc0a292b071791b3	1188	icon	NO-RESOURCE-LOCAL-LICENSE-EVIDENCE
icons/menu/stories_archive@3x.png	715f241bae049b810aa947e4530be9ffb2a2f45e	1807	icon	NO-RESOURCE-LOCAL-LICENSE-EVIDENCE
icons/menu/stories_archive_section.png	d86b5dc87df7c9354b102987cacf282e43efe99b	1847	icon	NO-RESOURCE-LOCAL-LICENSE-EVIDENCE
icons/menu/stories_archive_section@2x.png	f2c59be33802eaa0d1781a5f0b985d2794cc3840	2395	icon	NO-RESOURCE-LOCAL-LICENSE-EVIDENCE
icons/menu/stories_archive_section@3x.png	f6369c74cd52818298a5dcf01c0280391ccde761	2952	icon	NO-RESOURCE-LOCAL-LICENSE-EVIDENCE
icons/menu/stories_save.png	68d2a12f43ea6df9c2eed221de4d6bf723cfa913	729	icon	NO-RESOURCE-LOCAL-LICENSE-EVIDENCE
icons/menu/stories_save@2x.png	327054159704b82183b222c48723f6fbe254f219	1408	icon	NO-RESOURCE-LOCAL-LICENSE-EVIDENCE
icons/menu/stories_save@3x.png	e97dac0abd2bce4a30d6e3f66ef1d63ade31d358	2128	icon	NO-RESOURCE-LOCAL-LICENSE-EVIDENCE
icons/menu/stories_saved_section.png	31a29d96b181bd09de6973730957e6121a0671b5	774	icon	NO-RESOURCE-LOCAL-LICENSE-EVIDENCE
icons/menu/stories_saved_section@2x.png	02a9f4687e8b66db0e7c1f7ec8f08225009d6de3	1492	icon	NO-RESOURCE-LOCAL-LICENSE-EVIDENCE
icons/menu/stories_saved_section@3x.png	8de09fb323c02b8875d8a464b6417403d3aa5d6f	2223	icon	NO-RESOURCE-LOCAL-LICENSE-EVIDENCE
icons/menu/stories_to_chats.png	b5129521c857d6d123bf9d5c46eb00d1489357eb	793	icon	NO-RESOURCE-LOCAL-LICENSE-EVIDENCE
icons/menu/stories_to_chats@2x.png	575fcc811a8eb29b71f4211668ff24f3dec87d5e	1579	icon	NO-RESOURCE-LOCAL-LICENSE-EVIDENCE
icons/menu/stories_to_chats@3x.png	00f6b959b4a327ff51ebf6d8133cffb42a02694b	2274	icon	NO-RESOURCE-LOCAL-LICENSE-EVIDENCE
icons/menu/submenu_arrow.png	022a5fd503fc0bf39344e34a76f4738a987fca86	227	icon	NO-RESOURCE-LOCAL-LICENSE-EVIDENCE
icons/menu/submenu_arrow@2x.png	2b233792183491c4ce4b69e581f40d92c811bac5	286	icon	NO-RESOURCE-LOCAL-LICENSE-EVIDENCE
icons/menu/submenu_arrow@3x.png	b63fca348d97ca9a4bb889976a96b5bae92c4bbd	424	icon	NO-RESOURCE-LOCAL-LICENSE-EVIDENCE
icons/menu/tabs_redo.svg	857000b6ebefad88de15659e498f6eaafb2223b4	1297	icon	NO-RESOURCE-LOCAL-LICENSE-EVIDENCE
icons/menu/tabs_undo.svg	2f17b2cb915c1ab054cddcbde4fedd8981945b54	1293	icon	NO-RESOURCE-LOCAL-LICENSE-EVIDENCE
icons/menu/tag_add.svg	8ad0a1cb90889fa63ab35e963188d92f18476afa	2308	icon	NO-RESOURCE-LOCAL-LICENSE-EVIDENCE
icons/menu/tag_edit.svg	fec18ee156b22b41a045175e535e8ce666e717b7	2665	icon	NO-RESOURCE-LOCAL-LICENSE-EVIDENCE
icons/menu/tag_filter.png	1bef612c5bbd270a5732ac44bf5aa4b122056abb	634	icon	NO-RESOURCE-LOCAL-LICENSE-EVIDENCE
icons/menu/tag_filter@2x.png	056113881671f1eee7c364d97b54f16703e31608	1172	icon	NO-RESOURCE-LOCAL-LICENSE-EVIDENCE
icons/menu/tag_filter@3x.png	e8661460e7c83eb14c391407335c62bbcd9ac9c4	1722	icon	NO-RESOURCE-LOCAL-LICENSE-EVIDENCE
icons/menu/tag_remove.png	0a495b4efe5a638dc64f8fc20d104e97edf409e6	692	icon	NO-RESOURCE-LOCAL-LICENSE-EVIDENCE
icons/menu/tag_remove@2x.png	521ab6968f6f0a27c50a58c1b13760f8bc4efced	1344	icon	NO-RESOURCE-LOCAL-LICENSE-EVIDENCE
icons/menu/tag_remove@3x.png	5ebfb2b9110f1f0f92d969cded31766d147ff432	1966	icon	NO-RESOURCE-LOCAL-LICENSE-EVIDENCE
icons/menu/tag_rename.png	69040f6aaf7d189fc28411da97fe14f0671ee304	614	icon	NO-RESOURCE-LOCAL-LICENSE-EVIDENCE
icons/menu/tag_rename@2x.png	2eb0fb82f9d721fb605d6a5db2a483c9a59c1096	1098	icon	NO-RESOURCE-LOCAL-LICENSE-EVIDENCE
icons/menu/tag_rename@3x.png	ec18a3f00dc7c153811e9adb82c65696334fcb05	1615	icon	NO-RESOURCE-LOCAL-LICENSE-EVIDENCE
icons/menu/tag_sell.png	5afc94207683ed7c8d2f1ab0062fc9bf3c9077b4	377	icon	NO-RESOURCE-LOCAL-LICENSE-EVIDENCE
icons/menu/tag_sell@2x.png	bd0cc198f07b63409e91b390535ed2de15603ba0	675	icon	NO-RESOURCE-LOCAL-LICENSE-EVIDENCE
icons/menu/tag_sell@3x.png	da06c7bf1ca44a58b8dcd2331d98201f90aad838	930	icon	NO-RESOURCE-LOCAL-LICENSE-EVIDENCE
icons/menu/text_style_framed.svg	de5e3ff7281bf3ae1b98390187015d7472c584a6	1688	icon	NO-RESOURCE-LOCAL-LICENSE-EVIDENCE
icons/menu/text_style_opaque.svg	948203448ea3a8f0c401116295e6560ce3851c68	1404	icon	NO-RESOURCE-LOCAL-LICENSE-EVIDENCE
icons/menu/text_style_plain.svg	72acd4859609c36c0d7b974c45d3a3355b216684	1142	icon	NO-RESOURCE-LOCAL-LICENSE-EVIDENCE
icons/menu/text_style_semi.svg	95cca3188ff00422350e78a9c29b1d41397b7a63	1414	icon	NO-RESOURCE-LOCAL-LICENSE-EVIDENCE
icons/menu/timer.png	5fe0383b45c56fd79820f1db2abba0c1edf0268b	608	icon	NO-RESOURCE-LOCAL-LICENSE-EVIDENCE
icons/menu/timer@2x.png	28d3d1480711f6b8fa340b87299bce1914fdf360	1250	icon	NO-RESOURCE-LOCAL-LICENSE-EVIDENCE
icons/menu/timer@3x.png	173ad913dcd4e9e05a58a653e9cead549a49e8d7	1883	icon	NO-RESOURCE-LOCAL-LICENSE-EVIDENCE
icons/menu/topics.png	3e5eed67b49fad29561419763f848cc511c686f8	345	icon	NO-RESOURCE-LOCAL-LICENSE-EVIDENCE
icons/menu/topics@2x.png	789d9cf60cbde9aad929eebbd0dac4370a688d5c	418	icon	NO-RESOURCE-LOCAL-LICENSE-EVIDENCE
icons/menu/topics@3x.png	f5c03b336571479a6b33cf086a0bc251f8276833	775	icon	NO-RESOURCE-LOCAL-LICENSE-EVIDENCE
icons/menu/tradable.png	588ad29b9a7b09c380d2def4520c230142946e12	811	icon	NO-RESOURCE-LOCAL-LICENSE-EVIDENCE
icons/menu/tradable@2x.png	096f5cf7dd11412a802c4d458794393689c138a9	1565	icon	NO-RESOURCE-LOCAL-LICENSE-EVIDENCE
icons/menu/tradable@3x.png	fa9ab721330f6c5f73db16eacfb5cf3d60ae6177	2312	icon	NO-RESOURCE-LOCAL-LICENSE-EVIDENCE
icons/menu/translate.png	b3752197656500e9259df9e5fcb11a7be41f4936	604	icon	NO-RESOURCE-LOCAL-LICENSE-EVIDENCE
icons/menu/translate@2x.png	b4b7b9a26a8ee975858739844d25021e6db9db53	1153	icon	NO-RESOURCE-LOCAL-LICENSE-EVIDENCE
icons/menu/translate@3x.png	1ee1ff844d53d54d6dd393c9c9a422652c5164c7	1702	icon	NO-RESOURCE-LOCAL-LICENSE-EVIDENCE
icons/menu/unarchive.png	5b73b0f5b32cf2a152438e1c4706d8e1c733d346	550	icon	NO-RESOURCE-LOCAL-LICENSE-EVIDENCE
icons/menu/unarchive@2x.png	0161fb017ad17e5565f9aeb764dac1cef3628225	938	icon	NO-RESOURCE-LOCAL-LICENSE-EVIDENCE
icons/menu/unarchive@3x.png	dcd9bac16ef1522298a76812437407fd7039db04	1278	icon	NO-RESOURCE-LOCAL-LICENSE-EVIDENCE
icons/menu/unblock.png	d5e7b77dedef4ac10ade76c63529c37e2d7965e8	663	icon	NO-RESOURCE-LOCAL-LICENSE-EVIDENCE
icons/menu/unblock@2x.png	f9dd07e35378add2624eb122bc040257d44ddb22	1311	icon	NO-RESOURCE-LOCAL-LICENSE-EVIDENCE
icons/menu/unblock@3x.png	b77f8a013c7d6e6956500ef9eef3eecb3e6775d3	1917	icon	NO-RESOURCE-LOCAL-LICENSE-EVIDENCE
icons/menu/unfavorite.png	a5144121d2f5b1e725890adbe701f7a792f1b83c	746	icon	NO-RESOURCE-LOCAL-LICENSE-EVIDENCE
icons/menu/unfavorite@2x.png	ff09e666c34e76d2baac34210fb144c38f7ff0c6	1437	icon	NO-RESOURCE-LOCAL-LICENSE-EVIDENCE
icons/menu/unfavorite@3x.png	9f92ba41837c08107a43995fa8f290b244823e32	2193	icon	NO-RESOURCE-LOCAL-LICENSE-EVIDENCE
icons/menu/unique.png	8b1cc60872c3c13a78c627883f01fc57a725583a	868	icon	NO-RESOURCE-LOCAL-LICENSE-EVIDENCE
icons/menu/unique@2x.png	774852ecf113300e790b5f0e8575b7f697dfad4c	1719	icon	NO-RESOURCE-LOCAL-LICENSE-EVIDENCE
icons/menu/unique@3x.png	e660a8262ce266407f9d4ec2f9974adfbcf74bd3	2539	icon	NO-RESOURCE-LOCAL-LICENSE-EVIDENCE
icons/menu/unmute.png	6ca7b4649d9112e33875c9c499fee3337ed2c6ad	623	icon	NO-RESOURCE-LOCAL-LICENSE-EVIDENCE
icons/menu/unmute@2x.png	72b30b701f7fcc4787d4f85cab4c2b3704f56b5f	1210	icon	NO-RESOURCE-LOCAL-LICENSE-EVIDENCE
icons/menu/unmute@3x.png	e7d8d7cc4c2ff8f480f1a6f6c9d1ec4174afea22	1779	icon	NO-RESOURCE-LOCAL-LICENSE-EVIDENCE
icons/menu/unpin.png	39dd422b37f15f152a3ddfb7b6665c7f9c504c83	499	icon	NO-RESOURCE-LOCAL-LICENSE-EVIDENCE
icons/menu/unpin@2x.png	2139c725182239273523c7a9ef19e4adb813e4a3	835	icon	NO-RESOURCE-LOCAL-LICENSE-EVIDENCE
icons/menu/unpin@3x.png	fc5d64a4c06c63b8fa6a16399feb28cd0a57e49d	1206	icon	NO-RESOURCE-LOCAL-LICENSE-EVIDENCE
icons/menu/unread.png	1d6177c1e9575d2f7daf3af8135e21da2497f211	669	icon	NO-RESOURCE-LOCAL-LICENSE-EVIDENCE
icons/menu/unread@2x.png	43589792223f77a5cf158bf2cbac322e7f5ba99c	1300	icon	NO-RESOURCE-LOCAL-LICENSE-EVIDENCE
icons/menu/unread@3x.png	046db9de10282e7f9636fdd646c76d658c46f344	1942	icon	NO-RESOURCE-LOCAL-LICENSE-EVIDENCE
icons/menu/users_stars.svg	0a068f774a1dedf71938e35c710e531be442d51f	6874	icon	NO-RESOURCE-LOCAL-LICENSE-EVIDENCE
icons/menu/video_chat.png	fd5728dc72931517868077ad68056a35f3ee7210	557	icon	NO-RESOURCE-LOCAL-LICENSE-EVIDENCE
icons/menu/video_chat@2x.png	63cb517db7908c8a65a18f2adb90b27e8a941bbd	1022	icon	NO-RESOURCE-LOCAL-LICENSE-EVIDENCE
icons/menu/video_chat@3x.png	e6d49c028aa8be6257204ae6242662f7282c807a	1357	icon	NO-RESOURCE-LOCAL-LICENSE-EVIDENCE
icons/menu/view_replies.png	d075f8d66f6d4ff3579968bf72b64f70f0e0021d	559	icon	NO-RESOURCE-LOCAL-LICENSE-EVIDENCE
icons/menu/view_replies@2x.png	6970c2529f32bc754e75402807ae9a779adea646	956	icon	NO-RESOURCE-LOCAL-LICENSE-EVIDENCE
icons/menu/view_replies@3x.png	d3c1156ee5d5fec563db73fdca6041b2f2291f93	1266	icon	NO-RESOURCE-LOCAL-LICENSE-EVIDENCE
icons/menu/violence.png	39ee442eef19d9f0227e370513af4ac5be12a79b	695	icon	NO-RESOURCE-LOCAL-LICENSE-EVIDENCE
icons/menu/violence@2x.png	a8b81fb8e6b02586364127c1ed178d390b47e13e	1308	icon	NO-RESOURCE-LOCAL-LICENSE-EVIDENCE
icons/menu/violence@3x.png	4d6513944d4dbef5550367319769abde271cb505	1946	icon	NO-RESOURCE-LOCAL-LICENSE-EVIDENCE
icons/menu/welcome_message.svg	683f65e3e7bfb5d4f362cd7e26011f06c1bdd8c5	4431	icon	NO-RESOURCE-LOCAL-LICENSE-EVIDENCE
icons/menu/zoom_in.svg	ca234f9fba584e1f461abeb5f3bf16e44ee1b16c	415	icon	NO-RESOURCE-LOCAL-LICENSE-EVIDENCE
icons/menu/zoom_out.svg	16d99d24c5d5442742e8960282b09dee9e5ff718	360	icon	NO-RESOURCE-LOCAL-LICENSE-EVIDENCE
icons/menu_settings.png	e8c6420594655345272f544eb806f6577f32553e	1067	icon	NO-RESOURCE-LOCAL-LICENSE-EVIDENCE
icons/menu_settings@2x.png	72f4d268d2aea9816bf1f179c3a47f55e7133689	2216	icon	NO-RESOURCE-LOCAL-LICENSE-EVIDENCE
icons/menu_settings@3x.png	75201b8b1c2c1ae763787e0c9a1407279278c10e	2611	icon	NO-RESOURCE-LOCAL-LICENSE-EVIDENCE
icons/menu_shadow.png	fabf8b6e74fa7548a0f0527455c02d8853cb3fa1	1182	icon	NO-RESOURCE-LOCAL-LICENSE-EVIDENCE
icons/menu_shadow@2x.png	f1f8e9e4cfb078332c333f6a69243d1efe27ef9a	1603	icon	NO-RESOURCE-LOCAL-LICENSE-EVIDENCE
icons/menu_shadow@3x.png	15cf662619e9c7704cc96867b889aa80aa4b63c0	2240	icon	NO-RESOURCE-LOCAL-LICENSE-EVIDENCE
icons/message_psa_tooltip.png	96b08ac17a9135bcf6f007cbce9dc227d9b70bcd	567	icon	NO-RESOURCE-LOCAL-LICENSE-EVIDENCE
icons/message_psa_tooltip@2x.png	2c331169c33f9a48f5ffc4f168fcc69271567d17	1133	icon	NO-RESOURCE-LOCAL-LICENSE-EVIDENCE
icons/message_psa_tooltip@3x.png	865c44d0115eefb3ac48a97354528a39a16b7ba1	1805	icon	NO-RESOURCE-LOCAL-LICENSE-EVIDENCE
icons/mini_forward.png	e51712b550d7196348f23f4bed6ce73f77f2849f	319	icon	NO-RESOURCE-LOCAL-LICENSE-EVIDENCE
icons/mini_forward@2x.png	8a8b8dd573ca2a25ad2b5d0deb914f558b1e1da5	539	icon	NO-RESOURCE-LOCAL-LICENSE-EVIDENCE
icons/mini_forward@3x.png	f6ca40a231985c0aca8b91bbe34ca265529b2b21	777	icon	NO-RESOURCE-LOCAL-LICENSE-EVIDENCE
icons/mini_replace.svg	86d68953e655d5d5e8ec42d3aa4c0455ab9dcdf3	2133	icon	NO-RESOURCE-LOCAL-LICENSE-EVIDENCE
icons/mini_reply_story.png	d1b436beb4072cf503e6ba8d1ba4837c5fcc0b91	588	icon	NO-RESOURCE-LOCAL-LICENSE-EVIDENCE
icons/mini_reply_story@2x.png	8eddfb9efeb21ec5a52003bfb49308917c243666	1114	icon	NO-RESOURCE-LOCAL-LICENSE-EVIDENCE
icons/mini_reply_story@3x.png	e836bcd3d4ee639b3341e2224667e3e63292a073	1629	icon	NO-RESOURCE-LOCAL-LICENSE-EVIDENCE
icons/monitor.png	b1829c2b790ff36e8c9d4b2c7b18b16ea987c7b2	3962	icon	NO-RESOURCE-LOCAL-LICENSE-EVIDENCE
icons/monitor@2x.png	42356354f969d761a131de29d1468241ba87f236	10782	icon	NO-RESOURCE-LOCAL-LICENSE-EVIDENCE
icons/monitor@3x.png	a919f3a0a8a33fd616414f918a86e49a3de3d5a4	11117	icon	NO-RESOURCE-LOCAL-LICENSE-EVIDENCE
icons/new_chat_photo.png	3487852470dd88294003875e468f38cf00e38e5e	642	icon	NO-RESOURCE-LOCAL-LICENSE-EVIDENCE
icons/new_chat_photo@2x.png	ae3410ec20267a3244f367b1c607f69141cb1427	1268	icon	NO-RESOURCE-LOCAL-LICENSE-EVIDENCE
icons/new_chat_photo@3x.png	fe82c72ebf2b97d18d1cc612e64545f501b289c7	2296	icon	NO-RESOURCE-LOCAL-LICENSE-EVIDENCE
icons/notification_send.png	f7f6bd47d8b536ffb5c0339c5fe6c5ceaf21ab03	292	icon	NO-RESOURCE-LOCAL-LICENSE-EVIDENCE
icons/notification_send@2x.png	88998d260356bb919680b11e2828075bfeed3eba	506	icon	NO-RESOURCE-LOCAL-LICENSE-EVIDENCE
icons/notification_send@3x.png	ead5d77db45bb1613d60f2f10335b8ed3d69468a	673	icon	NO-RESOURCE-LOCAL-LICENSE-EVIDENCE
icons/notify_toggle.lottie	e6004d6823fefc9904f4f28bb4af5acb06ee9887	13090	icon	NO-RESOURCE-LOCAL-LICENSE-EVIDENCE
icons/overview_links_check.png	b4c53ec6e674669545c3609ec08f25f2e8bb1eb5	161	icon	NO-RESOURCE-LOCAL-LICENSE-EVIDENCE
icons/overview_links_check@2x.png	e63a41f3129b9f4a22efa09dc18a186acd0bcf59	261	icon	NO-RESOURCE-LOCAL-LICENSE-EVIDENCE
icons/overview_links_check@3x.png	ba4654711549e6c5b1fa65635b994b25d9344723	511	icon	NO-RESOURCE-LOCAL-LICENSE-EVIDENCE
icons/overview_links_check_bg.png	928f7d4bc4aea7237f0205efd9e40be4f5816196	138	icon	NO-RESOURCE-LOCAL-LICENSE-EVIDENCE
icons/overview_links_check_bg@2x.png	32f0f2af1ac9055fdb133d7558aa31b288febf3c	218	icon	NO-RESOURCE-LOCAL-LICENSE-EVIDENCE
icons/overview_links_check_bg@3x.png	a58dc780589d8111ec4384a791ca2cc3c5bede70	471	icon	NO-RESOURCE-LOCAL-LICENSE-EVIDENCE
icons/overview_photo_check.png	44347c6f70cad1ed1645378c6783e1c4d0db68aa	309	icon	NO-RESOURCE-LOCAL-LICENSE-EVIDENCE
icons/overview_photo_check@2x.png	d5ad0a834330dc65d9f1c6bf9932a5fe50cf2433	623	icon	NO-RESOURCE-LOCAL-LICENSE-EVIDENCE
icons/overview_photo_check@3x.png	d17d4e023bcbac25d5a062dd002e758bcb5b15f5	789	icon	NO-RESOURCE-LOCAL-LICENSE-EVIDENCE
icons/overview_video_download.png	034084c3f39750589b8dab3025668fed984be4f6	156	icon	NO-RESOURCE-LOCAL-LICENSE-EVIDENCE
icons/overview_video_download@2x.png	ca593d76345ebe24b47c89c974c23d5aa7d50f05	221	icon	NO-RESOURCE-LOCAL-LICENSE-EVIDENCE
icons/overview_video_download@3x.png	44befb1675b8fdcc3fe2fa8e84cbd3747954bbdb	438	icon	NO-RESOURCE-LOCAL-LICENSE-EVIDENCE
icons/overview_video_play.png	ea6f797066aad752328ad5102d8c423eed68c677	175	icon	NO-RESOURCE-LOCAL-LICENSE-EVIDENCE
icons/overview_video_play@2x.png	4560039a60918b04a83f0d44bb9556aba0cc1d19	321	icon	NO-RESOURCE-LOCAL-LICENSE-EVIDENCE
icons/overview_video_play@3x.png	5204ccc5021b0f4b7bb995d84f5fcf987fc9e91c	422	icon	NO-RESOURCE-LOCAL-LICENSE-EVIDENCE
icons/passkey_qr_center.svg	53079d68408ac9987e418d705cba8ed5cf5977d8	1115	icon	NO-RESOURCE-LOCAL-LICENSE-EVIDENCE
icons/passport_authorize.png	4e8271edc03cbb48924f29d53a3bdea8dc877d9f	362	icon	NO-RESOURCE-LOCAL-LICENSE-EVIDENCE
icons/passport_authorize@2x.png	5a4a9704dab4475756f206e67e4b1bf07fee6abe	756	icon	NO-RESOURCE-LOCAL-LICENSE-EVIDENCE
icons/passport_authorize@3x.png	bc861977a3e4cc8a6ac84ecef7a6dc3eaf0e13fe	1139	icon	NO-RESOURCE-LOCAL-LICENSE-EVIDENCE
icons/passport_empty.png	08902e5ef2fd8b29802095711512b9fb258276fa	346	icon	NO-RESOURCE-LOCAL-LICENSE-EVIDENCE
icons/passport_empty@2x.png	30130da9a0783a0cc5e2f2a0db8b31c1fe90704f	688	icon	NO-RESOURCE-LOCAL-LICENSE-EVIDENCE
icons/passport_empty@3x.png	c4653b6b714f9771d110b4fd0be22b6b44a71cdc	764	icon	NO-RESOURCE-LOCAL-LICENSE-EVIDENCE
icons/passport_password_setup.png	fa56c75125fb5718ec00a0f12ad0be20c5329a7a	6041	icon	NO-RESOURCE-LOCAL-LICENSE-EVIDENCE
icons/passport_password_setup@2x.png	77fa1391d347c20220eca69987a02b00cc33f36e	11801	icon	NO-RESOURCE-LOCAL-LICENSE-EVIDENCE
icons/passport_password_setup@3x.png	af3c9374e86f98b4064ce2c97584ea65a7f69ad1	8728	icon	NO-RESOURCE-LOCAL-LICENSE-EVIDENCE
icons/passport_ready.png	2ba5de37a56763c0841caa01c053c61520f5407c	369	icon	NO-RESOURCE-LOCAL-LICENSE-EVIDENCE
icons/passport_ready@2x.png	f7a62efd58cfc938dd9b43c29550798301eb9eaa	655	icon	NO-RESOURCE-LOCAL-LICENSE-EVIDENCE
icons/passport_ready@3x.png	f86ddaa4956683a4384314876471098a24156e23	852	icon	NO-RESOURCE-LOCAL-LICENSE-EVIDENCE
icons/payments/payment_address.png	4dedb30a412686a64a8ef6591a951530c3afc497	683	icon	NO-RESOURCE-LOCAL-LICENSE-EVIDENCE
icons/payments/payment_address@2x.png	d5315ab48968ca3e55031ab111380cb1e144afce	1351	icon	NO-RESOURCE-LOCAL-LICENSE-EVIDENCE
icons/payments/payment_address@3x.png	b1890b018db1ad08f42e7304aa6883aa0278a3f2	2015	icon	NO-RESOURCE-LOCAL-LICENSE-EVIDENCE
icons/payments/payment_card.png	fde38c1a327725f8bad09fefe9c54fb9bcb0bcf5	370	icon	NO-RESOURCE-LOCAL-LICENSE-EVIDENCE
icons/payments/payment_card@2x.png	f7f4449af94922d588a86fa77480913073de999f	485	icon	NO-RESOURCE-LOCAL-LICENSE-EVIDENCE
icons/payments/payment_card@3x.png	3286feaeb9035a4fecd39eed43a00a2ab2ee6fdc	731	icon	NO-RESOURCE-LOCAL-LICENSE-EVIDENCE
icons/payments/payment_email.png	e4d03fbeb560d0e48bfda87ff05e1de046abff09	855	icon	NO-RESOURCE-LOCAL-LICENSE-EVIDENCE
icons/payments/payment_email@2x.png	ae26ccba227fc9457576f849d9bd311d13771191	1663	icon	NO-RESOURCE-LOCAL-LICENSE-EVIDENCE
icons/payments/payment_email@3x.png	b954362bbc60b9b4fc3c50161b74d5a0d51817e6	2508	icon	NO-RESOURCE-LOCAL-LICENSE-EVIDENCE
icons/payments/payment_name.png	04a22caed256bd0408ab977073f04eff69c564a9	447	icon	NO-RESOURCE-LOCAL-LICENSE-EVIDENCE
icons/payments/payment_name@2x.png	47974c47030be22b63d35f5bd85fa8953141679d	791	icon	NO-RESOURCE-LOCAL-LICENSE-EVIDENCE
icons/payments/payment_name@3x.png	4dd92ad8153528f2dcc52b4c372058a8f8504c7f	1158	icon	NO-RESOURCE-LOCAL-LICENSE-EVIDENCE
icons/payments/payment_phone.png	8fe0a1654356efc69b8d182a43630a4349509d8e	618	icon	NO-RESOURCE-LOCAL-LICENSE-EVIDENCE
icons/payments/payment_phone@2x.png	cc3b2c8e628bd9aab3473c1a4e317a1317439d3a	1147	icon	NO-RESOURCE-LOCAL-LICENSE-EVIDENCE
icons/payments/payment_phone@3x.png	94cb40b05238ed9c39afd9218dfc2b25589fcdc7	1715	icon	NO-RESOURCE-LOCAL-LICENSE-EVIDENCE
icons/payments/payment_shipping.png	6628b0d92b849867d7ff7d5970a97889a95013d0	544	icon	NO-RESOURCE-LOCAL-LICENSE-EVIDENCE
icons/payments/payment_shipping@2x.png	d77dbac90ecf5b187fcadc5e69154a06f8753de0	847	icon	NO-RESOURCE-LOCAL-LICENSE-EVIDENCE
icons/payments/payment_shipping@3x.png	ffe2fbe9d94b44da5d631916523459a064b3deb2	1388	icon	NO-RESOURCE-LOCAL-LICENSE-EVIDENCE
icons/payments/premium_emoji.png	e8b8fcf292b6f466acfdcc9d938efbbb44ff8551	370	icon	NO-RESOURCE-LOCAL-LICENSE-EVIDENCE
icons/payments/premium_emoji@2x.png	8824f11b97c6f1051e2e8f9d9e97022a6658631b	712	icon	NO-RESOURCE-LOCAL-LICENSE-EVIDENCE
icons/payments/premium_emoji@3x.png	5bd6ad0133eb80342bccffa75ae23ffe200a60dc	926	icon	NO-RESOURCE-LOCAL-LICENSE-EVIDENCE
icons/payments/small_star.png	94e3fc4c5adfaccd1d5d3d216f23309c5c890b0e	484	icon	NO-RESOURCE-LOCAL-LICENSE-EVIDENCE
icons/payments/small_star@2x.png	4dc7016fe9f52a81d6991d1095fd16b3a1f2525a	860	icon	NO-RESOURCE-LOCAL-LICENSE-EVIDENCE
icons/payments/small_star@3x.png	8f7ae06daa1970b5e9346d93d60f94a4356fa058	1131	icon	NO-RESOURCE-LOCAL-LICENSE-EVIDENCE
icons/payments/ton_emoji.svg	bc5b9f1ee5ee1ac1aa7d638f390c9ae6c2c20bf9	2002	icon	NO-RESOURCE-LOCAL-LICENSE-EVIDENCE
icons/photo_editor/camera.svg	cb62ae7a95b43bee6712edc030441fa3595db81f	478	icon	NO-RESOURCE-LOCAL-LICENSE-EVIDENCE
icons/photo_editor/corners.svg	09b04284330346a9c774035dfbd41c5db1bfd20a	426	icon	NO-RESOURCE-LOCAL-LICENSE-EVIDENCE
icons/photo_editor/flip.png	e751a33e115e75b98934158f3395097ee8327f53	649	icon	NO-RESOURCE-LOCAL-LICENSE-EVIDENCE
icons/photo_editor/flip@2x.png	1a2ab86e0036f6a50230286dc0a6a3c7ad6c91b6	1264	icon	NO-RESOURCE-LOCAL-LICENSE-EVIDENCE
icons/photo_editor/flip@3x.png	d65697d700c0b747bcb92816f5777d4fee0286d0	1840	icon	NO-RESOURCE-LOCAL-LICENSE-EVIDENCE
icons/photo_editor/gif.png	4fcd12ea58bf7daaa67ee4cebd7d1fce44cbeb2b	712	icon	NO-RESOURCE-LOCAL-LICENSE-EVIDENCE
icons/photo_editor/gif@2x.png	2faee5fad0c38b11a8f89ece0abe0ce733136fee	1399	icon	NO-RESOURCE-LOCAL-LICENSE-EVIDENCE
icons/photo_editor/gif@3x.png	cb940753e5565aa57d162c7d7023dcdb90ba5a8a	2007	icon	NO-RESOURCE-LOCAL-LICENSE-EVIDENCE
icons/photo_editor/paint.png	aad8e497e4d8e33ee7bc43fe140269267ffb9c72	723	icon	NO-RESOURCE-LOCAL-LICENSE-EVIDENCE
icons/photo_editor/paint@2x.png	d7a3bd82af3ebd92285f5ced71b27fbb46d60fe6	1483	icon	NO-RESOURCE-LOCAL-LICENSE-EVIDENCE
icons/photo_editor/paint@3x.png	fed47f4256cdff3232ba3c6aed42950ec11fba03	2189	icon	NO-RESOURCE-LOCAL-LICENSE-EVIDENCE
icons/photo_editor/ratio.svg	357b6dd6efc8304a9ce7fa14fced44bb02303775	494	icon	NO-RESOURCE-LOCAL-LICENSE-EVIDENCE
icons/photo_editor/rotate.png	c0dd23ceaa681d4cf4812d8da69d2983281f5194	785	icon	NO-RESOURCE-LOCAL-LICENSE-EVIDENCE
icons/photo_editor/rotate@2x.png	ff9d83c3c6845fab385b7bba4e5c37608cfcab0f	1493	icon	NO-RESOURCE-LOCAL-LICENSE-EVIDENCE
icons/photo_editor/rotate@3x.png	1ddc726ec08e7241b841bc204748cb62f9ba9cc7	2301	icon	NO-RESOURCE-LOCAL-LICENSE-EVIDENCE
icons/photo_editor/shape_arrow.svg	c4a74faf27e6ce6c6530fe64b95c4ac8900a5336	456	icon	NO-RESOURCE-LOCAL-LICENSE-EVIDENCE
icons/photo_editor/shape_bubble.svg	83912fed0ae855efe09a53f10dd33f7240f9d8a5	415	icon	NO-RESOURCE-LOCAL-LICENSE-EVIDENCE
icons/photo_editor/shape_bubble_fill.svg	66cc5400776f5b97d04b596543d86ca0e2aa5094	418	icon	NO-RESOURCE-LOCAL-LICENSE-EVIDENCE
icons/photo_editor/shape_circle.svg	4c92a4ac98d4b973a1d9fdf3b13c0b10c5eb80f9	240	icon	NO-RESOURCE-LOCAL-LICENSE-EVIDENCE
icons/photo_editor/shape_circle_fill.svg	b262eb821c057f14bad454a85aa5a28be78c740f	243	icon	NO-RESOURCE-LOCAL-LICENSE-EVIDENCE
icons/photo_editor/shape_rectangle.svg	1b2c8d6d5504e73c5d7461ad864fe53a65d56e13	360	icon	NO-RESOURCE-LOCAL-LICENSE-EVIDENCE
icons/photo_editor/shape_rectangle_fill.svg	e0454b5ab1d95e6c62f84752bbd471b98908b291	363	icon	NO-RESOURCE-LOCAL-LICENSE-EVIDENCE
icons/photo_editor/shape_star.svg	e38e871570317779f55e99da05ecd2fdaf42b4ae	741	icon	NO-RESOURCE-LOCAL-LICENSE-EVIDENCE
icons/photo_editor/shape_star_fill.svg	21d1d935f17c2d508ad5919c16706adea4da7850	744	icon	NO-RESOURCE-LOCAL-LICENSE-EVIDENCE
icons/photo_editor/shapes.svg	c0a32c200496714d4178e13ddbd29fe8f61be6c1	346	icon	NO-RESOURCE-LOCAL-LICENSE-EVIDENCE
icons/photo_editor/undo.png	64a3593e50892b1f18d69fba396bbeeee29c4cd1	450	icon	NO-RESOURCE-LOCAL-LICENSE-EVIDENCE
icons/photo_editor/undo@2x.png	8faa12e6d4bce45de5c19e189800c089ef59d7f8	745	icon	NO-RESOURCE-LOCAL-LICENSE-EVIDENCE
icons/photo_editor/undo@3x.png	37641354e6f270128dc883a23750531314bcccfe	1153	icon	NO-RESOURCE-LOCAL-LICENSE-EVIDENCE
icons/pinned_show_all.png	3bd4d0c77e2772da60366b7c995ba95226c79886	649	icon	NO-RESOURCE-LOCAL-LICENSE-EVIDENCE
icons/pinned_show_all@2x.png	be0b4b0d820b2ee3b1ea8cc24d31b0febbd59346	1202	icon	NO-RESOURCE-LOCAL-LICENSE-EVIDENCE
icons/pinned_show_all@3x.png	39d1d93e85f0fe433bbc4af1e5fb490199293237	1608	icon	NO-RESOURCE-LOCAL-LICENSE-EVIDENCE
icons/plane_white.svg	2a8761c70b29c149a6aab5f2d57b6c4cf117d81b	1465	icon	NO-RESOURCE-LOCAL-LICENSE-EVIDENCE
icons/player/panel_close.png	9e7594b693281e40ed59461f465945374ba5191b	265	icon	NO-RESOURCE-LOCAL-LICENSE-EVIDENCE
icons/player/panel_close@2x.png	eb6e710bcc5f2ace24bfada49753fd2ea7e5be43	412	icon	NO-RESOURCE-LOCAL-LICENSE-EVIDENCE
icons/player/panel_close@3x.png	e9e4d7795e502dd4c7365bf46022e95b90ed0d45	556	icon	NO-RESOURCE-LOCAL-LICENSE-EVIDENCE
icons/player/player_backward.png	6dd0e15780b528dd59ad9701125cacbe2f061439	328	icon	NO-RESOURCE-LOCAL-LICENSE-EVIDENCE
icons/player/player_backward@2x.png	ab24effae6d269b20571cc6d3df33c37001277e7	557	icon	NO-RESOURCE-LOCAL-LICENSE-EVIDENCE
icons/player/player_backward@3x.png	5aea6896cfcc007450932da4f3201386160436cd	764	icon	NO-RESOURCE-LOCAL-LICENSE-EVIDENCE
icons/player/player_check.png	285a76b885fc86e8b910cd5c00288a143a14a895	349	icon	NO-RESOURCE-LOCAL-LICENSE-EVIDENCE
icons/player/player_check@2x.png	7a51614af6d5323030d35d20a17b1ebde7a04bfa	585	icon	NO-RESOURCE-LOCAL-LICENSE-EVIDENCE
icons/player/player_check@3x.png	c9cc4b1c7e78b995e7b25e6297d8c277ac4ebc66	871	icon	NO-RESOURCE-LOCAL-LICENSE-EVIDENCE
icons/player/player_forward.png	adda5406f30229f8e70ca3f95accc7fdb9ad3d7b	307	icon	NO-RESOURCE-LOCAL-LICENSE-EVIDENCE
icons/player/player_forward@2x.png	2c31059d83feb9afe1893394d6ee2c4f6467f7e3	556	icon	NO-RESOURCE-LOCAL-LICENSE-EVIDENCE
icons/player/player_forward@3x.png	8e37465ec7285196b3a6914bcb59bc165260fe5b	804	icon	NO-RESOURCE-LOCAL-LICENSE-EVIDENCE
icons/player/player_fullscreen.png	29f7b1b625a32e627a19b8eb9d05a8881564235d	387	icon	NO-RESOURCE-LOCAL-LICENSE-EVIDENCE
icons/player/player_fullscreen@2x.png	8380f1859068f6ac57532ab89f4a8c834e072fd2	629	icon	NO-RESOURCE-LOCAL-LICENSE-EVIDENCE
icons/player/player_fullscreen@3x.png	77ebb58bd4f4e1b9b4328be2e88b6f89269d749d	733	icon	NO-RESOURCE-LOCAL-LICENSE-EVIDENCE
icons/player/player_mini_full.png	a0c01b157cbd6e3f85ef4049b24187a46fcff1a9	622	icon	NO-RESOURCE-LOCAL-LICENSE-EVIDENCE
icons/player/player_mini_full@2x.png	fdb27f19654cc38dda6718407c56b61d9bdc18af	1075	icon	NO-RESOURCE-LOCAL-LICENSE-EVIDENCE
icons/player/player_mini_full@3x.png	2dfdb6411724c850424083253f9826dcee0e4c13	1628	icon	NO-RESOURCE-LOCAL-LICENSE-EVIDENCE
icons/player/player_mini_half.png	e89fe42004321ecb00973649e3a744fcbee87dfa	534	icon	NO-RESOURCE-LOCAL-LICENSE-EVIDENCE
icons/player/player_mini_half@2x.png	e261f0808e8840c38717aa3d4ef336c05d33594c	847	icon	NO-RESOURCE-LOCAL-LICENSE-EVIDENCE
icons/player/player_mini_half@3x.png	4ad6f3b5e5c74cee8a5416559c94369fa066b8c5	1175	icon	NO-RESOURCE-LOCAL-LICENSE-EVIDENCE
icons/player/player_mini_off.png	08d5de9f19ab7e4c38a03a86de6c63b3c2f34406	532	icon	NO-RESOURCE-LOCAL-LICENSE-EVIDENCE
icons/player/player_mini_off@2x.png	fa16cb764cc2bb615e3ea3fba2b4f18f63373278	825	icon	NO-RESOURCE-LOCAL-LICENSE-EVIDENCE
icons/player/player_mini_off@3x.png	6d62c0164f95ac56b48ce8ae59cfc115fc0f8bee	1208	icon	NO-RESOURCE-LOCAL-LICENSE-EVIDENCE
icons/player/player_minimize.png	662c532ec8f0e1abd662b1422b4e24880d04d142	395	icon	NO-RESOURCE-LOCAL-LICENSE-EVIDENCE
icons/player/player_minimize@2x.png	13c175a358fc24aafcfdeef52f959b9ab1dc9ead	643	icon	NO-RESOURCE-LOCAL-LICENSE-EVIDENCE
icons/player/player_minimize@3x.png	4fde439dd51312126c2a2df0580c4bf41d5a6655	747	icon	NO-RESOURCE-LOCAL-LICENSE-EVIDENCE
icons/player/player_more.png	a0603fb435d3950cdeb7acfff101bac2df0ab15f	217	icon	NO-RESOURCE-LOCAL-LICENSE-EVIDENCE
icons/player/player_more@2x.png	d729c2305f6f6eea5d66b2538b471b42b792919e	325	icon	NO-RESOURCE-LOCAL-LICENSE-EVIDENCE
icons/player/player_more@3x.png	3ca1794881fd013f868d29590e68c274c897a81a	475	icon	NO-RESOURCE-LOCAL-LICENSE-EVIDENCE
icons/player/player_order.png	2d44eefc6b5696a71c061a164117269187e8fcd6	391	icon	NO-RESOURCE-LOCAL-LICENSE-EVIDENCE
icons/player/player_order@2x.png	76e30a792e14f376c288c488900b7be7b30d3513	581	icon	NO-RESOURCE-LOCAL-LICENSE-EVIDENCE
icons/player/player_order@3x.png	be44a993085e8675c616f6d4768b1b94a0fb835d	832	icon	NO-RESOURCE-LOCAL-LICENSE-EVIDENCE
icons/player/player_pause.png	b40213cbba6983cd1fd500e1ff0e0d6073041a09	230	icon	NO-RESOURCE-LOCAL-LICENSE-EVIDENCE
icons/player/player_pause@2x.png	a8e819654ad86499799e7c9f514afff09bddd27e	310	icon	NO-RESOURCE-LOCAL-LICENSE-EVIDENCE
icons/player/player_pause@3x.png	71d9fd6ebda895afc3fa07b663292a686f385664	427	icon	NO-RESOURCE-LOCAL-LICENSE-EVIDENCE
icons/player/player_pause_big.png	99c9207f1e9f23f1f3ce48df8a22308d21f22c98	272	icon	NO-RESOURCE-LOCAL-LICENSE-EVIDENCE
icons/player/player_pause_big@2x.png	74538bd9f6683252275c2c902aba108b9f4292af	377	icon	NO-RESOURCE-LOCAL-LICENSE-EVIDENCE
icons/player/player_pause_big@3x.png	7913d8741b4d4c5c005d423b36a5ef8436523c4a	555	icon	NO-RESOURCE-LOCAL-LICENSE-EVIDENCE
icons/player/player_pip.png	155555bbd6be725fea96e52e5658eb1ecd184579	464	icon	NO-RESOURCE-LOCAL-LICENSE-EVIDENCE
icons/player/player_pip@2x.png	d37c609add3f8551f1e1fdd52488a267033075b9	750	icon	NO-RESOURCE-LOCAL-LICENSE-EVIDENCE
icons/player/player_pip@3x.png	d921c88c51278d6c7394b5e5d1368ffdbfae76a5	986	icon	NO-RESOURCE-LOCAL-LICENSE-EVIDENCE
icons/player/player_pip_close.png	72126ed98910a1c1268a2840a233d5f9df9dc16e	253	icon	NO-RESOURCE-LOCAL-LICENSE-EVIDENCE
icons/player/player_pip_close@2x.png	56dfd6f56fdf94e946f969831a368a3d6918646e	427	icon	NO-RESOURCE-LOCAL-LICENSE-EVIDENCE
icons/player/player_pip_close@3x.png	47bef146195c23f7fee29ea8270ecb095e763fdc	747	icon	NO-RESOURCE-LOCAL-LICENSE-EVIDENCE
icons/player/player_pip_enlarge.png	d9c156a4dac63a47ac3637e61271c3a627f0ca00	361	icon	NO-RESOURCE-LOCAL-LICENSE-EVIDENCE
icons/player/player_pip_enlarge@2x.png	1bfb76b699b8f4be1277ad256365ecfd22fdda30	574	icon	NO-RESOURCE-LOCAL-LICENSE-EVIDENCE
icons/player/player_pip_enlarge@3x.png	8961ce7b039a85f2231720fd8556e1ffb132736d	845	icon	NO-RESOURCE-LOCAL-LICENSE-EVIDENCE
icons/player/player_pip_pause.png	83c8ac0b1454d7ffff67324b6f8170ea3f5df1b9	242	icon	NO-RESOURCE-LOCAL-LICENSE-EVIDENCE
icons/player/player_pip_pause@2x.png	155f116e7aa15fcbae811e5e33ed04ad6d6e1349	452	icon	NO-RESOURCE-LOCAL-LICENSE-EVIDENCE
icons/player/player_pip_pause@3x.png	c72ade4298db9463e7fdee82667fff86bd0f7085	662	icon	NO-RESOURCE-LOCAL-LICENSE-EVIDENCE
icons/player/player_pip_play.png	b7b0c8620b0a9bc2da724edcdcf6d1e3b2deef41	334	icon	NO-RESOURCE-LOCAL-LICENSE-EVIDENCE
icons/player/player_pip_play@2x.png	77c3a6f139cc159e60c8805529f68031a375075d	631	icon	NO-RESOURCE-LOCAL-LICENSE-EVIDENCE
icons/player/player_pip_play@3x.png	cc5662de761a81c3d2e71f983050c702d1080099	1417	icon	NO-RESOURCE-LOCAL-LICENSE-EVIDENCE
icons/player/player_play.png	816e5ef1e22bda86e029af4e82f5fb9007952adf	295	icon	NO-RESOURCE-LOCAL-LICENSE-EVIDENCE
icons/player/player_play@2x.png	a4e130c4aeafa51140fad9643e1ce3d3d687458e	478	icon	NO-RESOURCE-LOCAL-LICENSE-EVIDENCE
icons/player/player_play@3x.png	0a101f3f65980bdf7a3ea4849d79df537731fb20	646	icon	NO-RESOURCE-LOCAL-LICENSE-EVIDENCE
icons/player/player_play_big.png	449760247ac9780d51b0bc68176713d3046e66bc	388	icon	NO-RESOURCE-LOCAL-LICENSE-EVIDENCE
icons/player/player_play_big@2x.png	152d34fd8a02d831c3fc5f4e4db795d3d3b205d4	614	icon	NO-RESOURCE-LOCAL-LICENSE-EVIDENCE
icons/player/player_play_big@3x.png	35bbf5c5320df9950897adb06c4b02b7d03b5830	976	icon	NO-RESOURCE-LOCAL-LICENSE-EVIDENCE
icons/player/player_repeat.png	b13c3c025ccff4ec52c93433e371886ef6e29a37	534	icon	NO-RESOURCE-LOCAL-LICENSE-EVIDENCE
icons/player/player_repeat@2x.png	10a955139f8485a918a37c20a7cd6fe5dddc969c	888	icon	NO-RESOURCE-LOCAL-LICENSE-EVIDENCE
icons/player/player_repeat@3x.png	441f65bfcf0cf56e8a6011e98e500042caa11086	1222	icon	NO-RESOURCE-LOCAL-LICENSE-EVIDENCE
icons/player/player_repeat_single.png	d45a8a36387caccbc6c58cafbcc829dca10adf6d	531	icon	NO-RESOURCE-LOCAL-LICENSE-EVIDENCE
icons/player/player_repeat_single@2x.png	5c162addbc690bf8dbde334cd159380f647f5e09	902	icon	NO-RESOURCE-LOCAL-LICENSE-EVIDENCE
icons/player/player_repeat_single@3x.png	3b2a35b95655cfe34ca0a1651adfb0cdc47efc92	1291	icon	NO-RESOURCE-LOCAL-LICENSE-EVIDENCE
icons/player/player_settings.png	65a420de07ae2242344fa7ebd2f07f08268a96dd	997	icon	NO-RESOURCE-LOCAL-LICENSE-EVIDENCE
icons/player/player_settings@2x.png	af78b2666143062feee931c1443c96f1f3e87cd3	1658	icon	NO-RESOURCE-LOCAL-LICENSE-EVIDENCE
icons/player/player_settings@3x.png	da1ec8c72c34b0a7d175967e5aab4d10dea1351b	2211	icon	NO-RESOURCE-LOCAL-LICENSE-EVIDENCE
icons/player/player_shuffle.png	da4e9c76b414b438fa625d829986edfbf1d3bade	396	icon	NO-RESOURCE-LOCAL-LICENSE-EVIDENCE
icons/player/player_shuffle@2x.png	8623951144dcce7ce5753ab2a94423f03f2f5162	568	icon	NO-RESOURCE-LOCAL-LICENSE-EVIDENCE
icons/player/player_shuffle@3x.png	69ad651d46fb973f96a6dc9602fb0ffd673b99fa	815	icon	NO-RESOURCE-LOCAL-LICENSE-EVIDENCE
icons/player/player_speed.png	fe29a80c615a02f6f61e939618b47bfac50af618	152	icon	NO-RESOURCE-LOCAL-LICENSE-EVIDENCE
icons/player/player_speed@2x.png	c1c38737260a8a86168cff487a4be88ee37dfe78	208	icon	NO-RESOURCE-LOCAL-LICENSE-EVIDENCE
icons/player/player_speed@3x.png	286a4a3b9da066634c3c2acce64f507770dc7260	255	icon	NO-RESOURCE-LOCAL-LICENSE-EVIDENCE
icons/player/player_volume_off.png	0e5c893ba09c2ba9222c9bffe505159562bf12f1	354	icon	NO-RESOURCE-LOCAL-LICENSE-EVIDENCE
icons/player/player_volume_off@2x.png	dcc4f69f3ac698b8e9cf3a1efd23e763c1af7a3a	584	icon	NO-RESOURCE-LOCAL-LICENSE-EVIDENCE
icons/player/player_volume_off@3x.png	4d2c5c6f94d12e49ad3c4c72bf69670d371c5ede	868	icon	NO-RESOURCE-LOCAL-LICENSE-EVIDENCE
icons/player/player_volume_on.png	8aff2e4da71ebd66566d864794e6ce6ae1a0de1f	517	icon	NO-RESOURCE-LOCAL-LICENSE-EVIDENCE
icons/player/player_volume_on@2x.png	77bf6b06bdd7eb8d6f8f597948f0cae0cceb9bd4	973	icon	NO-RESOURCE-LOCAL-LICENSE-EVIDENCE
icons/player/player_volume_on@3x.png	c868accca4d1927c76fd34e95e0d793b762dae5e	1372	icon	NO-RESOURCE-LOCAL-LICENSE-EVIDENCE
icons/player/player_volume_small.png	0365afa33cb7531ae9767a5fa9ab26bab4854542	370	icon	NO-RESOURCE-LOCAL-LICENSE-EVIDENCE
icons/player/player_volume_small@2x.png	25ad96230e900782a0d0dd6e62a94fd524a5a10f	639	icon	NO-RESOURCE-LOCAL-LICENSE-EVIDENCE
icons/player/player_volume_small@3x.png	3cd7173710377f80d4ce60b5db5e54344626e6ec	858	icon	NO-RESOURCE-LOCAL-LICENSE-EVIDENCE
icons/player/playlist_cancel.png	a7b9ede8ebc829dacf28ded742b9f881da8f9b2c	216	icon	NO-RESOURCE-LOCAL-LICENSE-EVIDENCE
icons/player/playlist_cancel@2x.png	517f9243b7f851197915846a9db53fdbfc81fc58	330	icon	NO-RESOURCE-LOCAL-LICENSE-EVIDENCE
icons/player/playlist_cancel@3x.png	1792b5648770f2a6a4d477c4076e96190eb363c2	381	icon	NO-RESOURCE-LOCAL-LICENSE-EVIDENCE
icons/player/playlist_download.png	51b87492815a39d792764e414ee8f9e08056e2c0	163	icon	NO-RESOURCE-LOCAL-LICENSE-EVIDENCE
icons/player/playlist_download@2x.png	a2b87e65b5818d24a36b81d919d6ab2e0494a79c	351	icon	NO-RESOURCE-LOCAL-LICENSE-EVIDENCE
icons/player/playlist_download@3x.png	042a780855dc37d1ea391395fafc89d4faaa42ca	534	icon	NO-RESOURCE-LOCAL-LICENSE-EVIDENCE
icons/player/playlist_pause.png	b41c41cb9683f56695a9b248c7be54bf016ca961	117	icon	NO-RESOURCE-LOCAL-LICENSE-EVIDENCE
icons/player/playlist_pause@2x.png	15f705b8f1ab69cc58bd9608d07a524280f88455	230	icon	NO-RESOURCE-LOCAL-LICENSE-EVIDENCE
icons/player/playlist_pause@3x.png	d258d1b434b00e6825d1a866b99948b527fc8b39	219	icon	NO-RESOURCE-LOCAL-LICENSE-EVIDENCE
icons/player/playlist_play.png	9e314e48dfec0dc8b6f2bb74bc468842d51b70e6	272	icon	NO-RESOURCE-LOCAL-LICENSE-EVIDENCE
icons/player/playlist_play@2x.png	6d5cf39bd0bb2432243940f926e0b799d2b7fd25	365	icon	NO-RESOURCE-LOCAL-LICENSE-EVIDENCE
icons/player/playlist_play@3x.png	088a70eb760c8b8466be983871b092b9e9c5ef83	514	icon	NO-RESOURCE-LOCAL-LICENSE-EVIDENCE
icons/player/playlist_shadow.png	606ddfb51f7aaf0f2c476a76c735da8e9a5b56d5	75	icon	NO-RESOURCE-LOCAL-LICENSE-EVIDENCE
icons/player/playlist_shadow@2x.png	dc433eb82157c97e08b4f03db140af013adc48b1	91	icon	NO-RESOURCE-LOCAL-LICENSE-EVIDENCE
icons/player/playlist_shadow@3x.png	13f760f82995a23b43ca6e3dc948582915ce0a81	91	icon	NO-RESOURCE-LOCAL-LICENSE-EVIDENCE
icons/player/speed/audiospeed_menu_0.5.png	f3fb2c8b7c30f8f83b18d71a862bd4b6c3fa36c6	536	icon	NO-RESOURCE-LOCAL-LICENSE-EVIDENCE
icons/player/speed/audiospeed_menu_0.5@2x.png	23be463ef0862c0542baa2ffc33f0c28e647097b	1120	icon	NO-RESOURCE-LOCAL-LICENSE-EVIDENCE
icons/player/speed/audiospeed_menu_0.5@3x.png	030a4e04eedd8b53ccce2468571e4bc3de8c4dee	1667	icon	NO-RESOURCE-LOCAL-LICENSE-EVIDENCE
icons/player/speed/audiospeed_menu_1.0.png	bfa0669d233e80dd8668975348cc154b7a892109	478	icon	NO-RESOURCE-LOCAL-LICENSE-EVIDENCE
icons/player/speed/audiospeed_menu_1.0@2x.png	6cb73540f37a1326eb1fb4702fd88f5a76ec0ea0	947	icon	NO-RESOURCE-LOCAL-LICENSE-EVIDENCE
icons/player/speed/audiospeed_menu_1.0@3x.png	e78836e41c19435784f70a0b87fadf12196cf18e	1372	icon	NO-RESOURCE-LOCAL-LICENSE-EVIDENCE
icons/player/speed/audiospeed_menu_1.2.png	a75d3573b3a631d63301857bb66691c5e41adae1	502	icon	NO-RESOURCE-LOCAL-LICENSE-EVIDENCE
icons/player/speed/audiospeed_menu_1.2@2x.png	93c3cc58a9e54508bfc217fa2be084c74ce787e2	939	icon	NO-RESOURCE-LOCAL-LICENSE-EVIDENCE
icons/player/speed/audiospeed_menu_1.2@3x.png	38fdf1eadcec4f7bd2a22f178b54111db1543b5a	1351	icon	NO-RESOURCE-LOCAL-LICENSE-EVIDENCE
icons/player/speed/audiospeed_menu_1.5.png	95fef6aa8b7c73ae6d2b322df15c9ea621ba0a8a	522	icon	NO-RESOURCE-LOCAL-LICENSE-EVIDENCE
icons/player/speed/audiospeed_menu_1.5@2x.png	a376a4e52f749402796ecbb840a3070672f7aef7	1020	icon	NO-RESOURCE-LOCAL-LICENSE-EVIDENCE
icons/player/speed/audiospeed_menu_1.5@3x.png	ebdcebda183688e2e14208e41988e09042af4487	1408	icon	NO-RESOURCE-LOCAL-LICENSE-EVIDENCE
icons/player/speed/audiospeed_menu_1.7.png	1cc20e56d849a315d94e1c409165577bad908c44	475	icon	NO-RESOURCE-LOCAL-LICENSE-EVIDENCE
icons/player/speed/audiospeed_menu_1.7@2x.png	7bd696eb6e5494f2de79e9eb92468f16f6955cd1	889	icon	NO-RESOURCE-LOCAL-LICENSE-EVIDENCE
icons/player/speed/audiospeed_menu_1.7@3x.png	16dc797bc9fbee6a19af461f3453093138e8722e	1295	icon	NO-RESOURCE-LOCAL-LICENSE-EVIDENCE
icons/player/speed/audiospeed_menu_2.0.png	f0245ccb24c894d5c16e257837a082933c8b69ff	463	icon	NO-RESOURCE-LOCAL-LICENSE-EVIDENCE
icons/player/speed/audiospeed_menu_2.0@2x.png	a43c316189722fb1bd4ef595a95574d51abf8c8f	817	icon	NO-RESOURCE-LOCAL-LICENSE-EVIDENCE
icons/player/speed/audiospeed_menu_2.0@3x.png	227902b9da7b66853652adda7f2eb793de662078	1215	icon	NO-RESOURCE-LOCAL-LICENSE-EVIDENCE
icons/poll/filled/filled_poll_add.svg	6e080bc9f866d2cf3eafe065211ded975d625e1e	1137	icon	NO-RESOURCE-LOCAL-LICENSE-EVIDENCE
icons/poll/filled/filled_poll_correct.svg	3ae580ee8c90320f92971c6219e9847958f28ce7	1032	icon	NO-RESOURCE-LOCAL-LICENSE-EVIDENCE
icons/poll/filled/filled_poll_country.svg	bf77eb160fcdfaf3353d4864f7115722195a1438	988	icon	NO-RESOURCE-LOCAL-LICENSE-EVIDENCE
icons/poll/filled/filled_poll_deadline.svg	b7ce751224ca5c824f0522a8dad6bc344d1e44ba	2468	icon	NO-RESOURCE-LOCAL-LICENSE-EVIDENCE
icons/poll/filled/filled_poll_multiple.svg	3b6e509f98051a62598c2f738498a6110207eea9	2323	icon	NO-RESOURCE-LOCAL-LICENSE-EVIDENCE
icons/poll/filled/filled_poll_revote.svg	caeedd891c69fbbc7b4fda66f3b725372eb21d4b	2147	icon	NO-RESOURCE-LOCAL-LICENSE-EVIDENCE
icons/poll/filled/filled_poll_shuffle.svg	5aaf664f55c0f76f1216f19b4eb5cfac18422049	2463	icon	NO-RESOURCE-LOCAL-LICENSE-EVIDENCE
icons/poll/filled/filled_poll_subscribers.svg	52b73e4d19030a6094c00b508ab4bb15ceec3c22	3576	icon	NO-RESOURCE-LOCAL-LICENSE-EVIDENCE
icons/poll/filled/filled_poll_view.svg	514b04efbd41b13e34d3ed6add7fc596a89678f6	941	icon	NO-RESOURCE-LOCAL-LICENSE-EVIDENCE
icons/poll/general/menu_poll_order.svg	a680acd98c548b52ee719add38d5057a5880c84f	1067	icon	NO-RESOURCE-LOCAL-LICENSE-EVIDENCE
icons/poll/general/outline_poll_add.svg	afb9d1a4d92e9dc835ecfbf8cc7d6a8a1ed834af	809	icon	NO-RESOURCE-LOCAL-LICENSE-EVIDENCE
icons/poll/general/outline_poll_attach.svg	5e2de24f5ae12c833d8d0e23c5e4f9d7a315bd30	1081	icon	NO-RESOURCE-LOCAL-LICENSE-EVIDENCE
icons/poll/general/outline_poll_emoji.svg	2a52749d7d4df9216979ae11ed9b16b5370cdd98	1811	icon	NO-RESOURCE-LOCAL-LICENSE-EVIDENCE
icons/poll/toast_hide_results.tgs	7e489655e3ec60371924fb0a4811026790012ae5	2164	icon	NO-RESOURCE-LOCAL-LICENSE-EVIDENCE
icons/poll/uploading.tgs	77973c55634faee12ad83083604b6548f9600791	1511	icon	NO-RESOURCE-LOCAL-LICENSE-EVIDENCE
icons/poll_choice_right.png	ebc2c9e9ed4acb68f85bc698d37b5087d5a6d0d2	166	icon	NO-RESOURCE-LOCAL-LICENSE-EVIDENCE
icons/poll_choice_right@2x.png	7907a5afe2ea97a84d842845158660d5ce45048d	219	icon	NO-RESOURCE-LOCAL-LICENSE-EVIDENCE
icons/poll_choice_right@3x.png	706c7078026dd261d77bdaef837273739b25f7aa	294	icon	NO-RESOURCE-LOCAL-LICENSE-EVIDENCE
icons/poll_choice_wrong.png	afb504540d173b6de110760b7469829c3c4a1757	157	icon	NO-RESOURCE-LOCAL-LICENSE-EVIDENCE
icons/poll_choice_wrong@2x.png	c59a6e91fc19205faf15f29cd4f8078d98db932c	213	icon	NO-RESOURCE-LOCAL-LICENSE-EVIDENCE
icons/poll_choice_wrong@3x.png	2caf9a23e8efe10168a6e51781681f71d8857c44	260	icon	NO-RESOURCE-LOCAL-LICENSE-EVIDENCE
icons/poll_select_check.png	535ef0917c9dcdc173940baaac6c4f2b2b5e89b5	249	icon	NO-RESOURCE-LOCAL-LICENSE-EVIDENCE
icons/poll_select_check@2x.png	f3ddc5122134f302e30347bd90d583df586d8998	364	icon	NO-RESOURCE-LOCAL-LICENSE-EVIDENCE
icons/poll_select_check@3x.png	3429c939be54b1421d4abf931f1a3a7a0e87829a	556	icon	NO-RESOURCE-LOCAL-LICENSE-EVIDENCE
icons/premium/adsbubble.svg	757e6e24c97e41983a2e3ae22f3a32841f7a836b	2303	icon	NO-RESOURCE-LOCAL-LICENSE-EVIDENCE
icons/premium/bold.svg	71ac027fb2c4eca57656952ff66bf82112d783ef	1618	icon	NO-RESOURCE-LOCAL-LICENSE-EVIDENCE
icons/premium/bubble.svg	c16b6f9ad53e0987d14cd4006df090773e146515	760	icon	NO-RESOURCE-LOCAL-LICENSE-EVIDENCE
icons/premium/check.svg	ca3605faa2f6737af5bbc92a55e51fbee5a89200	821	icon	NO-RESOURCE-LOCAL-LICENSE-EVIDENCE
icons/premium/code.svg	026f4760bca0fcb96084fadc6511cfc77fa8c11f	1602	icon	NO-RESOURCE-LOCAL-LICENSE-EVIDENCE
icons/premium/folder.svg	c8f6cff694d7cf3e28f0de3e48cee5a36194367f	546	icon	NO-RESOURCE-LOCAL-LICENSE-EVIDENCE
icons/premium/like.svg	89a4957937eb53b6d023c603603c3b2a6b2d1539	3543	icon	NO-RESOURCE-LOCAL-LICENSE-EVIDENCE
icons/premium/list.svg	5a3dc7260022ca49a3df9650ae9dbc8e61aee771	2439	icon	NO-RESOURCE-LOCAL-LICENSE-EVIDENCE
icons/premium/math.svg	18bcf8a4cf489d32321516bc3a2a2c65d5796d83	1716	icon	NO-RESOURCE-LOCAL-LICENSE-EVIDENCE
icons/premium/noads.svg	3800563d273649ef3221ebd7aa48d2014a91e831	2091	icon	NO-RESOURCE-LOCAL-LICENSE-EVIDENCE
icons/premium/settings.svg	38d794087056b8d6faf7abd696aa5e2066cac991	4034	icon	NO-RESOURCE-LOCAL-LICENSE-EVIDENCE
icons/premium/smile1.svg	759600fcca538b38e8f9d62fda911edeb202d09c	2542	icon	NO-RESOURCE-LOCAL-LICENSE-EVIDENCE
icons/premium/smile2.svg	467d5e5c50a85db70a0aebdc59cf05e80bfcd6c4	2720	icon	NO-RESOURCE-LOCAL-LICENSE-EVIDENCE
icons/premium/star.svg	d643ed7ee9aa54ab21cc822797bb984f27fa0a2e	1383	icon	NO-RESOURCE-LOCAL-LICENSE-EVIDENCE
icons/premium/superscript.svg	d0b1d977a577708c536a63236c51d54e2ed47388	2256	icon	NO-RESOURCE-LOCAL-LICENSE-EVIDENCE
icons/premium/table.svg	63f8fa4a1cf16dca452eb084e834f2f3f8ec59a7	1351	icon	NO-RESOURCE-LOCAL-LICENSE-EVIDENCE
icons/premium/tag.svg	4791085cc3c2350ee253f65eb8bcf40509aaca56	785	icon	NO-RESOURCE-LOCAL-LICENSE-EVIDENCE
icons/premium/user.svg	35815b81f9e123a71a64d33f2ec2a3bb02690ed5	2866	icon	NO-RESOURCE-LOCAL-LICENSE-EVIDENCE
icons/premium/video.svg	02788670f84a54385d283000251fd19779fbd11b	881	icon	NO-RESOURCE-LOCAL-LICENSE-EVIDENCE
icons/premium/video2.svg	16366077c7becb1671c74c1b491fd3027c829f01	1287	icon	NO-RESOURCE-LOCAL-LICENSE-EVIDENCE
icons/profile/call.svg	4882bb62286bb5ae68e37b63122548052cf58249	649	icon	NO-RESOURCE-LOCAL-LICENSE-EVIDENCE
icons/profile/gift.svg	0d6880abee531476a414192974e102467619612b	1787	icon	NO-RESOURCE-LOCAL-LICENSE-EVIDENCE
icons/profile/join.svg	7c53bdae005b2845cb062c38e2c1e5f6e6bab248	1635	icon	NO-RESOURCE-LOCAL-LICENSE-EVIDENCE
icons/profile/leave.svg	a91a104440aaeeaa496261633f556ea69a715a51	1116	icon	NO-RESOURCE-LOCAL-LICENSE-EVIDENCE
icons/profile/live_stream.svg	936e77506b895707b5e0fdb6a9370f3d260e9ce8	723	icon	NO-RESOURCE-LOCAL-LICENSE-EVIDENCE
icons/profile/message.svg	685cf25a68df6daffa0c2296f80051b850728a61	505	icon	NO-RESOURCE-LOCAL-LICENSE-EVIDENCE
icons/profile/mute.svg	d9fea015edcfda68bbb07f682972ae570298c466	661	icon	NO-RESOURCE-LOCAL-LICENSE-EVIDENCE
icons/profile/profile_manage.png	38f1a731dd7b2ecc0f50d2c5ccc45b951b0bbe1c	606	icon	NO-RESOURCE-LOCAL-LICENSE-EVIDENCE
icons/profile/profile_manage@2x.png	e5ab30a5183b9fa45fc2174fb514f992de3a9f06	1079	icon	NO-RESOURCE-LOCAL-LICENSE-EVIDENCE
icons/profile/profile_manage@3x.png	8bf97111c72722e6d87cc6612b1ecc8d626e126d	1487	icon	NO-RESOURCE-LOCAL-LICENSE-EVIDENCE
icons/profile/profile_more.png	a35e32ff9580cf391e1d5d75ef69f4578ea4b32a	352	icon	NO-RESOURCE-LOCAL-LICENSE-EVIDENCE
icons/profile/profile_more@2x.png	c7ceb94e5875f069f869d5b9fde5aebc2df02cf1	442	icon	NO-RESOURCE-LOCAL-LICENSE-EVIDENCE
icons/profile/profile_more@3x.png	3851073ed9f03b47095967749bf5e3d4bd4cbe24	818	icon	NO-RESOURCE-LOCAL-LICENSE-EVIDENCE
icons/profile/report.svg	2dc982d75f7e997a67eabdcdd24002aeb1284748	680	icon	NO-RESOURCE-LOCAL-LICENSE-EVIDENCE
icons/profile/unmute.svg	80bd6c2fa4ad0cff9aacd8e32fc0bf65dfbfd939	910	icon	NO-RESOURCE-LOCAL-LICENSE-EVIDENCE
icons/profile_add_member.png	828236388742466bcfb3230d88838c51ba0e4098	319	icon	NO-RESOURCE-LOCAL-LICENSE-EVIDENCE
icons/profile_add_member@2x.png	fa6ed0d2cdaf7254e34c2c3ed329fefa3794d488	592	icon	NO-RESOURCE-LOCAL-LICENSE-EVIDENCE
icons/profile_add_member@3x.png	856b36b03e1d43a75df2b95e98b68935af87b156	923	icon	NO-RESOURCE-LOCAL-LICENSE-EVIDENCE
icons/profile_premium.png	b62c5573980904618f5770115810a09a3643f662	433	icon	NO-RESOURCE-LOCAL-LICENSE-EVIDENCE
icons/profile_premium@2x.png	5c72af41506a52e966c5c9efc58e852f4cddfbcb	764	icon	NO-RESOURCE-LOCAL-LICENSE-EVIDENCE
icons/profile_premium@3x.png	f309d0aaccd9628b787834c3065c4168220a145b	1075	icon	NO-RESOURCE-LOCAL-LICENSE-EVIDENCE
icons/profile_verified_check.png	45ce8c9ecee049510722f58e7466f65db5f72ae4	263	icon	NO-RESOURCE-LOCAL-LICENSE-EVIDENCE
icons/profile_verified_check@2x.png	b9180a6b1e3904db57f8296af55471fb90128e4c	350	icon	NO-RESOURCE-LOCAL-LICENSE-EVIDENCE
icons/profile_verified_check@3x.png	3b61b0f783852ae52a9bcfc10addad112e72a2cf	451	icon	NO-RESOURCE-LOCAL-LICENSE-EVIDENCE
icons/profile_verified_star.png	bc19c2dcbe262923bde9cfbca08139bddc0351df	375	icon	NO-RESOURCE-LOCAL-LICENSE-EVIDENCE
icons/profile_verified_star@2x.png	8db01d0be3bee5714f6efe7643770be2711626b7	628	icon	NO-RESOURCE-LOCAL-LICENSE-EVIDENCE
icons/profile_verified_star@3x.png	c999dabaabf4e796cfca49b3aa83849de1e448c9	978	icon	NO-RESOURCE-LOCAL-LICENSE-EVIDENCE
icons/proxy_off.png	c246255a020d45d6d977571a69c80d92e819bd5a	632	icon	NO-RESOURCE-LOCAL-LICENSE-EVIDENCE
icons/proxy_off@2x.png	4afc9c3d505f16510746a31ae2cb328c2cf7c38e	1156	icon	NO-RESOURCE-LOCAL-LICENSE-EVIDENCE
icons/proxy_off@3x.png	ddefed77c3922a5cad9c386a400b960a7e0e16a9	1636	icon	NO-RESOURCE-LOCAL-LICENSE-EVIDENCE
icons/proxy_on.png	e336edd7106251bfb121624f2641716c5aa96b0a	619	icon	NO-RESOURCE-LOCAL-LICENSE-EVIDENCE
icons/proxy_on@2x.png	a2f6ca6792afb39c2fbfbf571c8af34b5214d7e6	1117	icon	NO-RESOURCE-LOCAL-LICENSE-EVIDENCE
icons/proxy_on@3x.png	88df39ed5f44ff8f062815e316b5cdc2181229a4	1610	icon	NO-RESOURCE-LOCAL-LICENSE-EVIDENCE
icons/qr_mini.png	b26188bcd692064d337080fa7db3f5e2b1eca446	641	icon	NO-RESOURCE-LOCAL-LICENSE-EVIDENCE
icons/qr_mini@2x.png	e3e3992d2b687238173a2dfa33b3f42c2d60acad	1106	icon	NO-RESOURCE-LOCAL-LICENSE-EVIDENCE
icons/qr_mini@3x.png	46074860a3463c08d4ac0e6ae1389ba0c9cc1304	1106	icon	NO-RESOURCE-LOCAL-LICENSE-EVIDENCE
icons/quiz_explain.png	6d06514ccc9048b5524dbe4cb3c7dd42277f3d8d	576	icon	NO-RESOURCE-LOCAL-LICENSE-EVIDENCE
icons/quiz_explain@2x.png	1634455047d06d45a9a01280c05f4f1567597980	1058	icon	NO-RESOURCE-LOCAL-LICENSE-EVIDENCE
icons/quiz_explain@3x.png	a4b6f08bb50116c3e557933bb89e60e1999e51d7	1528	icon	NO-RESOURCE-LOCAL-LICENSE-EVIDENCE
icons/quiz_timer.png	36f59ca6926bfd37a7068e95e35dd5d5f39d061e	440	icon	NO-RESOURCE-LOCAL-LICENSE-EVIDENCE
icons/quiz_timer@2x.png	fe3ed207e2a45f6c1718ba7d13f126634a6726f5	803	icon	NO-RESOURCE-LOCAL-LICENSE-EVIDENCE
icons/quiz_timer@3x.png	ffdece6f319ef48770070a6e3809437a1aea645c	1181	icon	NO-RESOURCE-LOCAL-LICENSE-EVIDENCE
icons/replies_userpic.png	88d5e84192d66b842c61ba0a9cbdd18149a8be3f	441	icon	NO-RESOURCE-LOCAL-LICENSE-EVIDENCE
icons/replies_userpic@2x.png	a9d00481fbfa804e016e2644d6561fde776dd3ad	909	icon	NO-RESOURCE-LOCAL-LICENSE-EVIDENCE
icons/replies_userpic@3x.png	a0a8a1b0f5f65801da6e9076c9a787f07e5ea5c8	1499	icon	NO-RESOURCE-LOCAL-LICENSE-EVIDENCE
icons/send_media/send_media_cross.svg	50abac8af803db68c64f2cdd2794c385c7981858	444	icon	NO-RESOURCE-LOCAL-LICENSE-EVIDENCE
icons/send_media/send_media_delete.png	7d3c0d0397df56044bb61708158466cca1527f18	313	icon	NO-RESOURCE-LOCAL-LICENSE-EVIDENCE
icons/send_media/send_media_delete@2x.png	56093e159e085e1c22a24b187c6999fe8e25c6aa	463	icon	NO-RESOURCE-LOCAL-LICENSE-EVIDENCE
icons/send_media/send_media_delete@3x.png	3eb037dc78f2ba8f74d46d81382360bf91ad9a44	689	icon	NO-RESOURCE-LOCAL-LICENSE-EVIDENCE
icons/send_media/send_media_more.svg	b7ddcad3ec7173093c5fb1edad26e10e3955e0d1	478	icon	NO-RESOURCE-LOCAL-LICENSE-EVIDENCE
icons/send_media/send_media_replace.png	262550ad4e1a19cbffdbf0d75e6129529242ecf1	407	icon	NO-RESOURCE-LOCAL-LICENSE-EVIDENCE
icons/send_media/send_media_replace@2x.png	6bbcd0b6c12bdbc479d0ded848ecc5e4f5c40b9b	772	icon	NO-RESOURCE-LOCAL-LICENSE-EVIDENCE
icons/send_media/send_media_replace@3x.png	31b27a7302af7a046b1497506968e80d60b6c946	1018	icon	NO-RESOURCE-LOCAL-LICENSE-EVIDENCE
icons/settings/account.png	cbb8fffcdc42a8efef8f79c6c7d793cec78a2cd7	493	icon	NO-RESOURCE-LOCAL-LICENSE-EVIDENCE
icons/settings/account@2x.png	a893c53b1e24f38d188600be7524722f6fe33206	945	icon	NO-RESOURCE-LOCAL-LICENSE-EVIDENCE
icons/settings/account@3x.png	493007fd615d870969d67eb332505fadc5cec829	1364	icon	NO-RESOURCE-LOCAL-LICENSE-EVIDENCE
icons/settings/add.png	b4f18d5de4348c773ee5937c33ce272db2caf95b	236	icon	NO-RESOURCE-LOCAL-LICENSE-EVIDENCE
icons/settings/add@2x.png	d40c899cc2bb553f03f7637fd564b646089f29a8	310	icon	NO-RESOURCE-LOCAL-LICENSE-EVIDENCE
icons/settings/add@3x.png	5a8daff62091ef82f78e0ef3d1688d3e578d330f	400	icon	NO-RESOURCE-LOCAL-LICENSE-EVIDENCE
icons/settings/advanced.png	d5647638103b5caf073e018b16224b224d817a4d	488	icon	NO-RESOURCE-LOCAL-LICENSE-EVIDENCE
icons/settings/advanced@2x.png	7f7872d33b18ad9450eb1dc744de0911bbc4f33e	863	icon	NO-RESOURCE-LOCAL-LICENSE-EVIDENCE
icons/settings/advanced@3x.png	88a7d0a58f88d8a49f6e59d33171157c76053c9c	1255	icon	NO-RESOURCE-LOCAL-LICENSE-EVIDENCE
icons/settings/archive.png	3847af0a8be91f160f9ff9b78cfd5219933a3b85	314	icon	NO-RESOURCE-LOCAL-LICENSE-EVIDENCE
icons/settings/archive@2x.png	9baee48d37ef40b5dcbd2590e7d89d360574647e	446	icon	NO-RESOURCE-LOCAL-LICENSE-EVIDENCE
icons/settings/archive@3x.png	4e42c4aa0c0942e45becd0ccf9bf8c766ccc6320	644	icon	NO-RESOURCE-LOCAL-LICENSE-EVIDENCE
icons/settings/arrows.png	ce4d5cd751eb18621ec4f60ad9b4483041712cb2	454	icon	NO-RESOURCE-LOCAL-LICENSE-EVIDENCE
icons/settings/arrows@2x.png	dcba1e4f6cbdbda04f112320f06c7a1131484453	818	icon	NO-RESOURCE-LOCAL-LICENSE-EVIDENCE
icons/settings/arrows@3x.png	9bda1806c78e4a8a2eab78dc7ee97634b69d00d0	1198	icon	NO-RESOURCE-LOCAL-LICENSE-EVIDENCE
icons/settings/ask_question.png	31155366940b17772a546ef6408e3b804d26986e	507	icon	NO-RESOURCE-LOCAL-LICENSE-EVIDENCE
icons/settings/ask_question@2x.png	39ef38554782fd714d170eb3319a4c3e4160a9b8	806	icon	NO-RESOURCE-LOCAL-LICENSE-EVIDENCE
icons/settings/ask_question@3x.png	107f94cd6b5afaacd0dc719452be7804827b613b	1261	icon	NO-RESOURCE-LOCAL-LICENSE-EVIDENCE
icons/settings/battery.png	4287599be3066711a9b4fd596f0d9c3588ed3d59	353	icon	NO-RESOURCE-LOCAL-LICENSE-EVIDENCE
icons/settings/battery@2x.png	b454099496059882363c1690b3ca6ce735973e0f	574	icon	NO-RESOURCE-LOCAL-LICENSE-EVIDENCE
icons/settings/battery@3x.png	2c1fe9a28d94ff781650ac8c5baa9caffe121762	884	icon	NO-RESOURCE-LOCAL-LICENSE-EVIDENCE
icons/settings/birthday_add.svg	a370aba0dc1ddcddd2bfdf4d5e372b492908dbfe	4531	icon	NO-RESOURCE-LOCAL-LICENSE-EVIDENCE
icons/settings/blocked.png	394b9f28999741eda3908a8fa3ca96072950999d	476	icon	NO-RESOURCE-LOCAL-LICENSE-EVIDENCE
icons/settings/blocked@2x.png	ad15b0ed17b4866e63203135823276bfdb66f8ce	789	icon	NO-RESOURCE-LOCAL-LICENSE-EVIDENCE
icons/settings/blocked@3x.png	64ff47658e758a8f87d7a84e7bcac462790e95bc	1116	icon	NO-RESOURCE-LOCAL-LICENSE-EVIDENCE
icons/settings/button_auction.png	6fbaa5e019ad929734115e03dba274698c92c38c	522	icon	NO-RESOURCE-LOCAL-LICENSE-EVIDENCE
icons/settings/button_auction@2x.png	c4c3ef1d8feaa6d2947fb5cb8cd88dd45e86c005	935	icon	NO-RESOURCE-LOCAL-LICENSE-EVIDENCE
icons/settings/button_auction@3x.png	c9c6b285615467625e0e49ada9e6853c7ff734ba	1439	icon	NO-RESOURCE-LOCAL-LICENSE-EVIDENCE
icons/settings/calls.png	acc767e6ec4c77669c23510de7572b6a5ddd0d47	428	icon	NO-RESOURCE-LOCAL-LICENSE-EVIDENCE
icons/settings/calls@2x.png	2979b5df96992ca02fa7c586e08bd07a1da93ae8	717	icon	NO-RESOURCE-LOCAL-LICENSE-EVIDENCE
icons/settings/calls@3x.png	e46d52239efa565e5434b4436ff8b8937aae24b2	1092	icon	NO-RESOURCE-LOCAL-LICENSE-EVIDENCE
icons/settings/channel.png	1248e6f7e23afded11f97ac857c0dab03f5f5913	444	icon	NO-RESOURCE-LOCAL-LICENSE-EVIDENCE
icons/settings/channel@2x.png	edee414ff484bfe20f4f13aaa2c94b7ef10d6678	741	icon	NO-RESOURCE-LOCAL-LICENSE-EVIDENCE
icons/settings/channel@3x.png	39b116e56aaef7bf2ce6e0abe13cf785c6863f9a	1073	icon	NO-RESOURCE-LOCAL-LICENSE-EVIDENCE
icons/settings/chat.png	376c189f15dfbcf9899b49743d7c1f2b8bf272f7	462	icon	NO-RESOURCE-LOCAL-LICENSE-EVIDENCE
icons/settings/chat@2x.png	ef625f1a544af6924163d823508582631bc3679f	746	icon	NO-RESOURCE-LOCAL-LICENSE-EVIDENCE
icons/settings/chat@3x.png	5594a8613457fcb6b00da230b68cd3edb4a7e1df	1123	icon	NO-RESOURCE-LOCAL-LICENSE-EVIDENCE
icons/settings/devices/device_desktop_mac.lottie	8185f1dd604d4dd4ebd2d49361d60bcc8ce9d8a3	7648	icon	NO-RESOURCE-LOCAL-LICENSE-EVIDENCE
icons/settings/devices/device_desktop_mac.png	8490e5e07ba3554bca8e5fbd2c2f6806745eadf0	587	icon	NO-RESOURCE-LOCAL-LICENSE-EVIDENCE
icons/settings/devices/device_desktop_mac@2x.png	6992485c1c4fa76547f914d5802ae0bb4375504f	1025	icon	NO-RESOURCE-LOCAL-LICENSE-EVIDENCE
icons/settings/devices/device_desktop_mac@3x.png	75e0e14f8d4d8026411891458e6e156afb3a02b2	1478	icon	NO-RESOURCE-LOCAL-LICENSE-EVIDENCE
icons/settings/devices/device_desktop_win.lottie	979b7d8ea672bf89e5a4e77149d4a7285fbdbb25	3637	icon	NO-RESOURCE-LOCAL-LICENSE-EVIDENCE
icons/settings/devices/device_desktop_win.png	713026f682009d2de2e28142ec09c1c79b15beb8	551	icon	NO-RESOURCE-LOCAL-LICENSE-EVIDENCE
icons/settings/devices/device_desktop_win@2x.png	1c9da124375aa58cf475bb510a85508b574e6068	847	icon	NO-RESOURCE-LOCAL-LICENSE-EVIDENCE
icons/settings/devices/device_desktop_win@3x.png	3d42cf390a8ad1c58ee15f9d7428754b609b138c	1041	icon	NO-RESOURCE-LOCAL-LICENSE-EVIDENCE
icons/settings/devices/device_linux.lottie	bdbaff768a9608731f2819bb254a6049656cd755	8926	icon	NO-RESOURCE-LOCAL-LICENSE-EVIDENCE
icons/settings/devices/device_linux.png	9bd1ab9c3a586b78af2eaa75393c612189cdba9b	710	icon	NO-RESOURCE-LOCAL-LICENSE-EVIDENCE
icons/settings/devices/device_linux@2x.png	e6eecd5770b3c58538b4178de6a68ba363fb2bce	1413	icon	NO-RESOURCE-LOCAL-LICENSE-EVIDENCE
icons/settings/devices/device_linux@3x.png	728a922cfa9fcc6f5dfb2d680449a6acfd4fa7d7	2109	icon	NO-RESOURCE-LOCAL-LICENSE-EVIDENCE
icons/settings/devices/device_linux_ubuntu.lottie	b4f5567192eb0480add5ac16ce281ef45679fcb7	7415	icon	NO-RESOURCE-LOCAL-LICENSE-EVIDENCE
icons/settings/devices/device_linux_ubuntu.png	8cb524953435217bd06b630c7a64e65a85df9013	757	icon	NO-RESOURCE-LOCAL-LICENSE-EVIDENCE
icons/settings/devices/device_linux_ubuntu@2x.png	37a44106e314c0dddfae5b6893abe0a91a5bedca	1548	icon	NO-RESOURCE-LOCAL-LICENSE-EVIDENCE
icons/settings/devices/device_linux_ubuntu@3x.png	8544938c11b0515179f669acb3a07cfe6694d8f4	2294	icon	NO-RESOURCE-LOCAL-LICENSE-EVIDENCE
icons/settings/devices/device_other.png	ad8bce06a0274608d59104860f93ee49a225fe2a	414	icon	NO-RESOURCE-LOCAL-LICENSE-EVIDENCE
icons/settings/devices/device_other@2x.png	db27d3482c6d9eb8779c1a13957984a987fc386d	662	icon	NO-RESOURCE-LOCAL-LICENSE-EVIDENCE
icons/settings/devices/device_other@3x.png	9ec10ee96fff9617beb21ffc34ac4616eba659eb	984	icon	NO-RESOURCE-LOCAL-LICENSE-EVIDENCE
icons/settings/devices/device_other_large.png	0f47128db6ca4b54c75c61c84fd1c3549865e30b	611	icon	NO-RESOURCE-LOCAL-LICENSE-EVIDENCE
icons/settings/devices/device_other_large@2x.png	ee45e7b9a1cbf56c704535bda059f8ab13a12302	1011	icon	NO-RESOURCE-LOCAL-LICENSE-EVIDENCE
icons/settings/devices/device_other_large@3x.png	5b617f8336dd3551fb9c31077ecdd94cb0e903fd	1686	icon	NO-RESOURCE-LOCAL-LICENSE-EVIDENCE
icons/settings/devices/device_phone_android.lottie	355d944318a78c693c48ae7f59050db45699fea2	7296	icon	NO-RESOURCE-LOCAL-LICENSE-EVIDENCE
icons/settings/devices/device_phone_android.png	19b73ecd009fc0d9796501b906fbd4f9fd397642	592	icon	NO-RESOURCE-LOCAL-LICENSE-EVIDENCE
icons/settings/devices/device_phone_android@2x.png	331136c7874362dce5815abd670a64a3de3b2237	1125	icon	NO-RESOURCE-LOCAL-LICENSE-EVIDENCE
icons/settings/devices/device_phone_android@3x.png	710ba2fa98f0c3778a721c3278d7d43eca2f80ff	1714	icon	NO-RESOURCE-LOCAL-LICENSE-EVIDENCE
icons/settings/devices/device_phone_ios.lottie	e5cefd53697eb3a5c539e8aa62a6c4a0279818b9	9607	icon	NO-RESOURCE-LOCAL-LICENSE-EVIDENCE
icons/settings/devices/device_phone_ios.png	9c67d38a1896938dda4460a23c61cc119486eabc	636	icon	NO-RESOURCE-LOCAL-LICENSE-EVIDENCE
icons/settings/devices/device_phone_ios@2x.png	c7b96ea8ae597d050a9bff5eb674565f9a924cbb	1263	icon	NO-RESOURCE-LOCAL-LICENSE-EVIDENCE
icons/settings/devices/device_phone_ios@3x.png	935622b5eaf683589a5e33e6ee8e160f5af2304e	1843	icon	NO-RESOURCE-LOCAL-LICENSE-EVIDENCE
icons/settings/devices/device_tablet_android.png	a88ae751ca7e4cb98b1af87bf459feb7c1cac53a	592	icon	NO-RESOURCE-LOCAL-LICENSE-EVIDENCE
icons/settings/devices/device_tablet_android@2x.png	44a46603448f5201600dbbb6d53ed61a98d52b38	1065	icon	NO-RESOURCE-LOCAL-LICENSE-EVIDENCE
icons/settings/devices/device_tablet_android@3x.png	596ae04258945541aba915b8a9c38e1a624726c8	1557	icon	NO-RESOURCE-LOCAL-LICENSE-EVIDENCE
icons/settings/devices/device_tablet_ios.lottie	8817d76b465b9575a7664e3e92efbb00427a9d5b	7366	icon	NO-RESOURCE-LOCAL-LICENSE-EVIDENCE
icons/settings/devices/device_tablet_ios.png	09fbacf4c76319745a69f8f6abe914eff2ede54d	584	icon	NO-RESOURCE-LOCAL-LICENSE-EVIDENCE
icons/settings/devices/device_tablet_ios@2x.png	2af837f4c515866d528d78e2890f1c3937bad2ca	1052	icon	NO-RESOURCE-LOCAL-LICENSE-EVIDENCE
icons/settings/devices/device_tablet_ios@3x.png	2dcf36c1d1760eb1e80ecb8344384bdfea5f12d0	1503	icon	NO-RESOURCE-LOCAL-LICENSE-EVIDENCE
icons/settings/devices/device_web_chrome.lottie	b97d9dba0516c5e120be1e8ef56d17d22e67fe41	6324	icon	NO-RESOURCE-LOCAL-LICENSE-EVIDENCE
icons/settings/devices/device_web_chrome.png	bc2445354878639c7ffc9c33b779a0eeaee927c1	920	icon	NO-RESOURCE-LOCAL-LICENSE-EVIDENCE
icons/settings/devices/device_web_chrome@2x.png	928758262a15589bdfe6aca9eb13ddca5e1c8e88	1887	icon	NO-RESOURCE-LOCAL-LICENSE-EVIDENCE
icons/settings/devices/device_web_chrome@3x.png	8776b1c28fbfd41dbef05a52e64d41878d2542fa	2805	icon	NO-RESOURCE-LOCAL-LICENSE-EVIDENCE
icons/settings/devices/device_web_edge.lottie	487209ad5566ee57daf43fe2fcb9070e9afe09e9	7736	icon	NO-RESOURCE-LOCAL-LICENSE-EVIDENCE
icons/settings/devices/device_web_edge.png	4f3e0d750e4579749077372b2967f1cebbfdea4a	765	icon	NO-RESOURCE-LOCAL-LICENSE-EVIDENCE
icons/settings/devices/device_web_edge@2x.png	451475472e0b96275114fc4fd15d3e94c27b27e5	1503	icon	NO-RESOURCE-LOCAL-LICENSE-EVIDENCE
icons/settings/devices/device_web_edge@3x.png	cd347cea8e3fad2a3d845ce19891ac94c24af7d0	2215	icon	NO-RESOURCE-LOCAL-LICENSE-EVIDENCE
icons/settings/devices/device_web_firefox.lottie	2db4fbd72e27bb9b1508b27a208784eb8d4f7b62	22239	icon	NO-RESOURCE-LOCAL-LICENSE-EVIDENCE
icons/settings/devices/device_web_firefox.png	aba0ee2de12262a6b09224e8cf9271b0443e461f	894	icon	NO-RESOURCE-LOCAL-LICENSE-EVIDENCE
icons/settings/devices/device_web_firefox@2x.png	d7a177b83ea04de7dd74eb6769c744046aa271c2	1744	icon	NO-RESOURCE-LOCAL-LICENSE-EVIDENCE
icons/settings/devices/device_web_firefox@3x.png	06ec192d5baf27c0545db3ecbb9ed7ba1af65be1	2612	icon	NO-RESOURCE-LOCAL-LICENSE-EVIDENCE
icons/settings/devices/device_web_other.png	9b777f53fe0f5b5d52167046c5f445b343c0022c	821	icon	NO-RESOURCE-LOCAL-LICENSE-EVIDENCE
icons/settings/devices/device_web_other@2x.png	ce90741f832fd5a28b46e96e9124e0dd2f8e687c	1566	icon	NO-RESOURCE-LOCAL-LICENSE-EVIDENCE
icons/settings/devices/device_web_other@3x.png	b6740fc967660e822ed53b6be221094e5b795521	2454	icon	NO-RESOURCE-LOCAL-LICENSE-EVIDENCE
icons/settings/devices/device_web_other_large.png	200206a6e97336a1e00a35ef4552dc10b5eeb6cd	1081	icon	NO-RESOURCE-LOCAL-LICENSE-EVIDENCE
icons/settings/devices/device_web_other_large@2x.png	740152c945e74a7075a5dac1bbff515233a75a73	2148	icon	NO-RESOURCE-LOCAL-LICENSE-EVIDENCE
icons/settings/devices/device_web_other_large@3x.png	6463c3a3430f0485c974cc9e43d79842f65bf183	3999	icon	NO-RESOURCE-LOCAL-LICENSE-EVIDENCE
icons/settings/devices/device_web_safari.lottie	5ff6fcbba05cfdbfc17ad87433ae04f44528db03	3023	icon	NO-RESOURCE-LOCAL-LICENSE-EVIDENCE
icons/settings/devices/device_web_safari.png	6ca985c193f5206ed6ee0238d8350734dec3548e	655	icon	NO-RESOURCE-LOCAL-LICENSE-EVIDENCE
icons/settings/devices/device_web_safari@2x.png	5ac37986cd7cf87eda7265c88f5fe51b6ca73b39	1288	icon	NO-RESOURCE-LOCAL-LICENSE-EVIDENCE
icons/settings/devices/device_web_safari@3x.png	b7d19c566310ed6745ddb411a10419cad4297465	1987	icon	NO-RESOURCE-LOCAL-LICENSE-EVIDENCE
icons/settings/dino.svg	24ebe83cf6302b73925e7078e1abeddf6c6f4266	5348	icon	NO-RESOURCE-LOCAL-LICENSE-EVIDENCE
icons/settings/dock.png	310e1b6b1a6dae28df1fc2d8f02241fc70863d31	531	icon	NO-RESOURCE-LOCAL-LICENSE-EVIDENCE
icons/settings/dock@2x.png	b768df23f7bc7862874c8284e7829e79c224c8c9	986	icon	NO-RESOURCE-LOCAL-LICENSE-EVIDENCE
icons/settings/dock@3x.png	88185cb23a2aaea014189af417a81522f2dc30fa	1457	icon	NO-RESOURCE-LOCAL-LICENSE-EVIDENCE
icons/settings/download.png	e5534b7cc462b18ad12d718386362f4f9926ba49	309	icon	NO-RESOURCE-LOCAL-LICENSE-EVIDENCE
icons/settings/download@2x.png	8a5a4464a5621da520387f9062a7b717595b2110	459	icon	NO-RESOURCE-LOCAL-LICENSE-EVIDENCE
icons/settings/download@3x.png	f302e56b74bc2f06175be981c20b4c6c6badf2bc	640	icon	NO-RESOURCE-LOCAL-LICENSE-EVIDENCE
icons/settings/earn.png	c2e73499e1950a076c770c67619b99acc72631c7	889	icon	NO-RESOURCE-LOCAL-LICENSE-EVIDENCE
icons/settings/earn@2x.png	53b7eec28c1a4e575ef4e4e48230a2ba003660ff	1755	icon	NO-RESOURCE-LOCAL-LICENSE-EVIDENCE
icons/settings/earn@3x.png	33c71446904543a485439e7ac439377db10ed92c	2581	icon	NO-RESOURCE-LOCAL-LICENSE-EVIDENCE
icons/settings/email.png	3c95d18daddb97c06bea1b923af137ec2c915869	368	icon	NO-RESOURCE-LOCAL-LICENSE-EVIDENCE
icons/settings/email@2x.png	8c1eac98c6cdcf933f9bce030893cbb67d6ad564	586	icon	NO-RESOURCE-LOCAL-LICENSE-EVIDENCE
icons/settings/email@3x.png	0c6e01a0d5ba811da1b1eac60c4cc2356caf18ec	842	icon	NO-RESOURCE-LOCAL-LICENSE-EVIDENCE
icons/settings/emoji.png	70440bfe7cb013f7419aa694af68f78fdc6f35a8	477	icon	NO-RESOURCE-LOCAL-LICENSE-EVIDENCE
icons/settings/emoji@2x.png	b95369896a12b4096a504b1093437cef243ae2c5	871	icon	NO-RESOURCE-LOCAL-LICENSE-EVIDENCE
icons/settings/emoji@3x.png	2146cb44954d7e929c34af55616503c646d9c2ad	1311	icon	NO-RESOURCE-LOCAL-LICENSE-EVIDENCE
icons/settings/faq.png	25eff523671ef66ecaf70fa988dc9461c651b5eb	481	icon	NO-RESOURCE-LOCAL-LICENSE-EVIDENCE
icons/settings/faq@2x.png	4703e1268d57aa1aaea14a674866becced0e7d90	952	icon	NO-RESOURCE-LOCAL-LICENSE-EVIDENCE
icons/settings/faq@3x.png	6df95ffba065104477031b5cba58449930520698	1408	icon	NO-RESOURCE-LOCAL-LICENSE-EVIDENCE
icons/settings/filled_verify_age.svg	2b13be56ca34e951f62429425fffb60e80d061a6	5036	icon	NO-RESOURCE-LOCAL-LICENSE-EVIDENCE
icons/settings/folder_links.png	da8497860bd8cd3ceacfbd7818e16a773899e398	467	icon	NO-RESOURCE-LOCAL-LICENSE-EVIDENCE
icons/settings/folder_links@2x.png	26dfa285efff645450e8e87a5b0874ec3bab64df	883	icon	NO-RESOURCE-LOCAL-LICENSE-EVIDENCE
icons/settings/folder_links@3x.png	fef135b0dbd2215849e7011f6c91eac4e4905b5c	1356	icon	NO-RESOURCE-LOCAL-LICENSE-EVIDENCE
icons/settings/folders.png	b68f55380dbf2d335d853fe4d69602061a886041	278	icon	NO-RESOURCE-LOCAL-LICENSE-EVIDENCE
icons/settings/folders@2x.png	318e36b0f4c943f02fe04ccda8912f688779348d	378	icon	NO-RESOURCE-LOCAL-LICENSE-EVIDENCE
icons/settings/folders@3x.png	6d4ced4fc944782271cd3be87c1718b156ff6f8d	578	icon	NO-RESOURCE-LOCAL-LICENSE-EVIDENCE
icons/settings/forward.png	8aedeed9e5357ef00d3af00889840766a1d68367	374	icon	NO-RESOURCE-LOCAL-LICENSE-EVIDENCE
icons/settings/forward@2x.png	0cdbe6f9b6078d8a25a468dbd6092fef4e4611fe	636	icon	NO-RESOURCE-LOCAL-LICENSE-EVIDENCE
icons/settings/forward@3x.png	04eb4817961bf8fbd9cb98ca88ac8c0e3fe70519	972	icon	NO-RESOURCE-LOCAL-LICENSE-EVIDENCE
icons/settings/gift.png	8dacb6c7ebfb459dd85737ca1b1fed1b96c24ab7	574	icon	NO-RESOURCE-LOCAL-LICENSE-EVIDENCE
icons/settings/gift@2x.png	996bd85d0ba414a4e9ff87767b2eddb94432da0e	1016	icon	NO-RESOURCE-LOCAL-LICENSE-EVIDENCE
icons/settings/gift@3x.png	240680269ed1457e79a0b060e00bf37a833656b4	1370	icon	NO-RESOURCE-LOCAL-LICENSE-EVIDENCE
icons/settings/group.png	06f26d6f0462198a7bbcd742a35c5b708290bd79	479	icon	NO-RESOURCE-LOCAL-LICENSE-EVIDENCE
icons/settings/group@2x.png	27c32bef4475496e83c4b8119c3161ff8e225ea7	849	icon	NO-RESOURCE-LOCAL-LICENSE-EVIDENCE
icons/settings/group@3x.png	b377b4a9996722e86179814d5c626e64a2cb7ca6	1190	icon	NO-RESOURCE-LOCAL-LICENSE-EVIDENCE
icons/settings/interface_scale.png	4b658fd1007868d02ade7ba3d1e1d7794676cbf4	428	icon	NO-RESOURCE-LOCAL-LICENSE-EVIDENCE
icons/settings/interface_scale@2x.png	7c49ea83f1f43696143340549d0cb12607de4d38	747	icon	NO-RESOURCE-LOCAL-LICENSE-EVIDENCE
icons/settings/interface_scale@3x.png	eb9c96f0a29c843a7446a9fa95fe5a6c2cd179ae	1204	icon	NO-RESOURCE-LOCAL-LICENSE-EVIDENCE
icons/settings/key.png	6daaa1dfd158b0b6fd32c91b8c1adf3bf2686877	454	icon	NO-RESOURCE-LOCAL-LICENSE-EVIDENCE
icons/settings/key@2x.png	49afae7eff3fe25b19c5369371282be4ea05cc14	809	icon	NO-RESOURCE-LOCAL-LICENSE-EVIDENCE
icons/settings/key@3x.png	8e116d26e4f568db0a5f1f24d23bc584a5748c1f	1175	icon	NO-RESOURCE-LOCAL-LICENSE-EVIDENCE
icons/settings/language.png	6c216cb9f4f0a8b591a85764d36f6091d7a04660	545	icon	NO-RESOURCE-LOCAL-LICENSE-EVIDENCE
icons/settings/language@2x.png	03c5845239fc3a5b12fbb3df9f413d98271baa63	925	icon	NO-RESOURCE-LOCAL-LICENSE-EVIDENCE
icons/settings/language@3x.png	1a3ecca9afb7405d5f0b789024897d4f3e2aa754	1428	icon	NO-RESOURCE-LOCAL-LICENSE-EVIDENCE
icons/settings/laptop.png	62a1e866d5e06df168d45e585a083e75e5a8ca1e	272	icon	NO-RESOURCE-LOCAL-LICENSE-EVIDENCE
icons/settings/laptop@2x.png	c14f28bf36e1ffb8553c5ef9968852552996d183	373	icon	NO-RESOURCE-LOCAL-LICENSE-EVIDENCE
icons/settings/laptop@3x.png	314dc3de75d9bcd94dba8ad9ec7fd123e8ab2ddd	500	icon	NO-RESOURCE-LOCAL-LICENSE-EVIDENCE
icons/settings/large_auctions.png	e56787624747edbe061faffa1afd51f18b54c2b6	1137	icon	NO-RESOURCE-LOCAL-LICENSE-EVIDENCE
icons/settings/large_auctions@2x.png	1a32e7584cd0369f992bedaa526ff15c63b303da	2162	icon	NO-RESOURCE-LOCAL-LICENSE-EVIDENCE
icons/settings/large_auctions@3x.png	652c413bc8d16f8b650763ceffadf4dc551d1844	3188	icon	NO-RESOURCE-LOCAL-LICENSE-EVIDENCE
icons/settings/lock.png	40daf45a10806ea9519f160c7fcf552b32ddc8c4	428	icon	NO-RESOURCE-LOCAL-LICENSE-EVIDENCE
icons/settings/lock@2x.png	efc00159be6a89add76ddf23b03ba94881bdfe51	690	icon	NO-RESOURCE-LOCAL-LICENSE-EVIDENCE
icons/settings/lock@3x.png	62c1815cb214b6010ac51da5af1390002742596b	989	icon	NO-RESOURCE-LOCAL-LICENSE-EVIDENCE
icons/settings/mention.png	04c76d4eca36d813fde043f59979cf338d02a110	627	icon	NO-RESOURCE-LOCAL-LICENSE-EVIDENCE
icons/settings/mention@2x.png	911fdc7785b92d821a5d675e3d66dd0ff1480fa7	1241	icon	NO-RESOURCE-LOCAL-LICENSE-EVIDENCE
icons/settings/mention@3x.png	aa0a816dacd88f877bb2253a53b09b47f4ea8d22	1893	icon	NO-RESOURCE-LOCAL-LICENSE-EVIDENCE
icons/settings/mini_gift.png	6e1f566065727594410be0985b63c5dfb5d4988b	472	icon	NO-RESOURCE-LOCAL-LICENSE-EVIDENCE
icons/settings/mini_gift@2x.png	7a5e301e1ad0f82e5c013a1428275a36ca364f16	748	icon	NO-RESOURCE-LOCAL-LICENSE-EVIDENCE
icons/settings/mini_gift@3x.png	d34d1b6deac2b9b8b3c92f54352716b58df88c2e	1059	icon	NO-RESOURCE-LOCAL-LICENSE-EVIDENCE
icons/settings/mini_gift_order_date.svg	130d30310ff49dee1c224246ca882fe32da011a9	3021	icon	NO-RESOURCE-LOCAL-LICENSE-EVIDENCE
icons/settings/mini_gift_order_number.svg	37cc05f5722c61f37d3bff20e002617ed87e005c	2824	icon	NO-RESOURCE-LOCAL-LICENSE-EVIDENCE
icons/settings/mini_gift_order_price.svg	36409f6b4b30183bbcc68f4fd1cb5592069148f7	3895	icon	NO-RESOURCE-LOCAL-LICENSE-EVIDENCE
icons/settings/minus.png	531e2e0b220c657144321909631b7aa9ce3f5420	400	icon	NO-RESOURCE-LOCAL-LICENSE-EVIDENCE
icons/settings/minus@2x.png	9703085aa01faa8a067078173c079383cde4e39d	642	icon	NO-RESOURCE-LOCAL-LICENSE-EVIDENCE
icons/settings/minus@3x.png	10a127ea2b50a4ff9efca9093f48fefc5663d125	955	icon	NO-RESOURCE-LOCAL-LICENSE-EVIDENCE
icons/settings/night.png	ce1b752006478d5e85f4adc3d745e048974ee02d	427	icon	NO-RESOURCE-LOCAL-LICENSE-EVIDENCE
icons/settings/night@2x.png	52ea9170ccbcd093b124afea07479bdcb9a3586c	682	icon	NO-RESOURCE-LOCAL-LICENSE-EVIDENCE
icons/settings/night@3x.png	58ee424c178bbcfee8aa000e96120812adf4632e	1007	icon	NO-RESOURCE-LOCAL-LICENSE-EVIDENCE
icons/settings/notifications.png	78ad4bea910252784201a2a7cf8c86d6c266287e	393	icon	NO-RESOURCE-LOCAL-LICENSE-EVIDENCE
icons/settings/notifications@2x.png	bac28778f7ca8ffa82020e7c2cbb41a68ca5d327	626	icon	NO-RESOURCE-LOCAL-LICENSE-EVIDENCE
icons/settings/notifications@3x.png	bf3332f03fd04bcf6acaef2535c613b1068dd18b	901	icon	NO-RESOURCE-LOCAL-LICENSE-EVIDENCE
icons/settings/online.png	84a2e07969f310a0f8d16b12c56bf00451cecfbd	439	icon	NO-RESOURCE-LOCAL-LICENSE-EVIDENCE
icons/settings/online@2x.png	f5a6f47b2728e51327463e02c788c600a5cf07e0	778	icon	NO-RESOURCE-LOCAL-LICENSE-EVIDENCE
icons/settings/online@3x.png	b626b15cabee0ab40493c7842da70a2112bcd862	1140	icon	NO-RESOURCE-LOCAL-LICENSE-EVIDENCE
icons/settings/palette.png	f2f606d54f9dfc48fe7f2f2baf9dc978ed15a987	509	icon	NO-RESOURCE-LOCAL-LICENSE-EVIDENCE
icons/settings/palette@2x.png	95f328bde044a7a78fda8b6b00582c4fd869257c	831	icon	NO-RESOURCE-LOCAL-LICENSE-EVIDENCE
icons/settings/palette@3x.png	be6fa7fb31b8ddb77f33d2ec9a3ee27e188bb0db	1233	icon	NO-RESOURCE-LOCAL-LICENSE-EVIDENCE
icons/settings/photo.png	ef6d4e0a6ac1f55637f9cbecb5e69f5d692a4219	435	icon	NO-RESOURCE-LOCAL-LICENSE-EVIDENCE
icons/settings/photo@2x.png	845623e7ea38d9c4679a00dd54cf2d1595a597ba	855	icon	NO-RESOURCE-LOCAL-LICENSE-EVIDENCE
icons/settings/photo@3x.png	1258fa5e22a898df214da95844fabf1dfeaaa601	1195	icon	NO-RESOURCE-LOCAL-LICENSE-EVIDENCE
icons/settings/pin.png	d446e5be08bcc624ef3e62872bb22098024d6c62	431	icon	NO-RESOURCE-LOCAL-LICENSE-EVIDENCE
icons/settings/pin@2x.png	2895bf0c7cd69478bf51d42a194e167eef9fcbf2	699	icon	NO-RESOURCE-LOCAL-LICENSE-EVIDENCE
icons/settings/pin@3x.png	65ec723063e8edea4d5b2d147e095e5a6de8fd95	991	icon	NO-RESOURCE-LOCAL-LICENSE-EVIDENCE
icons/settings/plus.png	04de61be38bb08a76ee5e0c2c5fe31362cfea517	355	icon	NO-RESOURCE-LOCAL-LICENSE-EVIDENCE
icons/settings/plus@2x.png	9a3e54740c31eb28d8911872069c3e0d55ac0b63	650	icon	NO-RESOURCE-LOCAL-LICENSE-EVIDENCE
icons/settings/plus@3x.png	91d045ee272c34695e947bf5263feac64aa7078c	968	icon	NO-RESOURCE-LOCAL-LICENSE-EVIDENCE
icons/settings/position.png	922250425060943148522ec460ff1118179e5821	306	icon	NO-RESOURCE-LOCAL-LICENSE-EVIDENCE
icons/settings/position@2x.png	9f10178bf527fcc5c8b67c1d6cb0bd040a92203d	490	icon	NO-RESOURCE-LOCAL-LICENSE-EVIDENCE
icons/settings/position@3x.png	d9119fb77cc961479916631c298536f18b0d9a27	689	icon	NO-RESOURCE-LOCAL-LICENSE-EVIDENCE
icons/settings/premium/arrow.png	0f6433a6ec0a3a8437f95c5b38cb71b6e1c54c70	268	icon	NO-RESOURCE-LOCAL-LICENSE-EVIDENCE
icons/settings/premium/arrow@2x.png	c15a9880dfa8b8c41d4c58250cbbefccd65634ce	470	icon	NO-RESOURCE-LOCAL-LICENSE-EVIDENCE
icons/settings/premium/arrow@3x.png	e2585a5c4376473a3b296c2d5e2751b034beb794	610	icon	NO-RESOURCE-LOCAL-LICENSE-EVIDENCE
icons/settings/premium/business/business_away.png	b6fe3bedefc44399c2ce6273a838cf37d10fb26e	662	icon	NO-RESOURCE-LOCAL-LICENSE-EVIDENCE
icons/settings/premium/business/business_away@2x.png	be8035562fb145483be761bd94dda19ccac2fb6f	1190	icon	NO-RESOURCE-LOCAL-LICENSE-EVIDENCE
icons/settings/premium/business/business_away@3x.png	59afa2748fc356339d4b1ae9a59cfd4f33ff00f7	1806	icon	NO-RESOURCE-LOCAL-LICENSE-EVIDENCE
icons/settings/premium/business/business_chatbots.png	aaa60e6a4eed7197178cb12965176fcb66249618	499	icon	NO-RESOURCE-LOCAL-LICENSE-EVIDENCE
icons/settings/premium/business/business_chatbots@2x.png	e48940aaa12414726b4211902254063cc7f6285a	928	icon	NO-RESOURCE-LOCAL-LICENSE-EVIDENCE
icons/settings/premium/business/business_chatbots@3x.png	2db7e80ea5827de72e34dbb9cbb80e22dc7caf94	1405	icon	NO-RESOURCE-LOCAL-LICENSE-EVIDENCE
icons/settings/premium/business/business_hours.png	c6f0d03e3f6ad18cfe6f5563bcc97722fa6c70c9	426	icon	NO-RESOURCE-LOCAL-LICENSE-EVIDENCE
icons/settings/premium/business/business_hours@2x.png	ce098492028837a3ab6cd4d9b7fb8cd214094184	765	icon	NO-RESOURCE-LOCAL-LICENSE-EVIDENCE
icons/settings/premium/business/business_hours@3x.png	0aee12c236cf0f7d0e75b1f8c227a1b31a96be6c	1130	icon	NO-RESOURCE-LOCAL-LICENSE-EVIDENCE
icons/settings/premium/business/business_intro.png	0d357a4191ed2f05e17f426054e03d5040b83a8f	681	icon	NO-RESOURCE-LOCAL-LICENSE-EVIDENCE
icons/settings/premium/business/business_intro@2x.png	3e120fa5d7c56a384e26fafa6d91d7718b5e4619	1294	icon	NO-RESOURCE-LOCAL-LICENSE-EVIDENCE
icons/settings/premium/business/business_intro@3x.png	878abd23678ce90a64af344f60102b1dc3cb4c31	1952	icon	NO-RESOURCE-LOCAL-LICENSE-EVIDENCE
icons/settings/premium/business/business_links.png	470bc4f8053af03729692917cf934fa228e448fc	733	icon	NO-RESOURCE-LOCAL-LICENSE-EVIDENCE
icons/settings/premium/business/business_links@2x.png	42a770604eec25eb7369bce9a2400e4d73153494	1350	icon	NO-RESOURCE-LOCAL-LICENSE-EVIDENCE
icons/settings/premium/business/business_links@3x.png	67b1f55ad8ccbd9d23e2f235b96e2f0575738022	2012	icon	NO-RESOURCE-LOCAL-LICENSE-EVIDENCE
icons/settings/premium/business/business_location.png	ae7020aad4fbc6b1b8c5f2e2952f4d8453132fff	454	icon	NO-RESOURCE-LOCAL-LICENSE-EVIDENCE
icons/settings/premium/business/business_location@2x.png	49b7ee3c819868aa70dcb36b4827bb6650a46f42	845	icon	NO-RESOURCE-LOCAL-LICENSE-EVIDENCE
icons/settings/premium/business/business_location@3x.png	a442c069d4bf06da0b2e4019908ac8c19309962f	1226	icon	NO-RESOURCE-LOCAL-LICENSE-EVIDENCE
icons/settings/premium/business/business_quick.png	a9e7e1d1f63ab711a6a5f4588aab8c8761605271	615	icon	NO-RESOURCE-LOCAL-LICENSE-EVIDENCE
icons/settings/premium/business/business_quick@2x.png	3f4c1852e08c328ed31c591c3e5e0e49d2d886d0	1083	icon	NO-RESOURCE-LOCAL-LICENSE-EVIDENCE
icons/settings/premium/business/business_quick@3x.png	d927c704fc527ccf91ba70feaa026bb247ed6bac	1520	icon	NO-RESOURCE-LOCAL-LICENSE-EVIDENCE
icons/settings/premium/business/earn_stars.png	84419b169f98064a76863a1f0e61c14039b00a69	654	icon	NO-RESOURCE-LOCAL-LICENSE-EVIDENCE
icons/settings/premium/business/earn_stars@2x.png	3f6b9e30f601af660c0e11e0be1875095733bc5c	1121	icon	NO-RESOURCE-LOCAL-LICENSE-EVIDENCE
icons/settings/premium/business/earn_stars@3x.png	19823b48b4e144e98351d6a3308d0cd55291e903	1513	icon	NO-RESOURCE-LOCAL-LICENSE-EVIDENCE
icons/settings/premium/channels_off.png	108a1573f5eb8235e72723a1bd471bb041d0c6f1	638	icon	NO-RESOURCE-LOCAL-LICENSE-EVIDENCE
icons/settings/premium/channels_off@2x.png	18ec1bb7705ac852225a9558dd08e45e2c06f21f	1181	icon	NO-RESOURCE-LOCAL-LICENSE-EVIDENCE
icons/settings/premium/channels_off@3x.png	22e083d65aaeee05372a43db7bec6aa7c4b95b13	1797	icon	NO-RESOURCE-LOCAL-LICENSE-EVIDENCE
icons/settings/premium/checklist.svg	6cb5fac3f985059e2a948acfb8979ce1993f6ad4	975	icon	NO-RESOURCE-LOCAL-LICENSE-EVIDENCE
icons/settings/premium/double.png	388994de898fb830bb1d23a35ee56f81c4b452a7	562	icon	NO-RESOURCE-LOCAL-LICENSE-EVIDENCE
icons/settings/premium/double@2x.png	62ef97fc851a38622c664047cf85a66822aa4475	1024	icon	NO-RESOURCE-LOCAL-LICENSE-EVIDENCE
icons/settings/premium/double@3x.png	2de7119b266c515ea8a5ff0ff50b8ae5b70f13bd	1467	icon	NO-RESOURCE-LOCAL-LICENSE-EVIDENCE
icons/settings/premium/effects.png	56af6306310d223df7cb87571b3c4d87c7eef94b	726	icon	NO-RESOURCE-LOCAL-LICENSE-EVIDENCE
icons/settings/premium/effects@2x.png	5f5e4ada627654bfb021b7e0e9f189bfc7303b94	1395	icon	NO-RESOURCE-LOCAL-LICENSE-EVIDENCE
icons/settings/premium/effects@3x.png	30ec7d9eab70de000d84b312e64990e463ba3ec9	2093	icon	NO-RESOURCE-LOCAL-LICENSE-EVIDENCE
icons/settings/premium/features/feature_color_names.png	4acd54d82e04e4bd80a066a5507ae2c2b0c76635	808	icon	NO-RESOURCE-LOCAL-LICENSE-EVIDENCE
icons/settings/premium/features/feature_color_names@2x.png	f8dd406fe001862d03720272880401017d161718	1551	icon	NO-RESOURCE-LOCAL-LICENSE-EVIDENCE
icons/settings/premium/features/feature_color_names@3x.png	1bd9d32ae02b1fb954a4e025724e3c74a65683f8	2187	icon	NO-RESOURCE-LOCAL-LICENSE-EVIDENCE
icons/settings/premium/features/feature_color_profile.png	33a6d47c9f12a76b54eb88df4b183235a010026d	866	icon	NO-RESOURCE-LOCAL-LICENSE-EVIDENCE
icons/settings/premium/features/feature_color_profile@2x.png	dcb515f56089eb34406278401c8660674641c391	1698	icon	NO-RESOURCE-LOCAL-LICENSE-EVIDENCE
icons/settings/premium/features/feature_color_profile@3x.png	08f02966710524f265981bf0a34fcacfcd10c031	2523	icon	NO-RESOURCE-LOCAL-LICENSE-EVIDENCE
icons/settings/premium/features/feature_custombg.png	234f294345dd563bf9967d9f88ea45bcd9c676cd	732	icon	NO-RESOURCE-LOCAL-LICENSE-EVIDENCE
icons/settings/premium/features/feature_custombg@2x.png	0fb615748e9ee81dff1c6a66a508314b12de4160	1412	icon	NO-RESOURCE-LOCAL-LICENSE-EVIDENCE
icons/settings/premium/features/feature_custombg@3x.png	571d1379e708b8f36acc96d0cb50d5197203ef65	2069	icon	NO-RESOURCE-LOCAL-LICENSE-EVIDENCE
icons/settings/premium/features/feature_emoji_pack.png	327d069c7908e77e66d063282478526381720294	816	icon	NO-RESOURCE-LOCAL-LICENSE-EVIDENCE
icons/settings/premium/features/feature_emoji_pack@2x.png	076b0843321828b6beae185d6a301e6a08d4a094	1634	icon	NO-RESOURCE-LOCAL-LICENSE-EVIDENCE
icons/settings/premium/features/feature_emoji_pack@3x.png	4325db686d856cf6a28affa484b8987ab28ff0e9	2441	icon	NO-RESOURCE-LOCAL-LICENSE-EVIDENCE
icons/settings/premium/features/feature_links.png	11c44d03f2d3a696a9aa3cb5e8bfc2509e9fccd4	538	icon	NO-RESOURCE-LOCAL-LICENSE-EVIDENCE
icons/settings/premium/features/feature_links2.png	8bfedd0f42cd95db7401237d6ec7f8af27f543a7	626	icon	NO-RESOURCE-LOCAL-LICENSE-EVIDENCE
icons/settings/premium/features/feature_links2@2x.png	c89f732258dc245f4ef247530cc086720c85798f	1338	icon	NO-RESOURCE-LOCAL-LICENSE-EVIDENCE
icons/settings/premium/features/feature_links2@3x.png	66c9d9d3a3577088bb200165516c8191592cb94c	1907	icon	NO-RESOURCE-LOCAL-LICENSE-EVIDENCE
icons/settings/premium/features/feature_links@2x.png	78ebcd3233ae882d1dacde16f5f194e3c256a79e	1116	icon	NO-RESOURCE-LOCAL-LICENSE-EVIDENCE
icons/settings/premium/features/feature_links@3x.png	80b73df03e932f6f7eeffe5e664792c1e8977518	1591	icon	NO-RESOURCE-LOCAL-LICENSE-EVIDENCE
icons/settings/premium/features/feature_off_sponsored.png	06a33dc3c089717f0c8ad67beca035d1daea3184	771	icon	NO-RESOURCE-LOCAL-LICENSE-EVIDENCE
icons/settings/premium/features/feature_off_sponsored@2x.png	996851dbc9f57f50181b43546053c9f9a7389393	1540	icon	NO-RESOURCE-LOCAL-LICENSE-EVIDENCE
icons/settings/premium/features/feature_off_sponsored@3x.png	0863b33e8df564738eaaae505f5f6d44a73ab374	2194	icon	NO-RESOURCE-LOCAL-LICENSE-EVIDENCE
icons/settings/premium/features/feature_profile_cover.png	657fd9390ae6f62ee6ed97074f514145067b72f3	764	icon	NO-RESOURCE-LOCAL-LICENSE-EVIDENCE
icons/settings/premium/features/feature_profile_cover@2x.png	250be37750786b26f7aae8aa01ec82dc98254499	1539	icon	NO-RESOURCE-LOCAL-LICENSE-EVIDENCE
icons/settings/premium/features/feature_profile_cover@3x.png	ae696a8f349dc284f157917fa334af73adeaa447	2130	icon	NO-RESOURCE-LOCAL-LICENSE-EVIDENCE
icons/settings/premium/features/feature_reactions.png	efbe55f2a38f029aac7b4c9370169569b4627c0e	701	icon	NO-RESOURCE-LOCAL-LICENSE-EVIDENCE
icons/settings/premium/features/feature_reactions@2x.png	b7391712616468a5201a79aca5ed866a98a5df0f	1360	icon	NO-RESOURCE-LOCAL-LICENSE-EVIDENCE
icons/settings/premium/features/feature_reactions@3x.png	c71f495befce24a55d1e3550aba5eb03fc598231	2005	icon	NO-RESOURCE-LOCAL-LICENSE-EVIDENCE
icons/settings/premium/features/feature_status.png	b7969a4600bec5779557beb3f3664a7737ce4fcc	790	icon	NO-RESOURCE-LOCAL-LICENSE-EVIDENCE
icons/settings/premium/features/feature_status@2x.png	10f2a645ecb840c665276120a1f6bcbbdd3f1e51	1576	icon	NO-RESOURCE-LOCAL-LICENSE-EVIDENCE
icons/settings/premium/features/feature_status@3x.png	5f93a1e33ac734c9230913e388d0b72c16d26153	2338	icon	NO-RESOURCE-LOCAL-LICENSE-EVIDENCE
icons/settings/premium/features/feature_stories.png	7420822b7533f331c02e284acc48aa98a372a3f1	821	icon	NO-RESOURCE-LOCAL-LICENSE-EVIDENCE
icons/settings/premium/features/feature_stories@2x.png	ec1d7e056d7855164ea8dfc7d3b838c777ecfacf	1530	icon	NO-RESOURCE-LOCAL-LICENSE-EVIDENCE
icons/settings/premium/features/feature_stories@3x.png	86e53f6013b9a6a90e2207dcd33207eba8d70c87	2283	icon	NO-RESOURCE-LOCAL-LICENSE-EVIDENCE
icons/settings/premium/features/feature_voice.png	3f8f0a9c362b76baad452b37c3dd0860edcbaa34	789	icon	NO-RESOURCE-LOCAL-LICENSE-EVIDENCE
icons/settings/premium/features/feature_voice@2x.png	75ffbbf9d95a90a3302cc664cfb06c504db6c931	1502	icon	NO-RESOURCE-LOCAL-LICENSE-EVIDENCE
icons/settings/premium/features/feature_voice@3x.png	1761533709ffa21c7e29c7c02968858f407bb18a	2244	icon	NO-RESOURCE-LOCAL-LICENSE-EVIDENCE
icons/settings/premium/features/feature_wallpaper.png	a88ef05cfdaa4d1a85cb8c50878a86889602e62a	667	icon	NO-RESOURCE-LOCAL-LICENSE-EVIDENCE
icons/settings/premium/features/feature_wallpaper@2x.png	ad2bc2ed51ec35d0134dffbc5ccb31f8d6133299	1271	icon	NO-RESOURCE-LOCAL-LICENSE-EVIDENCE
icons/settings/premium/features/feature_wallpaper@3x.png	6e0c0765a91e5b02da9d79f26e45898657a13e22	1760	icon	NO-RESOURCE-LOCAL-LICENSE-EVIDENCE
icons/settings/premium/files.png	f82c4e495103d9638aca058693b44e110da7f427	333	icon	NO-RESOURCE-LOCAL-LICENSE-EVIDENCE
icons/settings/premium/files@2x.png	cffe00909255191cf91445064aed7bfd7d1635f3	540	icon	NO-RESOURCE-LOCAL-LICENSE-EVIDENCE
icons/settings/premium/files@3x.png	4c20f6d87e39ca4d7dc958fa81cb53eeb9bad5d0	739	icon	NO-RESOURCE-LOCAL-LICENSE-EVIDENCE
icons/settings/premium/lastseen.png	9299ed21638a2e254215c442c075c1f2b07d409f	553	icon	NO-RESOURCE-LOCAL-LICENSE-EVIDENCE
icons/settings/premium/lastseen@2x.png	994a9071949b00b1165bd1d3c7b3eeac9f6c026f	1015	icon	NO-RESOURCE-LOCAL-LICENSE-EVIDENCE
icons/settings/premium/lastseen@3x.png	42b3f18652aa2e95e960c64ab77d7e73cbd1c7fb	1455	icon	NO-RESOURCE-LOCAL-LICENSE-EVIDENCE
icons/settings/premium/like.png	77e9f63a1b24ab1046eed539cc6d894c00a60a18	390	icon	NO-RESOURCE-LOCAL-LICENSE-EVIDENCE
icons/settings/premium/like@2x.png	183760ba79acad35d583baedc29ba951b8e321e4	685	icon	NO-RESOURCE-LOCAL-LICENSE-EVIDENCE
icons/settings/premium/like@3x.png	0e5e12899398b472488da06b6ca81321c914156f	1063	icon	NO-RESOURCE-LOCAL-LICENSE-EVIDENCE
icons/settings/premium/market.png	3c2b9cd2da695598c4671a97feeded862d19a48e	396	icon	NO-RESOURCE-LOCAL-LICENSE-EVIDENCE
icons/settings/premium/market@2x.png	1ae9e950a0de624e05f578c59051806177afc232	607	icon	NO-RESOURCE-LOCAL-LICENSE-EVIDENCE
icons/settings/premium/market@3x.png	5d132577d05a27bc5b568750b2d6e326d23c6005	955	icon	NO-RESOURCE-LOCAL-LICENSE-EVIDENCE
icons/settings/premium/peer_colors.svg	0a3c1b0854f7e3e177930bfaa535db0d62c7cdca	2320	icon	NO-RESOURCE-LOCAL-LICENSE-EVIDENCE
icons/settings/premium/play.png	0a3d576978d2d47a0fe8d2611a5d01c0461d0657	388	icon	NO-RESOURCE-LOCAL-LICENSE-EVIDENCE
icons/settings/premium/play@2x.png	ef9bca6e1cd5cd340cc97cf243ed21532882d339	729	icon	NO-RESOURCE-LOCAL-LICENSE-EVIDENCE
icons/settings/premium/play@3x.png	4bc9dcb1c0b587af639a30e0006c97c1fa2c0bc6	1126	icon	NO-RESOURCE-LOCAL-LICENSE-EVIDENCE
icons/settings/premium/privacy.png	9d2309768f3cf9f8cef3e547ad127c8e76df1400	597	icon	NO-RESOURCE-LOCAL-LICENSE-EVIDENCE
icons/settings/premium/privacy@2x.png	f82d78947fa763eeebc6ee84aa704e95f81fdce1	1108	icon	NO-RESOURCE-LOCAL-LICENSE-EVIDENCE
icons/settings/premium/privacy@3x.png	ce3c775438cd9be6688cc126d9baeb2d7c742316	1611	icon	NO-RESOURCE-LOCAL-LICENSE-EVIDENCE
icons/settings/premium/promo/business_away.png	b18690565e4601b518e5fc96a4ae658119fd049e	741	icon	NO-RESOURCE-LOCAL-LICENSE-EVIDENCE
icons/settings/premium/promo/business_away@2x.png	24813a145b5da93c963c04256469d0431d5ebd43	1494	icon	NO-RESOURCE-LOCAL-LICENSE-EVIDENCE
icons/settings/premium/promo/business_away@3x.png	d473fdbd4ce87ff07ef54d874cc552f6181b4c60	2203	icon	NO-RESOURCE-LOCAL-LICENSE-EVIDENCE
icons/settings/premium/promo/business_chatbot.png	5e71b3b938331c4398cd2d8e442496458780cfea	748	icon	NO-RESOURCE-LOCAL-LICENSE-EVIDENCE
icons/settings/premium/promo/business_chatbot@2x.png	ba588c6ec16f3c2348b9846ad0dfcba0e3c8106c	1410	icon	NO-RESOURCE-LOCAL-LICENSE-EVIDENCE
icons/settings/premium/promo/business_chatbot@3x.png	615d94b27b0621da1cfd9f183acdcd67cebb51c4	2020	icon	NO-RESOURCE-LOCAL-LICENSE-EVIDENCE
icons/settings/premium/promo/business_chatlink.png	5b812d8ec60121594c09c80a1a003a4a537c7018	873	icon	NO-RESOURCE-LOCAL-LICENSE-EVIDENCE
icons/settings/premium/promo/business_chatlink@2x.png	6490fb474efed6a2fbdb1a50f8a5df4952d1a846	1727	icon	NO-RESOURCE-LOCAL-LICENSE-EVIDENCE
icons/settings/premium/promo/business_chatlink@3x.png	af17dbc53a9b214f1feda7194a070aa0acfac37c	2450	icon	NO-RESOURCE-LOCAL-LICENSE-EVIDENCE
icons/settings/premium/promo/business_hours.png	ea917bb246afca5525f1a4b516abe570d8fb2f9e	564	icon	NO-RESOURCE-LOCAL-LICENSE-EVIDENCE
icons/settings/premium/promo/business_hours@2x.png	62411855b682722e07e3e9e78a66e270638dee70	1152	icon	NO-RESOURCE-LOCAL-LICENSE-EVIDENCE
icons/settings/premium/promo/business_hours@3x.png	923950f8495eb6ef61a2af8603e71ec902e72dff	1743	icon	NO-RESOURCE-LOCAL-LICENSE-EVIDENCE
icons/settings/premium/promo/business_intro.png	57d1c8c82068861a01afdc96ec908d01d06e00f8	562	icon	NO-RESOURCE-LOCAL-LICENSE-EVIDENCE
icons/settings/premium/promo/business_intro@2x.png	4132668cc03c3a61630a2af1c12a2f54397596a5	940	icon	NO-RESOURCE-LOCAL-LICENSE-EVIDENCE
icons/settings/premium/promo/business_intro@3x.png	587b4e36e5ff1fc61edb4b4826aba88f5a7879eb	1381	icon	NO-RESOURCE-LOCAL-LICENSE-EVIDENCE
icons/settings/premium/promo/business_location.png	074f4418497c3c2e5280ea90073525db736e812b	760	icon	NO-RESOURCE-LOCAL-LICENSE-EVIDENCE
icons/settings/premium/promo/business_location@2x.png	abc79b9b9d32ec9e9473b977063a25f550a22803	1443	icon	NO-RESOURCE-LOCAL-LICENSE-EVIDENCE
icons/settings/premium/promo/business_location@3x.png	1d58a00bc882c2d8a68f641c5bfe3a6c11ba2b94	2106	icon	NO-RESOURCE-LOCAL-LICENSE-EVIDENCE
icons/settings/premium/promo/business_quickreply.png	91282589dbbe6ce22660b5539bd9b2898557c1c3	751	icon	NO-RESOURCE-LOCAL-LICENSE-EVIDENCE
icons/settings/premium/promo/business_quickreply@2x.png	90662ccf99b371b398f4c69a48264dafe17303af	1423	icon	NO-RESOURCE-LOCAL-LICENSE-EVIDENCE
icons/settings/premium/promo/business_quickreply@3x.png	ebe964f298339c32bbe84e1708cd6b93b8df77b8	2094	icon	NO-RESOURCE-LOCAL-LICENSE-EVIDENCE
icons/settings/premium/rich.svg	f5bced2c8154c29e2b8b0576d9d8c1b3901d679d	4193	icon	NO-RESOURCE-LOCAL-LICENSE-EVIDENCE
icons/settings/premium/speed.png	29ab2bb05da3447f8c855982406dd8255d1111ba	588	icon	NO-RESOURCE-LOCAL-LICENSE-EVIDENCE
icons/settings/premium/speed@2x.png	69689a452693c6fd161f9310693ce3c6cf0ce68a	1085	icon	NO-RESOURCE-LOCAL-LICENSE-EVIDENCE
icons/settings/premium/speed@3x.png	f0be41b0b75108da5bb6714a3add54592bd0cd82	1573	icon	NO-RESOURCE-LOCAL-LICENSE-EVIDENCE
icons/settings/premium/star.png	82fa9b74c85b79648ac07278d1c55ea49402a3e3	494	icon	NO-RESOURCE-LOCAL-LICENSE-EVIDENCE
icons/settings/premium/star@2x.png	24e485e355916cd84cd480a23dca4d375f242295	911	icon	NO-RESOURCE-LOCAL-LICENSE-EVIDENCE
icons/settings/premium/star@3x.png	024947d929b66fa63b391b9f93c9f50a5be7db86	1270	icon	NO-RESOURCE-LOCAL-LICENSE-EVIDENCE
icons/settings/premium/status.png	712c91ba07f48f5492bc55bf502687f4cb8ae3d6	568	icon	NO-RESOURCE-LOCAL-LICENSE-EVIDENCE
icons/settings/premium/status@2x.png	f0e395b4ea57c6490940d6a765533e2853447305	1093	icon	NO-RESOURCE-LOCAL-LICENSE-EVIDENCE
icons/settings/premium/status@3x.png	9127319e96a61143c6a317b2d2e2702bcf2b0f31	1616	icon	NO-RESOURCE-LOCAL-LICENSE-EVIDENCE
icons/settings/premium/stories_caption.png	d73bc90686c44b5b3b693f2a7ff6b9ea68f0bbb5	372	icon	NO-RESOURCE-LOCAL-LICENSE-EVIDENCE
icons/settings/premium/stories_caption@2x.png	e67594df0d29958dce8d70d9d99ac879d24338c6	512	icon	NO-RESOURCE-LOCAL-LICENSE-EVIDENCE
icons/settings/premium/stories_caption@3x.png	373884acea3047ca580662a60a7285959c2f99c2	657	icon	NO-RESOURCE-LOCAL-LICENSE-EVIDENCE
icons/settings/premium/stories_order.png	3051561dfe05210a7ae8e69b0d9df5a38b360414	835	icon	NO-RESOURCE-LOCAL-LICENSE-EVIDENCE
icons/settings/premium/stories_order@2x.png	4b4f64ceb6a11804a5053b8126454e61a74cc447	1637	icon	NO-RESOURCE-LOCAL-LICENSE-EVIDENCE
icons/settings/premium/stories_order@3x.png	d550ddcef72a4bda5a20fb74582bf52696538497	2339	icon	NO-RESOURCE-LOCAL-LICENSE-EVIDENCE
icons/settings/premium/tags.png	9a761e7b08ea927a6cc82a92136b216b071b14d2	593	icon	NO-RESOURCE-LOCAL-LICENSE-EVIDENCE
icons/settings/premium/tags@2x.png	194aec6497c97a0326f2ae720bb8e1776b044eeb	1099	icon	NO-RESOURCE-LOCAL-LICENSE-EVIDENCE
icons/settings/premium/tags@3x.png	f6b8511cfecda13b107ffca1fa72f5d2df6bcf39	1609	icon	NO-RESOURCE-LOCAL-LICENSE-EVIDENCE
icons/settings/premium/timer.png	5fe0383b45c56fd79820f1db2abba0c1edf0268b	608	icon	NO-RESOURCE-LOCAL-LICENSE-EVIDENCE
icons/settings/premium/timer@2x.png	28d3d1480711f6b8fa340b87299bce1914fdf360	1250	icon	NO-RESOURCE-LOCAL-LICENSE-EVIDENCE
icons/settings/premium/timer@3x.png	173ad913dcd4e9e05a58a653e9cead549a49e8d7	1883	icon	NO-RESOURCE-LOCAL-LICENSE-EVIDENCE
icons/settings/premium/translations.png	8427739b405b28441a50e37cd4855f68817d41f2	599	icon	NO-RESOURCE-LOCAL-LICENSE-EVIDENCE
icons/settings/premium/translations@2x.png	5938dfc8bc5671f7252216cef574ff1b0d67a553	1127	icon	NO-RESOURCE-LOCAL-LICENSE-EVIDENCE
icons/settings/premium/translations@3x.png	e3b81828f33d603b73242c305abb8386cfed304e	1669	icon	NO-RESOURCE-LOCAL-LICENSE-EVIDENCE
icons/settings/premium/voice.png	7d83225f96e7ec90f5cc2041f32bd19df45ef254	447	icon	NO-RESOURCE-LOCAL-LICENSE-EVIDENCE
icons/settings/premium/voice@2x.png	650696908c66d330775972844efa0f7d3928e307	741	icon	NO-RESOURCE-LOCAL-LICENSE-EVIDENCE
icons/settings/premium/voice@3x.png	bffe3be39e026ef587ce505717081e9c7ced27fb	1160	icon	NO-RESOURCE-LOCAL-LICENSE-EVIDENCE
icons/settings/premium_dollar.svg	96c384d7b26eb80003657586071aa059e18da2d1	2856	icon	NO-RESOURCE-LOCAL-LICENSE-EVIDENCE
icons/settings/reload.png	e8ad977a993e8acf559d64845b20d5bc9df3ee5a	510	icon	NO-RESOURCE-LOCAL-LICENSE-EVIDENCE
icons/settings/reload@2x.png	8a0d60c513d43a5f3c7f00f9771e6ec63fcc82c8	946	icon	NO-RESOURCE-LOCAL-LICENSE-EVIDENCE
icons/settings/reload@3x.png	161e5e6ee7c38277f7cbe87b5a61c06cf105dd03	1384	icon	NO-RESOURCE-LOCAL-LICENSE-EVIDENCE
icons/settings/remove.png	087a4c3748164169d6e9e4cc84176f6c196468fb	193	icon	NO-RESOURCE-LOCAL-LICENSE-EVIDENCE
icons/settings/remove@2x.png	81b4161b40a4bb7985ba21da82d21d05c108cf3b	233	icon	NO-RESOURCE-LOCAL-LICENSE-EVIDENCE
icons/settings/remove@3x.png	4fbf2e331b01f29a67f634b24d8f8a6d8a631c17	294	icon	NO-RESOURCE-LOCAL-LICENSE-EVIDENCE
icons/settings/saved_messages.png	bd0ced24d6078e671c0107748ea68ad3c1f4623a	285	icon	NO-RESOURCE-LOCAL-LICENSE-EVIDENCE
icons/settings/saved_messages@2x.png	686e8af0237ea28674c92eb44fa3402022316e62	410	icon	NO-RESOURCE-LOCAL-LICENSE-EVIDENCE
icons/settings/saved_messages@3x.png	304198b33cb93967c82ef0ccd6f0a5f609bf3993	636	icon	NO-RESOURCE-LOCAL-LICENSE-EVIDENCE
icons/settings/settings.png	c2761c5956b71fd0d4987b4dc24793fe4273537d	486	icon	NO-RESOURCE-LOCAL-LICENSE-EVIDENCE
icons/settings/settings@2x.png	a6f463a20af293b478604b92c147e36724ea9def	887	icon	NO-RESOURCE-LOCAL-LICENSE-EVIDENCE
icons/settings/settings@3x.png	d59d28346367dc1df6b341f9205f13f1ba0f207f	1242	icon	NO-RESOURCE-LOCAL-LICENSE-EVIDENCE
icons/settings/settings_edit_name.png	aa11bd6332142005f2ee5372cc9997dbeff51db8	152	icon	NO-RESOURCE-LOCAL-LICENSE-EVIDENCE
icons/settings/settings_edit_name@2x.png	34a88445cdcb5896177fcbbbb9a3b66f474971ca	416	icon	NO-RESOURCE-LOCAL-LICENSE-EVIDENCE
icons/settings/settings_edit_name@3x.png	569ec93d9c531f2e74180a43ecb782eb00a6df23	552	icon	NO-RESOURCE-LOCAL-LICENSE-EVIDENCE
icons/settings/settings_name.png	367032fadb4c4c77ad19a8408121b7d3918b6f51	470	icon	NO-RESOURCE-LOCAL-LICENSE-EVIDENCE
icons/settings/settings_name@2x.png	13877622a32a73eb0c34e67b0ae4b0d4cfe7d6b4	1164	icon	NO-RESOURCE-LOCAL-LICENSE-EVIDENCE
icons/settings/settings_name@3x.png	c09b1770c0bea4ec4421dd639b0b3f654af2eb1b	1419	icon	NO-RESOURCE-LOCAL-LICENSE-EVIDENCE
icons/settings/settings_phone_number.png	0889cfe2526ca65913742f68a192686b4f8dd5f4	715	icon	NO-RESOURCE-LOCAL-LICENSE-EVIDENCE
icons/settings/settings_phone_number@2x.png	8f536db05e57b8cf2347fdd6892fdd05fc76b3fe	1409	icon	NO-RESOURCE-LOCAL-LICENSE-EVIDENCE
icons/settings/settings_phone_number@3x.png	0bb633545f75a7fe163bc1a30e8d5275772bae0d	1878	icon	NO-RESOURCE-LOCAL-LICENSE-EVIDENCE
icons/settings/settings_stickers.png	abf02d0bac4e5b1d90f14c7682e9d665c7d4d032	727	icon	NO-RESOURCE-LOCAL-LICENSE-EVIDENCE
icons/settings/settings_stickers@2x.png	68b4886d36504356e47cd8f0041e562fe449a423	1716	icon	NO-RESOURCE-LOCAL-LICENSE-EVIDENCE
icons/settings/settings_stickers@3x.png	ff9e9d9459ec85834b8c2a2c452bb3aecc7ad0b6	2144	icon	NO-RESOURCE-LOCAL-LICENSE-EVIDENCE
icons/settings/sound.png	c8061b17529adebc993a56862abaccd71d6e8763	526	icon	NO-RESOURCE-LOCAL-LICENSE-EVIDENCE
icons/settings/sound@2x.png	1d8d85954283066528bb0c74183bc23b02fe156a	949	icon	NO-RESOURCE-LOCAL-LICENSE-EVIDENCE
icons/settings/sound@3x.png	3c1e3a2fd8ba76883b66e2a5e9db5f6beedd0065	1371	icon	NO-RESOURCE-LOCAL-LICENSE-EVIDENCE
icons/settings/star.svg	ec5f637d2799623b425c710e5f31563fbcca2f6d	1767	icon	NO-RESOURCE-LOCAL-LICENSE-EVIDENCE
icons/settings/starmini.svg	13e53a95de99a72e000580aacbb2f412d5f1f3a9	924	icon	NO-RESOURCE-LOCAL-LICENSE-EVIDENCE
icons/settings/stickers.png	064eec67acb62a1605e64cf85bb56bc2571b181c	499	icon	NO-RESOURCE-LOCAL-LICENSE-EVIDENCE
icons/settings/stickers@2x.png	274bd286b31a88d04c6c087aa2a99d07db29b838	946	icon	NO-RESOURCE-LOCAL-LICENSE-EVIDENCE
icons/settings/stickers@3x.png	df6b71ea783e9f2971ac93d72b5aad33ca1f980f	1366	icon	NO-RESOURCE-LOCAL-LICENSE-EVIDENCE
icons/settings/stories.png	c41ac06dd731404239fd352eb4b28930076c0edf	667	icon	NO-RESOURCE-LOCAL-LICENSE-EVIDENCE
icons/settings/stories@2x.png	82e24fc672e249cebea379fe1035fe67bc2afa9d	1276	icon	NO-RESOURCE-LOCAL-LICENSE-EVIDENCE
icons/settings/stories@3x.png	23c70a8ccc06db02b2d3a72756094e83b2f5dcb0	1848	icon	NO-RESOURCE-LOCAL-LICENSE-EVIDENCE
icons/settings/timer.png	e6893f7c7129faa436a138e6a3d12ce95f5081b1	441	icon	NO-RESOURCE-LOCAL-LICENSE-EVIDENCE
icons/settings/timer@2x.png	d1c986c7339cdde02c0d2b596fe370efb7acd16e	724	icon	NO-RESOURCE-LOCAL-LICENSE-EVIDENCE
icons/settings/timer@3x.png	21556424394bdd6bf0dd369032155685bba32e8c	1058	icon	NO-RESOURCE-LOCAL-LICENSE-EVIDENCE
icons/settings/tips.png	505aac9510fde3c7884eb33ff7b9132285d57f1a	403	icon	NO-RESOURCE-LOCAL-LICENSE-EVIDENCE
icons/settings/tips@2x.png	af7604a24e82fdefb47cb1af0403b8c9b018962e	684	icon	NO-RESOURCE-LOCAL-LICENSE-EVIDENCE
icons/settings/tips@3x.png	5ec4c2e2c0b9493e43f1bbb67aa7b46743d3cbbb	915	icon	NO-RESOURCE-LOCAL-LICENSE-EVIDENCE
icons/settings/topics.png	2a2563d90d6280a5fbdc14eb8ccfa2cb942da88c	341	icon	NO-RESOURCE-LOCAL-LICENSE-EVIDENCE
icons/settings/topics@2x.png	4d6dee8d1faa3a497c6c4cdf9d03e0e856c7bcc3	461	icon	NO-RESOURCE-LOCAL-LICENSE-EVIDENCE
icons/settings/topics@3x.png	dd963ffdfdb86e652a56f0450d41ba873cbbfba8	701	icon	NO-RESOURCE-LOCAL-LICENSE-EVIDENCE
icons/settings/ttl.png	a8263fe2eba9095c462a7ca190b7edb2e171a4d8	591	icon	NO-RESOURCE-LOCAL-LICENSE-EVIDENCE
icons/settings/ttl/autodelete_off.png	5423957b9d5348cc79a22e5755ff398db33a237e	454	icon	NO-RESOURCE-LOCAL-LICENSE-EVIDENCE
icons/settings/ttl/autodelete_off@2x.png	2327d2ed34e1175abb52447decf5843dc1f132e1	757	icon	NO-RESOURCE-LOCAL-LICENSE-EVIDENCE
icons/settings/ttl/autodelete_off@3x.png	a441bf814b6fb6ef94ecc0d1c1fb19e1a40b9b31	1070	icon	NO-RESOURCE-LOCAL-LICENSE-EVIDENCE
icons/settings/ttl/autodelete_on.png	640200904f2ddb3f1d0ca4393413da61ddad27cc	414	icon	NO-RESOURCE-LOCAL-LICENSE-EVIDENCE
icons/settings/ttl/autodelete_on@2x.png	14b364d5fe5c84e794cd044d6904ebd9ad88722a	670	icon	NO-RESOURCE-LOCAL-LICENSE-EVIDENCE
icons/settings/ttl/autodelete_on@3x.png	daecd5b11c3189f9ad6cd70f0e9a76de86776c3b	966	icon	NO-RESOURCE-LOCAL-LICENSE-EVIDENCE
icons/settings/ttl@2x.png	01a63ec3527a618ec696f9b509c5ee53a7ea7e54	1177	icon	NO-RESOURCE-LOCAL-LICENSE-EVIDENCE
icons/settings/ttl@3x.png	a80936938d2245dbaad457b2647736b69bc5ffdb	1749	icon	NO-RESOURCE-LOCAL-LICENSE-EVIDENCE
icons/settings/user.png	ae91dfea0df19f8e60248abac7525cdcebbd4d33	354	icon	NO-RESOURCE-LOCAL-LICENSE-EVIDENCE
icons/settings/user@2x.png	d9bbbc15e35bfb6d40f3a4b89563876d8579f48c	570	icon	NO-RESOURCE-LOCAL-LICENSE-EVIDENCE
icons/settings/user@3x.png	39ed102de5319cfc1fbe1211ada33b4a0e9160e2	808	icon	NO-RESOURCE-LOCAL-LICENSE-EVIDENCE
icons/settings/video_calls.png	85fe8d4e4635f6371516796891ad346d8ed71025	440	icon	NO-RESOURCE-LOCAL-LICENSE-EVIDENCE
icons/settings/video_calls@2x.png	10907b17f7f4b74bbfbf846b0311ea1d1ab361cc	832	icon	NO-RESOURCE-LOCAL-LICENSE-EVIDENCE
icons/settings/video_calls@3x.png	910862b9f6b65de14f77395e97a2ac663a6f50a3	1208	icon	NO-RESOURCE-LOCAL-LICENSE-EVIDENCE
icons/sponsored/channel.png	2f66a591170e943578015cc6db63442e65ccdb83	642	icon	NO-RESOURCE-LOCAL-LICENSE-EVIDENCE
icons/sponsored/channel@2x.png	765e4cf31d13591d86d908e7b18eb586c776a779	1135	icon	NO-RESOURCE-LOCAL-LICENSE-EVIDENCE
icons/sponsored/channel@3x.png	21a5c1f9e73ee1ec7e079e84753c8cc83260b865	1644	icon	NO-RESOURCE-LOCAL-LICENSE-EVIDENCE
icons/sponsored/large_about.png	95fb27be4545417485bccf1151346e9ee6fa0a1e	1180	icon	NO-RESOURCE-LOCAL-LICENSE-EVIDENCE
icons/sponsored/large_about@2x.png	8af8a580fb84572bc8717dc3891f5813f70757c4	2303	icon	NO-RESOURCE-LOCAL-LICENSE-EVIDENCE
icons/sponsored/large_about@3x.png	94d8147c28694f6065a0c1ca12352ba4eaf269fe	3405	icon	NO-RESOURCE-LOCAL-LICENSE-EVIDENCE
icons/sponsored/large_earn.png	c41ac837833be36d9b9c336c2c917d4b319aede1	1779	icon	NO-RESOURCE-LOCAL-LICENSE-EVIDENCE
icons/sponsored/large_earn@2x.png	79232dd2b4fb96672d75a854d07dcd16d839f985	3559	icon	NO-RESOURCE-LOCAL-LICENSE-EVIDENCE
icons/sponsored/large_earn@3x.png	2d722c06c591cad252ed6c721b185c8122e1d03f	5219	icon	NO-RESOURCE-LOCAL-LICENSE-EVIDENCE
icons/sponsored/privacy_about.png	67fc01990330f2349f4409ac4e8c9928d28598b2	534	icon	NO-RESOURCE-LOCAL-LICENSE-EVIDENCE
icons/sponsored/privacy_about@2x.png	e63d296dc8db3cd5713791d6c455012d4b09669a	928	icon	NO-RESOURCE-LOCAL-LICENSE-EVIDENCE
icons/sponsored/privacy_about@3x.png	3b95f5bc66e833288e27d42a3cefd23e819a5ece	1299	icon	NO-RESOURCE-LOCAL-LICENSE-EVIDENCE
icons/sponsored/remove_about.png	06a33dc3c089717f0c8ad67beca035d1daea3184	771	icon	NO-RESOURCE-LOCAL-LICENSE-EVIDENCE
icons/sponsored/remove_about@2x.png	996851dbc9f57f50181b43546053c9f9a7389393	1540	icon	NO-RESOURCE-LOCAL-LICENSE-EVIDENCE
icons/sponsored/remove_about@3x.png	0863b33e8df564738eaaae505f5f6d44a73ab374	2194	icon	NO-RESOURCE-LOCAL-LICENSE-EVIDENCE
icons/sponsored/revenue_split.png	94390bce46b994669692708272717e63c5d253cf	651	icon	NO-RESOURCE-LOCAL-LICENSE-EVIDENCE
icons/sponsored/revenue_split@2x.png	23a23ff0a6cd7ebcc0fcd51d0449067aa354d924	1287	icon	NO-RESOURCE-LOCAL-LICENSE-EVIDENCE
icons/sponsored/revenue_split@3x.png	4086a7714e82a908e85e25e9306d8729a96a0774	1944	icon	NO-RESOURCE-LOCAL-LICENSE-EVIDENCE
icons/sponsored/withdrawals.png	4baf224d726c9fc409edee3d7212a421b70661f5	680	icon	NO-RESOURCE-LOCAL-LICENSE-EVIDENCE
icons/sponsored/withdrawals@2x.png	93d2225f1e19e6b165ca93b8c661a974d9c0129f	1289	icon	NO-RESOURCE-LOCAL-LICENSE-EVIDENCE
icons/sponsored/withdrawals@3x.png	8827877fcd43684fdd1663fb0b1730a24d7a6e79	2054	icon	NO-RESOURCE-LOCAL-LICENSE-EVIDENCE
icons/statistics/mini_currency_graph.png	cce4957b3b1ff168be1dc003ef7280fbafeafc5c	388	icon	NO-RESOURCE-LOCAL-LICENSE-EVIDENCE
icons/statistics/mini_currency_graph@2x.png	b48cf0572e41540bc1b6fdc973a96ebf7ef9ff4d	609	icon	NO-RESOURCE-LOCAL-LICENSE-EVIDENCE
icons/statistics/mini_currency_graph@3x.png	14cdf7ca3d2872946ffefcd8c3ce62c5185da8d6	893	icon	NO-RESOURCE-LOCAL-LICENSE-EVIDENCE
icons/statistics/mini_stats_like.png	0f21e72133263793ecc6dd62f6071d2847384cd8	497	icon	NO-RESOURCE-LOCAL-LICENSE-EVIDENCE
icons/statistics/mini_stats_like@2x.png	1c72c0131745b34aaffea3fabe343cab25ffa086	976	icon	NO-RESOURCE-LOCAL-LICENSE-EVIDENCE
icons/statistics/mini_stats_like@3x.png	5a02e90e0af9e95daa13f198d1433100d00e78ca	1357	icon	NO-RESOURCE-LOCAL-LICENSE-EVIDENCE
icons/statistics/mini_stats_share.png	17772dc3484d351a0002c13a5d605dffec2d95d8	465	icon	NO-RESOURCE-LOCAL-LICENSE-EVIDENCE
icons/statistics/mini_stats_share@2x.png	d5785b282e2194c9b320d52a192b249e6400b9f3	855	icon	NO-RESOURCE-LOCAL-LICENSE-EVIDENCE
icons/statistics/mini_stats_share@3x.png	8a0e1a72d645838f70c58e604859d59718733c45	1362	icon	NO-RESOURCE-LOCAL-LICENSE-EVIDENCE
icons/stickers_empty.png	88023220e67ed15ab7b3291d1c3dab57f8709d5d	1797	icon	NO-RESOURCE-LOCAL-LICENSE-EVIDENCE
icons/stickers_empty@2x.png	8f684d66c9fbfb175d2b8af9e94c8ead61862452	4223	icon	NO-RESOURCE-LOCAL-LICENSE-EVIDENCE
icons/stickers_empty@3x.png	3b093c0446a2f67de621dfc66c27288160e00be4	7188	icon	NO-RESOURCE-LOCAL-LICENSE-EVIDENCE
icons/stickers_reorder.png	0acfad2138f642ade908401e944563f0f337d913	206	icon	NO-RESOURCE-LOCAL-LICENSE-EVIDENCE
icons/stickers_reorder@2x.png	be85955050d45039e8a91ad47f83f9d4eaa68024	292	icon	NO-RESOURCE-LOCAL-LICENSE-EVIDENCE
icons/stickers_reorder@3x.png	c0b5e9a1115f288f71a37d7d52caf8fa314726f8	376	icon	NO-RESOURCE-LOCAL-LICENSE-EVIDENCE
icons/stories/boost_mini.png	90a24d8f10410ed262c46896bcf323543a904cf2	366	icon	NO-RESOURCE-LOCAL-LICENSE-EVIDENCE
icons/stories/boost_mini@2x.png	fd746a03ad095a0a6ae381461910e16e20893195	589	icon	NO-RESOURCE-LOCAL-LICENSE-EVIDENCE
icons/stories/boost_mini@3x.png	637a5716d5bbe0f88cc18863ae8a31896d9118f0	863	icon	NO-RESOURCE-LOCAL-LICENSE-EVIDENCE
icons/stories/boosts_mini.png	80c667ecc925aee7e1e52c961634c54ae3ff22b8	374	icon	NO-RESOURCE-LOCAL-LICENSE-EVIDENCE
icons/stories/boosts_mini@2x.png	95a8063967eb63a0fe98456c6a3f58ede1d23540	690	icon	NO-RESOURCE-LOCAL-LICENSE-EVIDENCE
icons/stories/boosts_mini@3x.png	423de820910c74308931d06baead868a87d93743	1030	icon	NO-RESOURCE-LOCAL-LICENSE-EVIDENCE
icons/stories/next.png	dd997b2d08ee91a322d9a8e0a1287e7313a292e2	438	icon	NO-RESOURCE-LOCAL-LICENSE-EVIDENCE
icons/stories/next@2x.png	82b819e9e5425e6beded44dc875b5ce9e67c4eb4	806	icon	NO-RESOURCE-LOCAL-LICENSE-EVIDENCE
icons/stories/next@3x.png	3550c8cce46ff4f8984db7b426c134d4579001a1	1260	icon	NO-RESOURCE-LOCAL-LICENSE-EVIDENCE
icons/stories/stealth_25m.png	77fb7fdbb5f874b226f85ed0812f6279619f78bf	885	icon	NO-RESOURCE-LOCAL-LICENSE-EVIDENCE
icons/stories/stealth_25m@2x.png	6ec9a01f7a9fea5a69b67c02dc457808b57ef4a6	1778	icon	NO-RESOURCE-LOCAL-LICENSE-EVIDENCE
icons/stories/stealth_25m@3x.png	e1601cd0ece743163f3429d8bbe5cd689cc21061	2566	icon	NO-RESOURCE-LOCAL-LICENSE-EVIDENCE
icons/stories/stealth_5m.png	51f1cdfc3b43b3df060ff7328aa69842ce040246	791	icon	NO-RESOURCE-LOCAL-LICENSE-EVIDENCE
icons/stories/stealth_5m@2x.png	dd0804feac5bd750936a23a93c6c570a59affd5f	1568	icon	NO-RESOURCE-LOCAL-LICENSE-EVIDENCE
icons/stories/stealth_5m@3x.png	c635dec9f23f0e1147a5886666627f11dce31dee	2309	icon	NO-RESOURCE-LOCAL-LICENSE-EVIDENCE
icons/stories/stealth_logo.png	10a249195359081142f13c54869a6d5821ae580f	1463	icon	NO-RESOURCE-LOCAL-LICENSE-EVIDENCE
icons/stories/stealth_logo@2x.png	4300b18f100b3d9863d75aa7a6e618823048844f	2836	icon	NO-RESOURCE-LOCAL-LICENSE-EVIDENCE
icons/stories/stealth_logo@3x.png	161618d2026318b47932dcdebc96b91058f15d9e	4385	icon	NO-RESOURCE-LOCAL-LICENSE-EVIDENCE
icons/theme_preview.png	605ce5eb5f8a688a966f684ec4b531746f1c740b	1556	icon	NO-RESOURCE-LOCAL-LICENSE-EVIDENCE
icons/theme_preview@2x.png	7a1868ddc4766f8fbfbd8eced7350a04ff4fce3c	3237	icon	NO-RESOURCE-LOCAL-LICENSE-EVIDENCE
icons/theme_preview@3x.png	6090ba7ca435d2d6e7542084e7e89619ca994748	5399	icon	NO-RESOURCE-LOCAL-LICENSE-EVIDENCE
icons/title_back.png	eec32bec07a95b53338b722bb935cf477c250a8c	250	icon	NO-RESOURCE-LOCAL-LICENSE-EVIDENCE
icons/title_back@2x.png	45a581d331b32a9761d21a1296afb6f365856a72	302	icon	NO-RESOURCE-LOCAL-LICENSE-EVIDENCE
icons/title_back@3x.png	5d366221af719ad3c8d6bf4d7bfc7cc92318e9c1	369	icon	NO-RESOURCE-LOCAL-LICENSE-EVIDENCE
icons/title_search.png	ce1325fe3ee3352d9e558b8f98ad6c52e5728495	415	icon	NO-RESOURCE-LOCAL-LICENSE-EVIDENCE
icons/title_search@2x.png	919ec048e773ddac69293dec222debf0beca2ac6	740	icon	NO-RESOURCE-LOCAL-LICENSE-EVIDENCE
icons/title_search@3x.png	3fb7dc9795b46c1130469f1890352f42d91fd71d	1084	icon	NO-RESOURCE-LOCAL-LICENSE-EVIDENCE
icons/toast/auction.png	41b34d5fe1d14326b30b6c3784aca0c0476c596e	605	icon	NO-RESOURCE-LOCAL-LICENSE-EVIDENCE
icons/toast/auction@2x.png	e03d6a987f98a94fc6173cd0a68459355c5f1c8a	1170	icon	NO-RESOURCE-LOCAL-LICENSE-EVIDENCE
icons/toast/auction@3x.png	8bf2db0ab2df9dd825a7aded2f0f5bf2088a6a48	1757	icon	NO-RESOURCE-LOCAL-LICENSE-EVIDENCE
icons/toast/check.svg	fbb3381f90d3e93fb5d5f78d4d8939379806bc56	1114	icon	NO-RESOURCE-LOCAL-LICENSE-EVIDENCE
icons/toast/info.png	b72bb26d6c8e8ddf3645e72452fdb22cd099ab8f	504	icon	NO-RESOURCE-LOCAL-LICENSE-EVIDENCE
icons/toast/info@2x.png	39afc700db47c6cbd2d4f91478d1303558c37007	992	icon	NO-RESOURCE-LOCAL-LICENSE-EVIDENCE
icons/toast/info@3x.png	f00a472dfbf6d5fdba28a0509d092407d22407c0	1543	icon	NO-RESOURCE-LOCAL-LICENSE-EVIDENCE
icons/toast/star.svg	2e8ad94b7ed8a14884219991098135ae86cc9181	2540	icon	NO-RESOURCE-LOCAL-LICENSE-EVIDENCE
icons/top_bar_call.png	0e0207b1e7040ecb454449fae1a683919ae1e21b	487	icon	NO-RESOURCE-LOCAL-LICENSE-EVIDENCE
icons/top_bar_call@2x.png	bdc074cfc03a4209bcbaa6988dcc309a2dbbce69	872	icon	NO-RESOURCE-LOCAL-LICENSE-EVIDENCE
icons/top_bar_call@3x.png	c7ef9a3b05f6902a563f7b147556a80459c722fc	1252	icon	NO-RESOURCE-LOCAL-LICENSE-EVIDENCE
icons/top_bar_group_call.png	9c58f501850b0919757cf039a4252dedbf8d021b	650	icon	NO-RESOURCE-LOCAL-LICENSE-EVIDENCE
icons/top_bar_group_call@2x.png	275da87ff479d627329dd4e9991ca9a0d2ea269b	1058	icon	NO-RESOURCE-LOCAL-LICENSE-EVIDENCE
icons/top_bar_group_call@3x.png	a7e243ba178b2e5fcb4f1b019ff2d64094c70ded	1619	icon	NO-RESOURCE-LOCAL-LICENSE-EVIDENCE
icons/top_bar_profile.png	61f61ff2bd6c3e3951362ed5ef171e0883edbe8c	423	icon	NO-RESOURCE-LOCAL-LICENSE-EVIDENCE
icons/top_bar_profile@2x.png	69654802b1b3b7f5b8a00e2896f606338f9fc5d5	621	icon	NO-RESOURCE-LOCAL-LICENSE-EVIDENCE
icons/top_bar_profile@3x.png	e5a9eb106500d724cc34dc6dba3801b03f2448ee	826	icon	NO-RESOURCE-LOCAL-LICENSE-EVIDENCE
icons/top_bar_search.png	8ebbca44d5caaffe844c0da90c60b9ef370527f9	467	icon	NO-RESOURCE-LOCAL-LICENSE-EVIDENCE
icons/top_bar_search@2x.png	a5c566be6eed948408d7bb6bfd2999789d3500f7	780	icon	NO-RESOURCE-LOCAL-LICENSE-EVIDENCE
icons/top_bar_search@3x.png	998ae3c7e55f859212cc76eb87ee04274fc098e9	1174	icon	NO-RESOURCE-LOCAL-LICENSE-EVIDENCE
icons/tray_monochrome.svg	b960a4afd36b27ce59668b82343f43f9cede19a5	1550	icon	NO-RESOURCE-LOCAL-LICENSE-EVIDENCE
icons/tray_monochrome_attention.svg	95b8c2cfafd3789d190e7a1e12bded0a2250e46e	1621	icon	NO-RESOURCE-LOCAL-LICENSE-EVIDENCE
icons/tray_monochrome_mute.svg	448f6990b2b7722ab617940f386b3b2ccafb61e7	1607	icon	NO-RESOURCE-LOCAL-LICENSE-EVIDENCE
icons/upload_chat_photo.png	c17cfb65477fa3328fbc98d871e25beb3004c5e5	425	icon	NO-RESOURCE-LOCAL-LICENSE-EVIDENCE
icons/upload_chat_photo@2x.png	43d87f3f159314a4589fa168e59d85b87a267bdd	873	icon	NO-RESOURCE-LOCAL-LICENSE-EVIDENCE
icons/upload_chat_photo@3x.png	d7474050f842579c056faf67aeac96745889c46b	1371	icon	NO-RESOURCE-LOCAL-LICENSE-EVIDENCE
icons/voice_lock/audio_once_bg.png	62778676ce6400ba75ae200f873734be4be7d0ff	496	icon	NO-RESOURCE-LOCAL-LICENSE-EVIDENCE
icons/voice_lock/audio_once_bg@2x.png	225d6af3b8da0d7bebd0f07b0fa325f91ba8aa95	895	icon	NO-RESOURCE-LOCAL-LICENSE-EVIDENCE
icons/voice_lock/audio_once_bg@3x.png	1d82b2d6e73cd0cec973a1b417096b19ab1e17d7	1304	icon	NO-RESOURCE-LOCAL-LICENSE-EVIDENCE
icons/voice_lock/audio_once_number.png	61e22f105da97f4ed4b33d91552f4b9cd957ce76	269	icon	NO-RESOURCE-LOCAL-LICENSE-EVIDENCE
icons/voice_lock/audio_once_number@2x.png	15047cb489de2c2d3655642ee1b618a6d63b20d9	389	icon	NO-RESOURCE-LOCAL-LICENSE-EVIDENCE
icons/voice_lock/audio_once_number@3x.png	6e39511e17a9cc3d47e44d8e9ecab7656e4728ff	529	icon	NO-RESOURCE-LOCAL-LICENSE-EVIDENCE
icons/voice_lock/input_mic_s.png	86c1146a5d5dd62f96e32dc2a6d7e02726a30c3c	528	icon	NO-RESOURCE-LOCAL-LICENSE-EVIDENCE
icons/voice_lock/input_mic_s@2x.png	e70fd6a669030d8354d094f06cb58e3e9dcb6406	1031	icon	NO-RESOURCE-LOCAL-LICENSE-EVIDENCE
icons/voice_lock/input_mic_s@3x.png	d7a4ad981409574118af5f6bd24c43dc510cf3ce	1588	icon	NO-RESOURCE-LOCAL-LICENSE-EVIDENCE
icons/voice_lock/input_round_s.png	549dd1ab1823cc0fd33cc22bfd130ecfc95a1904	498	icon	NO-RESOURCE-LOCAL-LICENSE-EVIDENCE
icons/voice_lock/input_round_s@2x.png	4ab801a465afd8bf21ac8effd457514359a4f28b	1097	icon	NO-RESOURCE-LOCAL-LICENSE-EVIDENCE
icons/voice_lock/input_round_s@3x.png	878aa7e6a1369bfe370b2a5ee6749ede84e51aaa	1655	icon	NO-RESOURCE-LOCAL-LICENSE-EVIDENCE
icons/voice_lock/record_lock_body.png	e6e25e290348d8a4e09042f3acb10ef1b5aa85ec	1956	icon	NO-RESOURCE-LOCAL-LICENSE-EVIDENCE
icons/voice_lock/record_lock_body@2x.png	2ac328fef0867cf5ecc278fcbf00a680666fe12b	1961	icon	NO-RESOURCE-LOCAL-LICENSE-EVIDENCE
icons/voice_lock/record_lock_body@3x.png	0f12933eb4605a51d271538ecfd292cf534f62d2	1972	icon	NO-RESOURCE-LOCAL-LICENSE-EVIDENCE
icons/voice_lock/record_lock_body_shadow.png	884d7a81c541dfbe82b4a133310c0c3b4058179f	1983	icon	NO-RESOURCE-LOCAL-LICENSE-EVIDENCE
icons/voice_lock/record_lock_body_shadow@2x.png	f2173f10dec1c232d6478294a44747cf1ae72c49	2008	icon	NO-RESOURCE-LOCAL-LICENSE-EVIDENCE
icons/voice_lock/record_lock_body_shadow@3x.png	cfefa592cbf8fddb277ca556b68250179702022f	2016	icon	NO-RESOURCE-LOCAL-LICENSE-EVIDENCE
icons/voice_lock/record_lock_bottom.png	882e925e6603113ddf36fcff5c43f08750db3fc4	2393	icon	NO-RESOURCE-LOCAL-LICENSE-EVIDENCE
icons/voice_lock/record_lock_bottom@2x.png	bad5a987a06d3d78a0b98aa90c3c47c29886a2a4	2693	icon	NO-RESOURCE-LOCAL-LICENSE-EVIDENCE
icons/voice_lock/record_lock_bottom@3x.png	ce162a65dd9c8d55cc454ea13b10f735694a5e39	3014	icon	NO-RESOURCE-LOCAL-LICENSE-EVIDENCE
icons/voice_lock/record_lock_bottom_shadow.png	b675e122cb5022a24fca487a5a68758910f6cc94	2774	icon	NO-RESOURCE-LOCAL-LICENSE-EVIDENCE
icons/voice_lock/record_lock_bottom_shadow@2x.png	073d169d5b9d5ae8503b64f37c6d97da8297b198	3510	icon	NO-RESOURCE-LOCAL-LICENSE-EVIDENCE
icons/voice_lock/record_lock_bottom_shadow@3x.png	3da36093391d03742423618223783e47c50955cf	4285	icon	NO-RESOURCE-LOCAL-LICENSE-EVIDENCE
icons/voice_lock/record_lock_top.png	198615edf623f82cc3e3defae843d4e81c168d06	2386	icon	NO-RESOURCE-LOCAL-LICENSE-EVIDENCE
icons/voice_lock/record_lock_top@2x.png	06ce004e2eb557d9b593ccfb9abb3229eb72a8c5	2685	icon	NO-RESOURCE-LOCAL-LICENSE-EVIDENCE
icons/voice_lock/record_lock_top@3x.png	00998824e402f025196a0a209a96062b0772c13a	2995	icon	NO-RESOURCE-LOCAL-LICENSE-EVIDENCE
icons/voice_lock/record_lock_top_shadow.png	69bf37e51ebe9971eae3925dd27da499ff1fab55	2629	icon	NO-RESOURCE-LOCAL-LICENSE-EVIDENCE
icons/voice_lock/record_lock_top_shadow@2x.png	f35d3240c73224c4af30c2b26125243ca3f99e2a	3380	icon	NO-RESOURCE-LOCAL-LICENSE-EVIDENCE
icons/voice_lock/record_lock_top_shadow@3x.png	96660d2d26ff54f68321769ff8083fe597d71fe6	4139	icon	NO-RESOURCE-LOCAL-LICENSE-EVIDENCE
icons/voice_lock/recorded_delete.png	f204f8f2206338ead7b6064d93547a8490ff43e8	614	icon	NO-RESOURCE-LOCAL-LICENSE-EVIDENCE
icons/voice_lock/recorded_delete@2x.png	8bebe1a61bb735034f539f35c930514b00020427	1112	icon	NO-RESOURCE-LOCAL-LICENSE-EVIDENCE
icons/voice_lock/recorded_delete@3x.png	db0067c534ed82bdcff4bcd50e337d90956e69fb	1556	icon	NO-RESOURCE-LOCAL-LICENSE-EVIDENCE
icons/voice_lock/voice_arrow.png	5e5286ac92f1656ee1166a03cf20a900b200c709	311	icon	NO-RESOURCE-LOCAL-LICENSE-EVIDENCE
icons/voice_lock/voice_arrow@2x.png	951a16fef7a9d1b305fa6247b8c087f461ddcd5b	512	icon	NO-RESOURCE-LOCAL-LICENSE-EVIDENCE
icons/voice_lock/voice_arrow@3x.png	ee8ad9b2997bc131ceec5ab59d1e91d6c49d0729	691	icon	NO-RESOURCE-LOCAL-LICENSE-EVIDENCE
icons/volume_mute.png	ed5e60219c8a756b10b39f7a6ef4a029d34be042	147	icon	NO-RESOURCE-LOCAL-LICENSE-EVIDENCE
icons/volume_mute@2x.png	b918f694c6b7589846dea5473f27e2cdf7b9bb65	206	icon	NO-RESOURCE-LOCAL-LICENSE-EVIDENCE
icons/volume_mute@3x.png	f452b355787f03a941e1a192f6a0de18e55c3828	490	icon	NO-RESOURCE-LOCAL-LICENSE-EVIDENCE
icons/win_quit.png	a823f133e81b47e7d767c0bb3abbc9f0deedc772	406	icon	NO-RESOURCE-LOCAL-LICENSE-EVIDENCE
icons/win_quit@2x.png	569097eda9395ba7da7e94a75bfc6030d794d739	686	icon	NO-RESOURCE-LOCAL-LICENSE-EVIDENCE
icons/win_quit@3x.png	c11e92bb2a5a9932bc3afbcc025541fd490b3b38	952	icon	NO-RESOURCE-LOCAL-LICENSE-EVIDENCE
icons/window_shadow.png	88f5ee95a5bbabf379b7d2cb6a2bdcaa5ebb79fc	225	icon	NO-RESOURCE-LOCAL-LICENSE-EVIDENCE
icons/window_shadow@2x.png	d2e968fdb76e700b7194020b99dde40d8cd116a8	372	icon	NO-RESOURCE-LOCAL-LICENSE-EVIDENCE
icons/window_shadow@3x.png	6864b179e9d41bce40bfc55693fe51950e238944	593	icon	NO-RESOURCE-LOCAL-LICENSE-EVIDENCE
langs/cloud_lang.strings	3776c023a4cc526dd448156e7c4babffdbc8ac18	9270	langs	NO-RESOURCE-LOCAL-LICENSE-EVIDENCE
langs/de.lproj/Localizable.strings	d79cf777b727bce41bc3d451bbe2a310368e8eaa	240	langs	NO-RESOURCE-LOCAL-LICENSE-EVIDENCE
langs/en.lproj/Localizable.strings	d79cf777b727bce41bc3d451bbe2a310368e8eaa	240	langs	NO-RESOURCE-LOCAL-LICENSE-EVIDENCE
langs/es.lproj/Localizable.strings	d79cf777b727bce41bc3d451bbe2a310368e8eaa	240	langs	NO-RESOURCE-LOCAL-LICENSE-EVIDENCE
langs/it.lproj/Localizable.strings	d79cf777b727bce41bc3d451bbe2a310368e8eaa	240	langs	NO-RESOURCE-LOCAL-LICENSE-EVIDENCE
langs/ko.lproj/Localizable.strings	d79cf777b727bce41bc3d451bbe2a310368e8eaa	240	langs	NO-RESOURCE-LOCAL-LICENSE-EVIDENCE
langs/lang.strings	d63b4f741b2f2fae6a5bef691bae428f1c625fc3	556174	langs	NO-RESOURCE-LOCAL-LICENSE-EVIDENCE
langs/nl.lproj/Localizable.strings	d79cf777b727bce41bc3d451bbe2a310368e8eaa	240	langs	NO-RESOURCE-LOCAL-LICENSE-EVIDENCE
langs/pt-BR.lproj/Localizable.strings	d79cf777b727bce41bc3d451bbe2a310368e8eaa	240	langs	NO-RESOURCE-LOCAL-LICENSE-EVIDENCE
langs/refresh.py	94449f1dcc3b8b6d08bb0203372d4904db485581	758	langs	NO-RESOURCE-LOCAL-LICENSE-EVIDENCE
langs/refresh.sh	cd705f35fc54c0bfcc1c71dbac42f9118406de98	617	langs	NO-RESOURCE-LOCAL-LICENSE-EVIDENCE
langs/stale.py	7b219f2c708708626fb4192147514e080f3ef267	365	langs	NO-RESOURCE-LOCAL-LICENSE-EVIDENCE
night-custom-base.tdesktop-theme	5fc6424ae95aff90aad8763baa1e905cb18b9a13	9091	theme	NO-RESOURCE-LOCAL-LICENSE-EVIDENCE
night-green.tdesktop-theme	a60d844be5fb5f709e7af7a7b2fc2be9fd8e57dc	8912	theme	NO-RESOURCE-LOCAL-LICENSE-EVIDENCE
night.tdesktop-theme	96f788d13efeb7264f40f86ea39f1cb573a4dc12	8989	theme	NO-RESOURCE-LOCAL-LICENSE-EVIDENCE
numbers.txt	c9335f9d4a78a77a88f560590a1408b7e1510dd3	6853	numbers.txt	NO-RESOURCE-LOCAL-LICENSE-EVIDENCE
picker_html/picker.css	ac3d5912b1a2721bf092d43f3c55c20ab7f4bead	2596	picker_html	NO-RESOURCE-LOCAL-LICENSE-EVIDENCE
picker_html/picker.js	628a22463760fe361728dcfe2f31df250a1b7ac9	5940	picker_html	NO-RESOURCE-LOCAL-LICENSE-EVIDENCE
qrc/emoji_1.qrc	867322745728edd4d07bee9af8bde4476c1bf8c0	122	qrc	NO-RESOURCE-LOCAL-LICENSE-EVIDENCE
qrc/emoji_2.qrc	3698dd36b5a43d417ef25d963f2337a54edbc5ae	122	qrc	NO-RESOURCE-LOCAL-LICENSE-EVIDENCE
qrc/emoji_3.qrc	2e5bd0b071943e2d9fbf4213dd8cfd17f33a1172	122	qrc	NO-RESOURCE-LOCAL-LICENSE-EVIDENCE
qrc/emoji_4.qrc	a5c16afd85a99ebf0ada000858516cd4d0649a9f	122	qrc	NO-RESOURCE-LOCAL-LICENSE-EVIDENCE
qrc/emoji_5.qrc	d0905627755f1570a92d7436d889d531e949ad7e	122	qrc	NO-RESOURCE-LOCAL-LICENSE-EVIDENCE
qrc/emoji_6.qrc	de19569bd9031b30f0de47ef2501bea97977e8bd	122	qrc	NO-RESOURCE-LOCAL-LICENSE-EVIDENCE
qrc/emoji_7.qrc	744094fba06ea2430f7f5bb6cff5f1cd1782a329	122	qrc	NO-RESOURCE-LOCAL-LICENSE-EVIDENCE
qrc/emoji_8.qrc	51765a39b6242488458f3f1d3d5725e907e29c30	122	qrc	NO-RESOURCE-LOCAL-LICENSE-EVIDENCE
qrc/emoji_preview.qrc	238abec17e92f47988ec079618a0c3e897d715c1	360	qrc	NO-RESOURCE-LOCAL-LICENSE-EVIDENCE
qrc/telegram/animations.qrc	d160a9ba3d80df016ebd123cef16cefd648c8864	9262	qrc	NO-RESOURCE-LOCAL-LICENSE-EVIDENCE
qrc/telegram/bot_webview_shell.qrc	c19383ac04905224a5cdd1843ed4cbfc1c8b16ca	286	qrc	NO-RESOURCE-LOCAL-LICENSE-EVIDENCE
qrc/telegram/export.qrc	e3656ae94415ba40728bd994171b068b99441e7c	4159	qrc	NO-RESOURCE-LOCAL-LICENSE-EVIDENCE
qrc/telegram/export_rich.qrc	25ad8decdf81d14f91c10bdbd5c21b07ba2af504	230	qrc	NO-RESOURCE-LOCAL-LICENSE-EVIDENCE
qrc/telegram/mac_icons.qrc	977b0c8ed40525587554117c5d0e607759b49613	137	qrc	NO-RESOURCE-LOCAL-LICENSE-EVIDENCE
qrc/telegram/picker.qrc	10a810aa919ce9060884023118a77c866c96b6ba	187	qrc	NO-RESOURCE-LOCAL-LICENSE-EVIDENCE
qrc/telegram/sounds.qrc	1ffc48b05210e6e507daa9cabdf414359fd4cc13	905	qrc	NO-RESOURCE-LOCAL-LICENSE-EVIDENCE
qrc/telegram/telegram.qrc	6c966a19f3625c1c78628b8d21820623412ba2e1	7365	qrc	NO-RESOURCE-LOCAL-LICENSE-EVIDENCE
sounds/call_busy.mp3	96827921515a684a343572881624180a0defbcea	85889	sound	NO-RESOURCE-LOCAL-LICENSE-EVIDENCE
sounds/call_connect.mp3	5db9355ea7e591947cc8bff1cd23af556552ff66	27584	sound	NO-RESOURCE-LOCAL-LICENSE-EVIDENCE
sounds/call_end.mp3	177373e77736d03b8e40b8377e608d4beb523027	25703	sound	NO-RESOURCE-LOCAL-LICENSE-EVIDENCE
sounds/call_incoming.mp3	932a00b2da75aa49a486bf66d6c437310efd4e18	50154	sound	NO-RESOURCE-LOCAL-LICENSE-EVIDENCE
sounds/call_outgoing.mp3	16125a94535b0c3b7f445fa8f802b2b931d5eb92	66454	sound	NO-RESOURCE-LOCAL-LICENSE-EVIDENCE
sounds/group_call_allowed.mp3	b5dfaa606c912db5c22a97611a8a5755bbc1a702	15744	sound	NO-RESOURCE-LOCAL-LICENSE-EVIDENCE
sounds/group_call_connect.mp3	4e0f60b4f1ea81e3f6549ec95f909fd5543f317c	43200	sound	NO-RESOURCE-LOCAL-LICENSE-EVIDENCE
sounds/group_call_end.mp3	c03390958786c2c626c8b339a6bea2648f8567fe	9600	sound	NO-RESOURCE-LOCAL-LICENSE-EVIDENCE
sounds/group_call_recording_start.mp3	0060e82c3737b9fefb3d3cc59a240cfdcf458f54	17616	sound	NO-RESOURCE-LOCAL-LICENSE-EVIDENCE
sounds/group_call_start.mp3	527959c9da07445b3b328b093a044879d5c0753d	18240	sound	NO-RESOURCE-LOCAL-LICENSE-EVIDENCE
sounds/msg_incoming.mp3	97a035320c074b41b125e99457ec68a8401432db	34480	sound	NO-RESOURCE-LOCAL-LICENSE-EVIDENCE
update/.gitattributes	f0af3029f5c3824c8caae12a4a3c3320880136c5	42	update	NO-RESOURCE-LOCAL-LICENSE-EVIDENCE
update/manifest.min.json	c7e2beb0fa25864c6ac6835879abb94c18973bab	818	update	NO-RESOURCE-LOCAL-LICENSE-EVIDENCE
update/manifest.sig	614df02dd3e2ec64fe36026221ca334905af0d37	64	update	NO-RESOURCE-LOCAL-LICENSE-EVIDENCE
update/root-public.pem	a5028f6d605fcb57d6240708720dc839954fbd94	113	update	NO-RESOURCE-LOCAL-LICENSE-EVIDENCE
uwp/AppX/AppxManifest.xml	4c93f23a9f862c9eeb52db30e5ab59e63207ea46	2429	uwp	NO-RESOURCE-LOCAL-LICENSE-EVIDENCE
uwp/AppX/Assets/logo/logo.scale-100.png	bcef395024408c7fcae86505fcb7327da17d19f4	1853	uwp	NO-RESOURCE-LOCAL-LICENSE-EVIDENCE
uwp/AppX/Assets/logo/logo.scale-125.png	06a639aa2d2cddced753e534e1cb662cbdb0e09a	2405	uwp	NO-RESOURCE-LOCAL-LICENSE-EVIDENCE
uwp/AppX/Assets/logo/logo.scale-150.png	438733331973256b7f4a293c8a2779c7c1ebf6af	2895	uwp	NO-RESOURCE-LOCAL-LICENSE-EVIDENCE
uwp/AppX/Assets/logo/logo.scale-200.png	588876fac5d4c7953750872a80f0e43c9d78183b	3974	uwp	NO-RESOURCE-LOCAL-LICENSE-EVIDENCE
uwp/AppX/Assets/logo/logo.scale-400.png	0a7cf2e48171a8d0db4850b633e40ac0d7825036	8721	uwp	NO-RESOURCE-LOCAL-LICENSE-EVIDENCE
uwp/AppX/Assets/logo150/logo150.scale-100.png	9af6c1fd9129fff213b3fbd76d011739a5889e29	6362	uwp	NO-RESOURCE-LOCAL-LICENSE-EVIDENCE
uwp/AppX/Assets/logo150/logo150.scale-125.png	e475d521e3581a89c06c1e09cd9419219db8a10e	8236	uwp	NO-RESOURCE-LOCAL-LICENSE-EVIDENCE
uwp/AppX/Assets/logo150/logo150.scale-150.png	debc6bb9fa68a3c3f31f1d0a99ca0cf41c41058a	10231	uwp	NO-RESOURCE-LOCAL-LICENSE-EVIDENCE
uwp/AppX/Assets/logo150/logo150.scale-200.png	66c1e11264ebc16e4eb5a11b66a4953118573222	14629	uwp	NO-RESOURCE-LOCAL-LICENSE-EVIDENCE
uwp/AppX/Assets/logo150/logo150.scale-400.png	b1859e8e5b051c3f1886aef24f0501a2fd257158	35436	uwp	NO-RESOURCE-LOCAL-LICENSE-EVIDENCE
uwp/AppX/Assets/logo44/logo44.scale-100.png	356eb2f5938f43aa848e77685a068d2c0e94f39e	2044	uwp	NO-RESOURCE-LOCAL-LICENSE-EVIDENCE
uwp/AppX/Assets/logo44/logo44.scale-125.png	7f181a853ccd28577809874bb56a968682135142	2603	uwp	NO-RESOURCE-LOCAL-LICENSE-EVIDENCE
uwp/AppX/Assets/logo44/logo44.scale-150.png	9cdf8619ce23af480f20695445832a80546824e7	3212	uwp	NO-RESOURCE-LOCAL-LICENSE-EVIDENCE
uwp/AppX/Assets/logo44/logo44.scale-200.png	69797c2a097fcef0df78de43a4ebf7eb4a78b16b	4341	uwp	NO-RESOURCE-LOCAL-LICENSE-EVIDENCE
uwp/AppX/Assets/logo44/logo44.scale-400.png	446a3f9bd8ca7ce633e837ffdb55ca83f89ee969	9676	uwp	NO-RESOURCE-LOCAL-LICENSE-EVIDENCE
uwp/AppX/Assets/logo44/logo44.targetsize-16.png	5e48b9b5cdaa52cf50f297895896b86369cd7901	640	uwp	NO-RESOURCE-LOCAL-LICENSE-EVIDENCE
uwp/AppX/Assets/logo44/logo44.targetsize-16_altform-unplated.png	561369d2b2688cc3799fc2b7a7a2f918d99cc155	2564	uwp	NO-RESOURCE-LOCAL-LICENSE-EVIDENCE
uwp/AppX/Assets/logo44/logo44.targetsize-20.png	bbd5358b83659ca7c608fdab3b752c767fe13032	816	uwp	NO-RESOURCE-LOCAL-LICENSE-EVIDENCE
uwp/AppX/Assets/logo44/logo44.targetsize-20_altform-unplated.png	c3f41816f7a389ef016989b1ba1d63ad633a051d	867	uwp	NO-RESOURCE-LOCAL-LICENSE-EVIDENCE
uwp/AppX/Assets/logo44/logo44.targetsize-24.png	279fbfe4ad08b7fdaf0c04fadbc0e74d5455163d	1026	uwp	NO-RESOURCE-LOCAL-LICENSE-EVIDENCE
uwp/AppX/Assets/logo44/logo44.targetsize-24_altform-unplated.png	ecd9f973e98c8ceef917f4e1d161a404f1ed7079	1046	uwp	NO-RESOURCE-LOCAL-LICENSE-EVIDENCE
uwp/AppX/Assets/logo44/logo44.targetsize-256.png	209554841b949000e7be34b041d138b1a9a3f8ef	14991	uwp	NO-RESOURCE-LOCAL-LICENSE-EVIDENCE
uwp/AppX/Assets/logo44/logo44.targetsize-256_altform-unplated.png	8c4abee16dec0836f615df7266b234bc7a0ec033	20473	uwp	NO-RESOURCE-LOCAL-LICENSE-EVIDENCE
uwp/AppX/Assets/logo44/logo44.targetsize-30.png	7dfb4ba8882b434b6a3233aa548f6c1fb99e28cd	1333	uwp	NO-RESOURCE-LOCAL-LICENSE-EVIDENCE
uwp/AppX/Assets/logo44/logo44.targetsize-30_altform-unplated.png	fde2f3df4030b84496ca0b5eee768d9c7a50058b	1347	uwp	NO-RESOURCE-LOCAL-LICENSE-EVIDENCE
uwp/AppX/Assets/logo44/logo44.targetsize-32.png	ebf20a945a4b9ecdd1b061c5d2236a8142bb39c1	1436	uwp	NO-RESOURCE-LOCAL-LICENSE-EVIDENCE
uwp/AppX/Assets/logo44/logo44.targetsize-32_altform-unplated.png	cff636894428e42c4fa5a063e3aa472c4bded8fc	3481	uwp	NO-RESOURCE-LOCAL-LICENSE-EVIDENCE
uwp/AppX/Assets/logo44/logo44.targetsize-36.png	bfacee66adee8a03e79fdaacf3ba2a4412b376e1	1628	uwp	NO-RESOURCE-LOCAL-LICENSE-EVIDENCE
uwp/AppX/Assets/logo44/logo44.targetsize-36_altform-unplated.png	545a02737c3368ab353b450470dc8416dae1621a	1611	uwp	NO-RESOURCE-LOCAL-LICENSE-EVIDENCE
uwp/AppX/Assets/logo44/logo44.targetsize-40.png	ab10f91a91364eed4809d0865aec1d1da7bfadb6	1841	uwp	NO-RESOURCE-LOCAL-LICENSE-EVIDENCE
uwp/AppX/Assets/logo44/logo44.targetsize-40_altform-unplated.png	e9175051f41cc616aadd16063fef916a58fbd1b7	1777	uwp	NO-RESOURCE-LOCAL-LICENSE-EVIDENCE
uwp/AppX/Assets/logo44/logo44.targetsize-48.png	06cf7b6b034a322e94181ecad78f849a5efd78fd	2237	uwp	NO-RESOURCE-LOCAL-LICENSE-EVIDENCE
uwp/AppX/Assets/logo44/logo44.targetsize-48_altform-unplated.png	5ad533ecc11e26e009e11b81ff52ab06f2aaf3a7	2047	uwp	NO-RESOURCE-LOCAL-LICENSE-EVIDENCE
uwp/AppX/Assets/logo44/logo44.targetsize-60.png	a01bd37fd7763172c2bb6e1538d08f9e1d95a2a4	2872	uwp	NO-RESOURCE-LOCAL-LICENSE-EVIDENCE
uwp/AppX/Assets/logo44/logo44.targetsize-60_altform-unplated.png	80c2aa5e4e83aa3c45d5d41deb9d010cdaacdaf8	2853	uwp	NO-RESOURCE-LOCAL-LICENSE-EVIDENCE
uwp/AppX/Assets/logo44/logo44.targetsize-64.png	8ef2225fe80329ac11ae2cdeca2da26bddf36420	3095	uwp	NO-RESOURCE-LOCAL-LICENSE-EVIDENCE
uwp/AppX/Assets/logo44/logo44.targetsize-64_altform-unplated.png	b201e31ee0327d581556e8f73033fb41e44ade8f	5613	uwp	NO-RESOURCE-LOCAL-LICENSE-EVIDENCE
uwp/AppX/Assets/logo44/logo44.targetsize-72.png	d19ec6ba549930830029d0b88ee60e9a9f6f9b20	3510	uwp	NO-RESOURCE-LOCAL-LICENSE-EVIDENCE
uwp/AppX/Assets/logo44/logo44.targetsize-72_altform-unplated.png	19a4c509808218f52ca1a542986ddea2c62da177	3354	uwp	NO-RESOURCE-LOCAL-LICENSE-EVIDENCE
uwp/AppX/Assets/logo44/logo44.targetsize-80.png	19acbf90431fa7426fef2da9e597bac239c613df	3910	uwp	NO-RESOURCE-LOCAL-LICENSE-EVIDENCE
uwp/AppX/Assets/logo44/logo44.targetsize-80_altform-unplated.png	59a002559df75ed92cc645d3c768fab8e8969e20	3639	uwp	NO-RESOURCE-LOCAL-LICENSE-EVIDENCE
uwp/AppX/Assets/logo44/logo44.targetsize-96.png	419e5e87598e1fabef4f24738901c90c69fba5e0	4835	uwp	NO-RESOURCE-LOCAL-LICENSE-EVIDENCE
uwp/AppX/Assets/logo44/logo44.targetsize-96_altform-unplated.png	81d1c89c2fc989c73b40ed5c2bb9b7250cfbb301	4476	uwp	NO-RESOURCE-LOCAL-LICENSE-EVIDENCE
uwp/priconfig.xml	e478fcd59031b33f3900bb5e6f2719ca77ec7ac5	1017	uwp	NO-RESOURCE-LOCAL-LICENSE-EVIDENCE
winrc/Telegram.manifest	014c43ed54a3777ef681d63879fba3fb948c80ab	1157	winrc	NO-RESOURCE-LOCAL-LICENSE-EVIDENCE
winrc/Telegram.rc	28abde8cdc8d99796e7020f6991b4699b0c9b868	2037	winrc	NO-RESOURCE-LOCAL-LICENSE-EVIDENCE
winrc/Updater.rc	585db786ad790abd6dbef5d5fc81f6d810ab35ff	1773	winrc	NO-RESOURCE-LOCAL-LICENSE-EVIDENCE
